SampleID,label,Influenza,BioProject,HostGroup,HostType,Season,Age,Sex,Feeding,Species,Location,month,Sphingobacterium__4966214a,Pedobacter__e5eb02f3,Sphingobacteriaceae__736f2237,Parabacteroides__ef4b9171,Bacteroides__a13d2ac8,Prevotellaceae_Ga6A1_group__408c8c2d,Prevotellaceae__282df84e,Incertae_Sedis__32018bce,Prevotella__8ef7520d,Porphyromonas__c465f577,Bacteroidales__8e7f285d,H1__5c1b884f,Flavobacterium__63d393fc,Atopobium__81d6cbdb,Arcanobacterium__4c9ad755,Micrococcales__9eb9acee,Rothia__da821e0a,Lawsonella__30d3ed51,Varibaculum__84b87a55,Schaalia__ed995199,Stenotrophomonas__a6eadb2d,Escherichia-Shigella__6e37ae39,Pasteurellaceae__5a64a6f1,Psittacicella__f8bb29a5,Comamonadaceae__c51976b3,Moraxella__00b629e3,Pseudomonas__13b2a473,Halomonas__7333e261,unclassified__0c9e3ed5,Fusibacter__adc4c72e,Desulfovibrio__5d53bfb2,Brevundimonas__da6b37f3,Methylobacterium__1458f1e7,Clostridium__98fcf594,Bacillota__9ccfad18,Mageeibacillus__816bc635,Colidextribacter__d74cd658,UCG-005__4ce32c4e,Oscillospiraceae__ca53da73,Faecalibacterium__a50e8f12,Incertae_Sedis__efb1124a,Ruminococcaceae__0775e59c,Caecibacterium__9265d514,Campylobacter__af35970d,Helicobacter__acc07901,Lachnospiraceae_UCG-010__5bd5c394,Lachnospiraceae__cafeeea8,Incertae_Sedis__03d08b31,Peptoniphilus__172051db,Parvimonas__e9165b84,Peptococcus__e616d0c9,Candidatus_Arthromitus__04c4a458,Streptococcus__bf0a5e99,Gemella__da6858e2,Staphylococcus__463b2f04,Catellicoccus__f52c8cce,Lactobacillales__8ad1796f,Mycoplasmataceae__8e450566,Thomasclavelia__c4abcba6,Incertae_Sedis__b81519f9,Megamonas__97771191,Veillonellaceae__e56b0756,Veillonellales-Selenomonadales__eb04e82f,Veillonella__6718eb07,Phascolarctobacterium__1683506d,Fusobacterium__0daf4b3d,Incertae_Sedis__c3a9c557,Oceanivirga__5702680e,Leptotrichiaceae__d27439ff,Cetobacterium__024cc2ba
SRR7146574,1,Pos,PRJNA464410,Duck,Duck,S,A,M,dabbling,Anasplatyrhynchos,"MandevilleIsland,SanJoaquinCounty",8.0,4,0,4,0,33,0,0,0,4,88,12,0,178,349,11,0,0,0,6,0,0,31,0,0,6,0,26,5,5,0,16,12,0,10,0,7,0,0,29,0,0,229,25,505,0,35,867,0,11,206,14,11,669,0,7,0,880,0,0,24,89,459,0,0,0,14,66,6,36,0
SRR7146575,1,Pos,PRJNA464410,Duck,Duck,S,H,M,dabbling,Anasplatyrhynchos,"GrizzlyIslandWildlifeArea(GIWA),SolanoCounty",7.0,0,0,0,89,868,736,96,0,0,0,81,0,93,0,0,25,0,0,0,0,0,0,0,8,0,0,4,0,0,0,56,9,0,0,41,0,104,32,309,145,49,479,0,309,29,314,483,7,0,53,19,0,26,0,0,0,4,0,262,0,0,0,0,0,52,0,0,0,40,0
SRR7146576,0,Neg,PRJNA464410,Duck,Duck,FW,A,M,filter,Anasclypeata,"SacramentoNationalWildlifeRefuge,GlennCounty",1.0,3,1,0,0,29,0,0,0,0,32,8,0,18,0,0,4,0,0,0,0,0,0,0,89,0,0,4,4,0,90,0,0,0,0,1,8,3,0,0,0,1,0,22,4544,0,0,27,0,4,2,2,0,0,0,0,0,0,0,0,0,0,0,16,0,0,2,0,0,84,2
SRR7146577,0,Neg,PRJNA464410,Duck,Duck,FW,H,F,filter,Anasclypeata,"SacramentoNationalWildlifeRefuge,GlennCounty",1.0,6,0,4,0,0,0,0,0,0,0,0,0,89,0,0,3,0,0,0,0,5,0,0,0,0,0,5,3,0,0,0,9,0,0,0,0,0,0,0,0,0,0,57,4782,0,0,11,0,0,0,0,0,0,0,26,0,0,0,0,0,0,0,0,0,0,0,0,0,0,0
SRR7146578,1,Pos,PRJNA464410,Duck,Duck,S,H,M,dabbling,Anasplatyrhynchos,"SuisunMarsh/Sunrise,SolanoCounty",7.0,0,0,0,0,0,0,0,0,0,220,263,0,33,0,0,30,0,0,0,0,0,0,26,1419,0,0,0,0,4,0,0,3,0,0,0,0,0,0,0,0,0,0,0,2573,404,0,0,0,0,0,0,0,0,0,0,0,6,0,0,19,0,0,0,0,0,0,0,0,0,0
SRR7146580,0,Neg,PRJNA464410,Duck,Duck,S,H,F,dabbling,Anasplatyrhynchos,"GrizzlyIslandWildlifeArea(GIWA),SolanoCounty",7.0,0,0,0,0,0,0,0,8,3,354,0,0,5,0,0,0,0,0,0,0,0,11,0,10,0,0,0,0,2,0,0,0,0,369,0,0,0,0,0,0,0,13,11,1375,0,0,333,0,4,19,0,0,187,20,11,0,1260,0,0,8,0,255,0,535,0,25,17,72,93,0
SRR7146581,0,Neg,PRJNA464410,Duck,Duck,S,H,F,dabbling,Anasplatyrhynchos,"GrizzlyIslandWildlifeArea(GIWA),SolanoCounty",7.0,0,0,0,0,0,0,0,0,83,49,0,0,18,0,0,24,38,0,40,0,0,0,11,3277,0,0,3,0,13,0,0,2,0,0,1,10,0,0,0,0,0,0,18,432,0,0,75,0,0,0,3,0,139,0,0,0,19,17,0,14,0,0,512,128,0,2,0,0,72,0
SRR7146582,0,Neg,PRJNA464410,Duck,Duck,S,H,F,dabbling,Anasplatyrhynchos,"GrizzlyIslandWildlifeArea(GIWA),SolanoCounty",7.0,0,0,0,0,1,0,0,0,0,7,0,0,2,0,2,0,9,0,2,0,0,0,14,862,0,0,0,0,2,0,0,0,0,0,2,0,0,0,0,0,0,0,42,2683,1,0,122,0,0,0,0,0,32,6,1,0,0,4,0,9,0,98,156,83,0,10,0,0,850,0
SRR7146583,0,Neg,PRJNA464410,Duck,Duck,S,H,F,dabbling,Anasplatyrhynchos,"GrizzlyIslandWildlifeArea(GIWA),SolanoCounty",7.0,4,0,41,0,7,0,0,9,133,72,0,0,949,0,0,10,408,15,0,27,111,0,161,3,3,0,51,138,0,0,0,113,40,0,0,0,0,0,0,0,0,0,0,91,0,0,13,0,0,0,0,0,382,19,61,6,30,41,0,2,0,103,0,1921,0,0,0,0,18,14
SRR7146584,0,Neg,PRJNA464410,Duck,Duck,S,H,M,dabbling,Anasplatyrhynchos,"GrizzlyIslandWildlifeArea(GIWA),SolanoCounty",7.0,0,0,0,0,1,0,0,0,28,643,6,0,25,0,1,3,18,0,0,1,2,4,0,253,0,2,0,3,42,7,0,2,0,38,0,3,0,0,0,0,0,2,383,1071,0,0,408,0,0,0,1,53,185,4,26,79,25,1,0,51,9,236,182,143,0,203,0,137,640,78
SRR7146585,0,Neg,PRJNA464410,Duck,Duck,S,H,F,dabbling,Anasplatyrhynchos,"GrizzlyIslandWildlifeArea(GIWA),SolanoCounty",7.0,0,0,0,0,0,0,0,0,0,0,238,0,35,0,12,0,94,0,28,0,0,0,3,53,0,0,0,0,30,0,0,0,0,27,0,0,0,0,0,0,0,0,0,42,4,0,988,0,0,750,0,0,210,0,11,25,18,154,0,757,0,1289,0,224,0,0,0,0,8,0
SRR7146587,0,Neg,PRJNA464410,Duck,Duck,S,H,M,dabbling,Anasplatyrhynchos,"GrizzlyIslandWildlifeArea(GIWA),SolanoCounty",7.0,5,0,0,0,3909,8,0,0,37,9,0,0,37,0,0,12,69,3,0,0,3,0,18,0,0,0,10,7,3,0,0,4,15,0,0,0,11,0,42,0,0,0,0,149,0,0,10,0,0,0,1,0,34,0,6,0,43,0,211,0,0,170,0,172,0,0,0,0,0,0
SRR7146588,1,Pos,PRJNA464410,Duck,Duck,FW,U,F,dabbling,Anasplatyrhynchos,"ConawayRanch,YoloCounty",12.0,0,0,0,0,112,0,0,0,38,261,152,0,100,0,0,18,111,8,15,2,18,0,21,295,0,0,0,0,91,9,7,0,0,0,6,21,0,7,27,9,0,41,20,781,12,0,1156,0,5,223,16,0,279,26,40,0,46,29,31,55,0,0,221,392,0,21,185,9,75,9
SRR7146589,1,Pos,PRJNA464410,Duck,Duck,FW,U,M,dabbling,Anasplatyrhynchos,"ConawayRanch,YoloCounty",12.0,0,0,0,0,0,0,0,0,13,468,0,0,46,0,0,1,4,0,4,0,0,0,15,89,0,9,0,0,0,12,0,0,0,0,0,0,0,0,0,0,0,0,32,2933,0,0,566,0,0,8,0,1,19,17,23,0,24,0,0,0,0,0,11,39,0,181,396,18,71,0
SRR7146590,1,Pos,PRJNA464410,Duck,Duck,FW,U,M,dabbling,Anasplatyrhynchos,"ConawayRanch,YoloCounty",12.0,23,0,0,0,8,0,0,0,28,1406,0,0,322,0,0,0,25,0,3,0,13,0,147,362,0,0,27,0,172,0,0,29,0,0,0,0,0,0,0,0,0,16,0,1530,7,0,38,0,0,0,0,66,62,0,0,0,0,15,0,11,0,69,0,143,0,332,0,0,129,0
SRR7146591,1,Pos,PRJNA464410,Duck,Duck,FW,H,U,dabbling,Anasamericana,"SacramentoNationalWildlifeRefuge,GlennCounty",10.0,0,0,0,40,272,58,0,0,0,0,0,0,3,0,0,0,0,0,0,0,0,0,0,19,0,0,0,0,0,0,0,0,0,8,0,0,5,2,20,0,0,7,4,370,54,0,13,0,0,0,0,0,1,0,0,0,0,0,3,0,7,0,0,1,0,4091,0,0,22,0
SRR7146592,1,Pos,PRJNA464410,Duck,Duck,FW,U,M,dabbling,Anasacuta,"ConawayRanch,YoloCounty",11.0,0,0,0,0,12,11,2,0,0,133,0,0,1,12,0,0,0,0,0,0,0,0,1,1,0,0,1,0,0,25,0,2,0,32,0,0,1,0,0,0,0,0,3,3720,6,0,288,0,0,2,0,0,9,0,0,0,0,0,0,0,7,2,0,1,2,677,0,0,39,10
SRR7146593,1,Pos,PRJNA464410,Duck,Duck,FW,U,F,dabbling,Anasplatyrhynchos,"ConawayRanch,YoloCounty",11.0,0,0,0,0,0,0,0,0,0,2,0,0,1,0,0,0,0,0,0,0,1,0,0,0,0,0,1,0,0,4,0,0,0,0,0,0,0,0,0,0,0,0,131,4825,0,0,11,0,0,1,0,0,0,0,0,0,0,0,0,0,0,2,0,1,0,7,6,1,6,0
SRR7146595,1,Pos,PRJNA464410,Duck,Duck,FW,U,F,dabbling,Anasplatyrhynchos,"ConawayRanch,YoloCounty",11.0,0,0,0,2,7,0,0,0,0,19,0,0,0,0,0,0,0,0,0,0,0,0,0,11,0,0,0,0,0,24,0,0,0,0,0,0,0,0,0,0,0,0,2534,2279,2,0,67,0,0,0,0,0,0,0,0,0,29,0,0,0,0,7,0,0,0,18,0,0,1,0
SRR7146596,1,Pos,PRJNA464410,Duck,Duck,FW,U,M,dabbling,Anascarolinensis,"ConawayRanch,YoloCounty",11.0,0,0,0,0,10,0,45,0,14,97,0,2,55,0,0,0,18,0,0,0,4,0,11,12,0,0,0,3,0,0,0,8,0,0,0,0,0,0,0,0,0,2,185,2625,4,0,90,0,0,7,0,0,22,2,0,0,538,2,0,4,15,16,0,53,0,19,0,0,1135,2
SRR7146598,1,Pos,PRJNA464410,Duck,Duck,FW,H,M,dabbling,Anasacuta,"ConawayRanch,YoloCounty",11.0,0,0,0,2,119,44,31,0,0,0,0,0,4,0,0,0,0,0,0,0,0,0,8,332,0,0,0,0,0,0,0,0,0,0,0,0,7,9,5,2,0,8,8,2223,0,1,6,0,0,2,0,0,3,0,0,0,4,0,0,0,12,1,0,7,12,1936,1,0,211,0
SRR7146599,1,Pos,PRJNA464410,Duck,Duck,FW,U,M,dabbling,Anasplatyrhynchos,"ConawayRanch,YoloCounty",11.0,0,0,0,0,14,4,0,0,3,314,7,0,0,4,0,0,3,0,0,0,0,0,0,4,0,0,0,0,1,26,0,0,0,0,0,0,0,0,0,0,0,0,1444,2826,19,0,51,0,0,6,0,0,0,0,0,0,0,0,0,5,0,9,0,7,2,53,181,0,5,12
SRR7146601,1,Pos,PRJNA464410,Duck,Duck,FW,H,F,dabbling,Anascarolinensis,"ConawayRanch,YoloCounty",10.0,0,0,0,0,1,0,0,0,5,5,0,0,13,0,0,0,8,0,0,0,0,0,0,198,0,0,1,0,0,0,0,0,0,0,0,0,0,0,0,0,0,0,341,3888,4,0,13,0,0,0,0,0,7,0,0,0,3,1,0,0,0,0,0,29,0,177,0,0,306,0
SRR7146602,1,Pos,PRJNA464410,Duck,Duck,FW,H,M,dabbling,Anasamericana,"SacramentoNationalWildlifeRefuge,GlennCounty",10.0,0,0,0,0,1,1,0,0,0,0,0,0,0,0,0,0,0,0,0,0,0,0,0,57,0,0,0,0,0,0,0,0,0,3,0,0,0,0,0,0,0,0,0,1401,0,0,4,0,2,0,0,0,0,0,0,0,0,23,0,0,0,2,0,0,0,3456,0,0,50,0
SRR7146603,0,Neg,PRJNA464410,Duck,Duck,FW,U,M,filter,Anasclypeata,"SacramentoNationalWildlifeRefuge,GlennCounty",1.0,0,0,0,1,24,6,0,0,0,993,2,0,7,5,0,0,0,0,0,0,0,0,0,22,0,0,0,0,0,30,0,0,0,0,0,0,3,0,3,0,4,0,4,3213,0,0,10,0,0,9,0,0,0,0,0,0,0,0,0,39,0,8,0,0,3,166,398,19,31,0
SRR7146604,0,Neg,PRJNA464410,Duck,Duck,FW,U,M,filter,Anasclypeata,"SacramentoNationalWildlifeRefuge,GlennCounty",1.0,6,0,5,0,12,0,8,0,0,229,0,0,43,0,0,0,0,0,1,0,0,0,5,0,10,0,8,2,0,377,0,7,1,0,0,0,0,0,0,0,0,0,697,1665,0,0,114,0,0,11,0,0,0,0,8,47,6,0,0,18,0,6,0,0,0,19,0,5,0,1685
SRR7146605,0,Neg,PRJNA464410,Duck,Duck,FW,U,M,dabbling,Anasacuta,"SacramentoNationalWildlifeRefuge,GlennCounty",1.0,0,0,0,0,1,0,0,0,0,33,0,0,11,2,0,0,0,0,0,0,0,0,0,0,0,0,0,0,16,6,0,1,0,0,3,4,0,0,0,0,0,0,0,3580,0,0,36,0,0,0,1,0,0,0,3,0,0,1092,0,0,0,0,54,6,0,8,141,0,2,0
SRR7146606,0,Neg,PRJNA464410,Duck,Duck,FW,U,M,dabbling,Anasacuta,"SacramentoNationalWildlifeRefuge,GlennCounty",1.0,0,0,0,0,309,10,0,0,44,99,0,0,6,0,0,0,48,0,0,1,0,0,13,206,0,0,0,0,0,0,0,3,0,0,0,0,0,0,0,0,0,4,0,1605,0,0,184,0,0,61,0,0,89,1,0,0,12,4,0,2,0,149,0,334,0,203,543,0,1070,0
SRR7146607,0,Neg,PRJNA464410,Duck,Duck,FW,U,M,filter,Anasclypeata,"SacramentoNationalWildlifeRefuge,GlennCounty",1.0,0,0,0,162,1611,88,0,0,0,192,28,0,39,0,0,0,0,0,0,0,0,0,0,7,0,0,0,4,0,0,0,0,0,0,0,0,29,780,83,18,0,54,0,604,0,67,104,0,0,35,0,0,0,0,0,6,0,0,84,17,0,35,0,0,0,41,216,17,18,637
SRR7146608,0,Neg,PRJNA464410,Duck,Duck,FW,U,M,filter,Anasclypeata,"SacramentoNationalWildlifeRefuge,GlennCounty",1.0,0,0,0,0,4,0,0,0,0,0,0,0,3,0,0,0,0,0,0,0,0,0,0,4,0,0,4,0,0,12,0,0,0,0,0,0,0,0,0,0,0,0,27,4902,0,0,17,0,0,2,0,0,0,0,0,0,0,0,0,0,0,0,0,0,0,12,0,0,0,13
SRR7146610,0,Neg,PRJNA464410,Duck,Duck,FW,U,M,dabbling,Anasacuta,"SacramentoNationalWildlifeRefuge,GlennCounty",1.0,0,0,0,2,1067,177,222,0,3,347,199,0,1,58,0,0,0,0,0,0,0,0,0,192,0,0,0,0,0,0,0,0,0,0,0,0,11,12,31,5,23,62,45,1952,0,6,60,2,0,72,4,0,0,0,0,0,0,0,18,17,15,18,0,0,8,59,239,0,68,0
SRR7146611,0,Neg,PRJNA464410,Duck,Duck,FW,U,M,dabbling,Anasacuta,"SacramentoNationalWildlifeRefuge,GlennCounty",1.0,0,0,0,0,35,9,3,0,0,460,33,0,0,0,0,0,0,0,0,0,0,0,0,2,0,0,0,0,0,1,0,0,0,0,0,0,0,0,0,0,0,0,0,1591,0,0,31,0,0,0,0,0,4,0,0,0,3,2,0,0,5,28,0,32,0,541,2155,0,65,0
SRR7146612,1,Pos,PRJNA464410,Duck,Duck,S,H,F,dabbling,Anasplatyrhynchos,"GrizzlyIslandWildlifeArea(GIWA),SolanoCounty",8.0,0,0,0,0,0,0,0,0,21,11,0,0,3,0,0,0,35,0,0,7,0,0,27,0,0,0,0,9,0,0,0,0,0,0,25,38,0,0,0,0,0,0,0,3597,0,0,802,0,0,0,0,0,69,19,15,0,20,59,0,0,0,0,0,237,0,0,0,0,6,0
SRR7146613,1,Pos,PRJNA464410,Duck,Duck,FW,H,M,filter,Anasclypeata,"SacramentoNationalWildlifeRefuge,GlennCounty",10.0,0,0,0,0,11,0,0,0,4,0,0,0,33,0,0,0,7,0,0,0,0,0,314,18,0,0,6,0,2,0,0,0,0,0,0,0,0,0,0,0,0,91,0,3480,0,0,153,0,0,0,0,0,36,10,0,0,28,4,0,0,36,0,0,60,0,698,0,0,9,0
SRR7146614,0,Neg,PRJNA464410,Duck,Duck,S,H,U,dabbling,Anasplatyrhynchos,"GrizzlyIslandWildlifeArea(GIWA),SolanoCounty",7.0,0,0,0,0,0,0,0,3,5,1,0,0,12,0,0,0,10,0,0,0,1,0,18,0,0,0,0,0,0,0,0,0,0,0,1,0,0,0,0,0,0,0,0,4207,0,0,640,0,0,0,0,0,42,0,0,0,13,10,0,0,0,4,0,31,0,0,0,0,2,0
SRR7146615,0,Neg,PRJNA464410,Duck,Duck,S,H,M,dabbling,Anasplatyrhynchos,"GrizzlyIslandWildlifeArea(GIWA),SolanoCounty",7.0,0,0,0,0,0,0,0,0,598,107,0,0,276,0,0,0,306,0,0,0,11,0,403,18,25,39,36,27,0,0,0,9,0,0,0,0,0,0,0,0,0,0,0,195,0,0,33,0,0,0,0,0,701,43,0,0,167,165,0,0,0,0,0,1674,0,0,0,0,167,0
SRR7146616,1,Pos,PRJNA464410,Duck,Duck,S,H,M,dabbling,Anasplatyrhynchos,"GrizzlyIslandWildlifeArea(GIWA),SolanoCounty",7.0,2,0,0,0,3,0,2,0,0,529,53,0,72,0,0,162,0,0,53,0,1,0,0,1401,1,0,3,0,47,0,0,4,0,0,0,3,0,0,0,0,0,0,13,2010,0,0,102,0,0,24,10,0,0,0,2,0,0,0,0,177,0,218,31,0,0,63,0,9,0,0
SRR7146617,1,Pos,PRJNA464410,Duck,Duck,S,H,M,dabbling,Anasplatyrhynchos,"GrizzlyIslandWildlifeArea(GIWA),SolanoCounty",7.0,19,8,7,162,1989,181,0,0,0,4,0,0,637,0,380,0,0,3,0,0,40,0,5,0,0,0,62,31,13,0,0,80,0,0,0,0,0,25,15,3,5,4,0,336,148,0,79,0,0,272,31,354,0,0,14,0,0,0,0,0,0,0,0,20,0,0,0,0,0,0
SRR7146618,1,Pos,PRJNA464410,Duck,Duck,S,H,M,dabbling,Anasplatyrhynchos,"GrizzlyIslandWildlifeArea(GIWA),SolanoCounty",7.0,22,0,0,0,359,14,0,0,0,0,0,0,1506,0,0,0,0,0,0,0,8,0,15,827,3,0,89,0,0,0,72,57,0,0,0,0,97,0,401,110,0,151,0,624,0,0,388,0,0,0,0,24,0,0,0,0,25,0,78,0,46,0,0,0,0,0,0,0,0,0
SRR7146619,1,Pos,PRJNA464410,Duck,Duck,S,H,M,dabbling,Anasplatyrhynchos,"SuisunMarsh/ArnoldRanch,SolanoCounty",7.0,1,0,0,0,529,0,84,0,0,0,0,0,278,0,0,201,0,0,0,0,11,0,0,0,0,0,10,2,20,0,0,12,0,0,0,0,0,0,0,0,0,8,17,1142,0,8,781,0,0,0,0,0,15,0,0,0,29,0,0,63,0,1661,0,0,0,128,0,0,0,0
SRR7146620,1,Pos,PRJNA464410,Duck,Duck,S,H,M,dabbling,Anasplatyrhynchos,"GrizzlyIslandWildlifeArea(GIWA),SolanoCounty",7.0,0,0,0,10,40,0,0,0,0,713,189,0,82,0,0,0,0,0,78,0,2,0,24,2476,0,0,3,0,17,0,13,0,0,0,0,0,0,0,0,0,0,0,13,29,0,0,34,15,0,223,33,7,0,0,0,0,0,0,0,128,0,864,0,0,0,0,0,0,0,0
SRR7146622,1,Pos,PRJNA464410,Duck,Duck,S,H,F,dabbling,Anasplatyrhynchos,"GrizzlyIslandWildlifeArea(GIWA),SolanoCounty",7.0,9,7,0,0,25,11,0,0,0,0,15,0,428,0,0,19,0,0,69,0,0,0,0,16,12,0,33,11,94,0,13,32,0,0,0,0,0,0,0,0,0,0,16,4040,0,4,11,0,0,0,0,0,0,0,7,0,3,0,0,46,0,31,0,8,0,15,0,0,0,0
SRR7146623,1,Pos,PRJNA464410,Duck,Duck,S,H,F,dabbling,Anasplatyrhynchos,"GrizzlyIslandWildlifeArea(GIWA),SolanoCounty",7.0,0,0,0,0,7,0,11,0,0,901,6,0,4,0,0,24,0,0,41,0,0,0,2,52,0,0,0,0,35,0,0,0,0,0,0,1,0,0,0,0,0,0,4,2114,18,0,361,0,2,261,13,1,0,0,0,0,0,0,0,223,0,380,0,0,0,323,0,193,23,0
SRR7146624,1,Pos,PRJNA464410,Duck,Duck,S,H,F,dabbling,Anasplatyrhynchos,"GrizzlyIslandWildlifeArea(GIWA),SolanoCounty",7.0,0,0,2,0,0,0,0,0,0,3642,41,2,59,0,0,0,0,0,18,0,3,0,6,23,0,0,2,0,18,0,0,12,0,0,0,3,0,0,0,0,0,0,37,38,0,0,0,0,0,121,5,12,0,0,0,0,0,0,0,408,0,545,0,0,0,3,0,0,0,0
SRR7146625,1,Pos,PRJNA464410,Duck,Duck,S,H,F,dabbling,Anasplatyrhynchos,"GrizzlyIslandWildlifeArea(GIWA),SolanoCounty",7.0,8,0,2,0,2,0,0,0,0,492,27,0,112,0,34,66,0,0,51,0,0,0,0,431,1,0,3,2,21,0,0,8,0,0,0,0,0,0,0,0,0,0,160,2517,4,0,39,0,0,0,45,63,0,0,2,0,17,0,0,70,0,767,0,0,0,52,2,0,0,0
SRR7146626,1,Pos,PRJNA464410,Duck,Duck,S,H,F,dabbling,Anasplatyrhynchos,"GrizzlyIslandWildlifeArea(GIWA),SolanoCounty",7.0,0,0,3,0,0,0,0,0,0,1979,0,0,212,0,0,32,0,0,15,0,5,0,0,21,0,0,16,0,15,0,0,25,5,0,0,0,0,0,0,0,0,0,0,49,0,0,1,0,0,67,28,191,0,0,0,0,0,0,0,880,0,1155,0,0,0,241,0,0,54,0
SRR7146627,0,Neg,PRJNA464410,Duck,Duck,S,H,F,dabbling,Anasplatyrhynchos,"GrizzlyIslandWildlifeArea(GIWA),SolanoCounty",7.0,85,33,15,0,23,0,0,0,0,348,0,0,3330,0,0,0,0,0,0,0,30,0,30,0,25,0,231,3,29,0,0,188,2,0,0,0,0,0,0,0,0,0,0,120,0,0,0,0,0,18,0,4,14,0,0,0,0,0,0,30,0,289,0,24,0,0,0,0,0,0
SRR7146628,1,Pos,PRJNA464410,Duck,Duck,S,H,F,dabbling,Anasplatyrhynchos,"GrizzlyIslandWildlifeArea(GIWA),SolanoCounty",7.0,0,0,1,0,17,2,0,0,0,612,231,0,26,0,30,85,0,0,64,0,0,0,0,425,0,0,3,0,125,0,0,2,0,0,1,17,0,0,0,0,0,0,3,1094,5,0,202,3,0,254,8,0,0,0,0,0,0,0,0,168,0,694,0,0,0,645,0,0,283,0
SRR7146629,0,Neg,PRJNA464410,Duck,Duck,FW,A,M,filter,Anasclypeata,"SacramentoNationalWildlifeRefuge,GlennCounty",1.0,0,0,1,0,3,6,0,0,0,29,0,0,40,0,0,0,0,4,0,0,6,0,0,0,0,0,1,0,0,27,0,2,0,0,0,0,0,0,14,4,0,2,417,4129,0,1,257,0,2,0,0,0,0,1,7,0,0,0,5,6,11,0,0,0,0,6,10,0,6,1
SRR7146630,0,Neg,PRJNA464410,Duck,Duck,FW,U,M,dabbling,Anasacuta,"SacramentoNationalWildlifeRefuge,GlennCounty",1.0,0,0,0,0,6,1,0,0,0,206,20,0,2,38,0,0,0,0,0,0,0,0,0,421,0,0,0,0,0,0,0,0,0,0,0,0,0,0,0,0,2,0,0,3028,0,0,96,0,0,0,0,0,0,0,0,0,0,0,0,19,0,0,8,2,0,92,924,0,135,0
SRR7146631,1,Pos,PRJNA464410,Duck,Duck,S,H,F,dabbling,Anasplatyrhynchos,"GrizzlyIslandWildlifeArea(GIWA),SolanoCounty",7.0,22,6,10,0,282,1,0,0,0,0,0,0,766,0,0,620,0,0,11,0,68,0,0,14,13,0,50,4,54,0,22,22,0,0,0,29,0,15,77,3,0,9,0,1586,570,0,229,0,0,0,0,90,0,0,9,0,61,0,3,317,0,0,0,0,0,0,0,0,5,0
SRR7146632,0,Neg,PRJNA464410,Duck,Duck,FW,A,M,filter,Anasclypeata,"SacramentoNationalWildlifeRefuge,GlennCounty",1.0,0,0,0,0,110,0,0,0,0,84,0,0,60,115,0,0,0,24,0,0,0,0,0,0,0,0,8,6,0,0,0,10,0,5,0,0,0,0,0,0,0,0,44,1553,0,0,223,0,2,22,0,0,10,0,112,13,518,0,0,15,422,11,0,0,0,912,53,0,7,661
SRR7146633,1,Pos,PRJNA464410,Duck,Duck,FW,U,M,filter,Anasclypeata,"SacramentoNationalWildlifeRefuge,GlennCounty",12.0,0,0,0,0,22,0,1,4,4,32,0,0,85,0,0,0,12,0,13,0,0,0,55,550,0,6,0,0,0,0,0,5,0,0,0,0,0,0,0,0,0,0,6,904,41,0,64,0,0,9,2,0,0,0,18,0,0,1544,0,0,40,0,0,66,0,257,0,0,1254,3
SRR7146635,0,Neg,PRJNA464410,Duck,Duck,FW,U,M,dabbling,Anasacuta,"SacramentoNationalWildlifeRefuge,GlennCounty",1.0,0,0,0,0,17,0,0,0,99,89,0,0,139,7,0,43,323,0,0,0,7,0,65,33,0,0,13,0,3,0,0,14,0,0,6,0,0,0,0,0,0,0,107,2330,24,0,201,5,4,21,16,0,324,10,21,0,0,133,0,10,0,0,260,532,0,19,0,0,125,0
SRR7146636,0,Neg,PRJNA464410,Duck,Duck,FW,U,M,dabbling,Anasacuta,"SacramentoNationalWildlifeRefuge,GlennCounty",1.0,0,0,0,0,40,12,12,0,8,249,40,0,11,8,0,0,0,3,9,0,0,0,5,1843,0,0,0,4,0,0,0,0,0,0,14,8,0,0,0,0,0,0,0,395,0,0,76,6,8,424,24,0,10,0,13,0,5,0,0,19,0,261,0,23,3,216,1197,0,54,0
SRR7146637,1,Pos,PRJNA464410,Duck,Duck,FW,U,F,dabbling,Anasacuta,"SacramentoNationalWildlifeRefuge,GlennCounty",12.0,7,0,0,0,28,0,0,7,21,531,0,0,363,0,0,0,29,0,7,0,20,0,45,129,0,0,31,0,7,0,0,44,2,0,0,0,5,0,9,0,0,8,16,1474,4,3,1064,0,0,0,0,0,64,12,29,0,13,64,0,2,4,49,0,248,0,280,0,2,346,7
SRR7146638,1,Pos,PRJNA464410,Duck,Duck,FW,U,F,dabbling,Anasacuta,"SacramentoNationalWildlifeRefuge,GlennCounty",12.0,0,0,0,2,32,0,1,0,0,41,0,0,92,0,0,0,15,0,24,0,0,0,57,484,0,5,7,0,0,0,0,5,0,0,0,0,0,3,0,0,0,3,0,1665,310,0,80,4,0,8,0,41,63,21,20,0,92,20,0,0,0,0,0,116,3,720,0,0,1052,14
SRR7146639,1,Pos,PRJNA464410,Duck,Duck,FW,U,F,filter,Anasclypeata,"SacramentoNationalWildlifeRefuge,GlennCounty",12.0,0,0,0,5,348,39,44,0,0,4,8,0,44,0,0,0,0,0,2,0,0,0,0,26,0,0,7,0,0,1,6,6,0,0,0,0,11,0,13,0,6,120,35,3315,0,2,358,0,0,0,0,0,7,3,5,25,6,0,0,0,464,0,0,4,27,33,0,0,7,0
SRR7146640,1,Pos,PRJNA464410,Duck,Duck,FW,U,M,filter,Anasclypeata,"SacramentoNationalWildlifeRefuge,GlennCounty",1.0,3,0,0,0,0,0,0,2,54,52,0,0,165,0,14,0,120,0,0,0,10,0,23,64,0,0,12,0,0,35,0,3,0,0,0,0,0,0,0,0,0,0,32,3002,22,0,20,0,0,4,0,0,191,0,12,0,15,37,0,10,0,0,3,563,0,492,0,0,20,20
SRR7146641,0,Neg,PRJNA464410,Duck,Duck,S,H,M,dabbling,Anasplatyrhynchos,"SuisunMarsh/Balboa,SolanoCounty",7.0,0,0,0,0,0,0,0,0,236,27,0,0,105,0,0,49,119,0,0,0,7,0,46,0,0,0,50,12,13,0,0,13,12,0,9,0,0,0,0,0,0,0,0,29,0,0,628,0,0,0,15,6,267,93,0,0,70,25,0,78,0,2587,0,500,0,0,0,0,0,0
SRR7146642,1,Pos,PRJNA464410,Duck,Duck,S,H,M,dabbling,Anasplatyrhynchos,"SuisunMarsh/Balboa,SolanoCounty",7.0,0,0,0,0,0,0,0,0,0,0,1784,0,35,0,0,354,0,0,22,0,0,0,0,696,0,0,0,0,291,0,0,0,0,0,0,0,0,0,0,0,0,0,41,206,29,2,5,29,0,766,54,0,0,0,0,0,0,0,0,45,0,0,634,0,0,7,0,0,0,0
SRR7146643,0,Neg,PRJNA464410,Duck,Duck,S,H,M,dabbling,Anasplatyrhynchos,"SuisunMarsh/Balboa,SolanoCounty",7.0,0,0,0,0,23,0,0,0,13,393,0,0,3,0,0,9,0,0,0,0,0,0,112,1242,0,0,4,0,0,0,0,2,0,0,0,0,0,0,0,0,0,0,86,812,1422,0,192,9,0,232,6,0,12,0,0,0,0,5,0,48,0,0,0,45,0,327,0,0,3,0
SRR7146644,1,Pos,PRJNA464410,Duck,Duck,S,H,F,dabbling,Anasplatyrhynchos,"GrizzlyIslandWildlifeArea(GIWA),SolanoCounty",7.0,3,0,6,0,49,0,107,0,0,1181,38,0,219,0,0,9,0,0,11,0,0,0,1,2624,1,0,11,4,0,0,0,11,1,0,0,0,0,0,0,0,0,0,4,417,8,0,7,0,0,2,8,14,0,0,24,0,7,0,0,111,0,0,48,0,0,65,1,0,0,0
SRR7146645,0,Neg,PRJNA464410,Duck,Duck,S,H,F,dabbling,Anasplatyrhynchos,"SuisunMarsh/Balboa,SolanoCounty",7.0,12,0,0,0,0,0,0,13,661,148,0,0,51,0,0,0,140,0,22,75,104,0,231,0,0,0,45,0,0,0,0,0,0,0,0,0,0,0,0,0,0,0,0,139,66,0,677,13,0,0,0,0,554,14,0,0,233,471,0,34,0,12,0,1246,0,0,0,0,39,0
SRR7146646,0,Neg,PRJNA464410,Duck,Duck,FW,H,F,dabbling,Anasamericana,"SacramentoNationalWildlifeRefuge,GlennCounty",1.0,4,0,0,34,1614,19,0,0,0,0,4,0,30,0,0,0,0,4,0,0,0,0,0,13,0,0,0,0,0,0,10,4,0,0,0,0,0,31,36,23,12,12,0,389,0,13,11,0,0,0,0,0,0,0,0,0,0,0,0,0,210,0,0,0,31,2496,0,0,0,0
SRR7146648,1,Pos,PRJNA464410,Duck,Duck,FW,U,M,dabbling,Anascarolinensis,"ConawayRanch,YoloCounty",12.0,9,0,4,0,1,0,0,0,26,245,1,0,133,9,0,0,15,0,0,0,6,0,0,134,8,0,10,2,0,0,0,24,0,0,0,0,0,0,0,0,0,0,0,2733,6,0,98,0,0,0,0,0,96,0,0,0,15,8,0,2,0,2,0,205,0,82,884,0,236,0
SRR7146649,0,Neg,PRJNA464410,Duck,Duck,S,H,M,dabbling,Anasplatyrhynchos,"GrizzlyIslandWildlifeArea(GIWA),SolanoCounty",8.0,6,0,0,0,145,0,10,4,31,9,0,0,118,0,0,0,74,0,0,6,12,0,46,0,1,5,16,56,0,0,0,14,18,0,0,0,0,0,0,0,0,1,0,6,0,0,3741,0,0,0,0,0,206,7,54,0,145,13,0,0,0,0,0,242,0,0,0,0,2,0
SRR7146650,0,Neg,PRJNA464410,Duck,Duck,S,H,F,dabbling,Anasplatyrhynchos,"GrizzlyIslandWildlifeArea(GIWA),SolanoCounty",8.0,0,0,0,0,0,2,0,0,2,44,0,0,87,0,0,0,36,2,0,2,9,0,101,3,0,0,6,1,0,0,0,6,0,0,0,0,0,9,252,0,0,11,0,52,0,0,210,0,0,0,0,0,236,9,14,0,21,51,3325,0,5,0,0,361,0,0,0,0,6,4
SRR7146651,1,Pos,PRJNA464410,Duck,Duck,S,H,M,dabbling,Anasplatyrhynchos,"GrizzlyIslandWildlifeArea(GIWA),SolanoCounty",8.0,1,0,3,0,2,0,0,0,0,37,0,0,80,0,0,25,0,0,3,0,3,0,0,182,0,0,1,0,12,0,0,3,0,0,13,0,0,0,0,0,0,0,1000,3190,0,0,118,3,0,0,2,3,4,0,0,0,9,0,0,9,0,80,0,0,0,216,0,0,0,0
SRR7146653,1,Pos,PRJNA464410,Duck,Duck,S,H,M,dabbling,Anasplatyrhynchos,"GrizzlyIslandWildlifeArea(GIWA),SolanoCounty",8.0,1,0,0,0,45,0,0,0,0,5,0,0,84,0,0,21,0,0,5,0,2,0,0,110,0,0,0,0,5,0,8,4,0,28,0,0,0,0,3,0,1,263,135,3577,0,11,141,6,0,48,9,103,5,0,0,31,27,0,17,5,122,110,0,0,6,8,0,0,54,0
SRR7146654,0,Neg,PRJNA464410,Duck,Duck,S,H,M,dabbling,Anasplatyrhynchos,"GrizzlyIslandWildlifeArea(GIWA),SolanoCounty",8.0,0,1,0,0,0,0,0,7,39,29,0,0,25,0,0,4,17,0,1,4,2,0,54,2885,0,2,2,0,7,0,0,0,0,0,11,1,0,0,0,0,0,0,10,1411,6,0,59,0,0,2,30,0,70,6,4,0,18,0,0,0,0,0,90,150,0,14,0,0,39,0
SRR7146655,0,Neg,PRJNA464410,Duck,Duck,S,H,M,dabbling,Anasplatyrhynchos,"GrizzlyIslandWildlifeArea(GIWA),SolanoCounty",8.0,15,0,4,0,0,0,0,0,863,98,0,0,362,0,44,0,281,0,0,0,0,0,199,23,0,2,4,39,0,0,0,14,0,14,0,0,0,0,0,0,0,0,0,258,0,0,34,0,0,0,0,0,1208,110,0,0,136,92,0,0,0,0,0,1191,0,0,0,9,0,0
SRR7146656,0,Neg,PRJNA464410,Duck,Duck,S,H,F,dabbling,Anasplatyrhynchos,"GrizzlyIslandWildlifeArea(GIWA),SolanoCounty",8.0,0,0,0,0,5,0,0,2,12,294,0,0,7,0,0,0,41,0,4,1,0,45,19,15,0,0,0,0,0,0,0,0,0,259,0,0,0,0,0,0,0,3,12,2344,15,0,467,0,0,12,0,24,58,13,0,0,777,15,0,9,0,104,0,64,0,42,18,141,178,0
SRR7146657,1,Pos,PRJNA464410,Duck,Duck,S,H,M,dabbling,Anasplatyrhynchos,"GrizzlyIslandWildlifeArea(GIWA),SolanoCounty",8.0,0,0,4,0,3,4,0,0,1,0,0,0,38,0,90,0,0,1,8,0,4,0,0,884,0,0,5,4,29,0,0,7,2,0,10,43,0,0,3,0,0,0,0,217,3,0,2133,1,0,128,51,0,0,0,3,0,0,0,6,150,0,1138,0,5,0,0,0,0,24,1
SRR7146658,1,Pos,PRJNA464410,Duck,Duck,S,H,M,dabbling,Anasplatyrhynchos,"GrizzlyIslandWildlifeArea(GIWA),SolanoCounty",8.0,0,0,2,0,0,0,0,0,0,0,0,0,89,0,5,26,0,0,258,0,0,12,0,1294,0,0,2,1,6,0,0,4,0,39,0,0,0,0,0,0,0,16,109,2690,188,0,39,0,0,26,0,0,38,0,4,0,14,0,0,5,11,0,0,0,0,6,0,0,109,7
SRR7146659,1,Pos,PRJNA464410,Duck,Duck,FW,U,M,dabbling,Anasacuta,"GrizzlyIslandWildlifeArea(GIWA),SolanoCounty",10.0,15,0,20,0,7,0,0,26,0,207,0,0,686,0,0,54,0,0,13,0,25,0,195,159,13,24,47,34,10,0,0,92,13,0,0,0,0,0,0,0,0,0,0,2296,0,0,87,0,0,35,16,6,0,50,19,0,0,0,0,8,0,0,9,64,0,0,0,0,733,0
SRR7146660,1,Pos,PRJNA464410,Duck,Duck,FW,U,M,filter,Anasclypeata,"GrizzlyIslandWildlifeArea(GIWA),SolanoCounty",10.0,13,0,10,0,728,54,17,0,0,194,27,0,149,0,0,7,0,0,94,0,7,0,5,1091,6,0,16,5,60,32,0,19,0,0,0,4,28,34,38,0,15,143,37,867,13,13,368,33,0,0,0,0,0,0,7,14,0,0,103,22,0,17,0,0,5,129,23,0,295,190
SRR7146661,1,Pos,PRJNA464410,Duck,Duck,FW,H,F,filter,Anasclypeata,"SacramentoNationalWildlifeRefuge,GlennCounty",10.0,0,0,0,0,0,0,0,0,0,0,0,0,3,0,0,0,0,0,2,0,0,0,0,0,0,0,0,0,0,0,0,0,0,0,0,0,0,0,0,0,0,0,647,4327,0,0,10,0,0,0,0,0,1,0,0,1,0,0,0,0,0,0,0,2,0,0,0,0,0,7
SRR7146662,1,Pos,PRJNA464410,Duck,Duck,FW,A,M,filter,Anasclypeata,"SacramentoNationalWildlifeRefuge,GlennCounty",11.0,0,0,0,0,11,0,8,2,7,10,7,0,34,0,16,0,67,0,0,1,0,0,0,122,0,0,0,0,5,0,0,0,0,0,0,0,0,122,21,48,5,148,24,3419,9,7,40,0,0,8,10,0,111,0,7,0,33,19,0,0,2,0,0,137,0,472,0,0,68,0
SRR7146663,1,Pos,PRJNA464410,Duck,Duck,FW,H,F,dabbling,Anasamericana,"SacramentoNationalWildlifeRefuge,GlennCounty",11.0,0,0,0,0,2,5,0,0,0,0,0,0,0,0,0,0,0,0,0,0,0,0,0,62,0,0,0,0,0,0,0,0,0,0,0,0,0,1,7,0,0,0,9,155,5,0,2,0,0,0,0,0,0,0,0,0,0,0,0,0,3,0,0,3,0,4713,0,0,33,0
SRR7146665,1,Pos,PRJNA464410,Duck,Duck,S,H,F,dabbling,Anasplatyrhynchos,"GrizzlyIslandWildlifeArea(GIWA),SolanoCounty",7.0,2,0,2,0,68,0,0,0,0,2087,0,2,172,0,0,115,0,0,73,0,3,0,0,348,0,0,0,2,12,0,0,10,0,0,3,43,0,0,0,0,0,0,0,37,5,0,14,0,0,628,0,32,0,2,0,0,0,0,2,305,0,1014,0,10,0,0,0,9,0,0
SRR7146666,0,Neg,PRJNA464410,Duck,Duck,S,H,F,dabbling,Anasplatyrhynchos,"GrizzlyIslandWildlifeArea(GIWA),SolanoCounty",7.0,0,0,0,0,0,0,0,0,0,5,0,0,23,0,0,0,0,0,0,0,2,0,4742,0,0,0,0,0,0,0,0,0,0,0,0,0,0,0,0,0,0,0,0,66,0,0,0,0,0,0,0,0,59,0,36,0,0,0,0,0,0,0,0,45,0,22,0,0,0,0
SRR7146667,0,Neg,PRJNA464410,Duck,Duck,S,H,F,dabbling,Anasplatyrhynchos,"GrizzlyIslandWildlifeArea(GIWA),SolanoCounty",7.0,0,0,0,0,6,0,0,19,319,13,0,0,239,0,0,0,88,2,0,17,7,0,973,54,0,0,98,7,0,0,0,32,6,0,0,0,0,0,0,0,0,0,0,82,0,0,9,0,0,0,0,0,255,22,1510,0,59,43,0,0,0,0,0,1094,0,19,0,0,27,0
SRR7146668,0,Neg,PRJNA464410,Duck,Duck,S,H,M,dabbling,Anasplatyrhynchos,"GrizzlyIslandWildlifeArea(GIWA),SolanoCounty",7.0,0,0,0,0,0,0,0,30,439,57,0,0,118,0,0,0,482,0,0,64,0,0,561,0,0,27,15,0,0,0,0,0,0,0,0,0,0,0,0,0,0,0,0,0,0,0,0,0,0,0,0,0,767,26,27,0,287,67,0,0,0,0,0,2033,0,0,0,0,0,0
SRR7146671,0,Neg,PRJNA464410,Duck,Duck,S,H,M,dabbling,Anasplatyrhynchos,"GrizzlyIslandWildlifeArea(GIWA),SolanoCounty",7.0,0,0,0,0,0,0,0,33,381,159,0,0,341,0,0,0,583,0,0,28,14,0,378,0,0,0,0,0,0,0,0,42,16,0,0,0,0,0,0,0,0,0,0,90,0,0,5,0,0,39,0,0,576,68,44,0,97,696,0,0,0,61,0,1232,0,39,0,0,78,0
SRR7146672,1,Pos,PRJNA464410,Duck,Duck,S,A,F,dabbling,Anasplatyrhynchos,"GrizzlyIslandWildlifeArea(GIWA),SolanoCounty",7.0,3,6,0,0,0,0,0,0,0,1910,709,0,247,0,0,0,0,5,50,0,34,0,0,57,0,0,30,5,150,0,0,22,6,0,0,11,0,0,0,0,0,0,0,733,0,0,32,5,4,27,0,0,20,0,0,0,0,0,0,229,0,502,0,23,0,0,54,0,119,7
SRR7146674,1,Pos,PRJNA464410,Duck,Duck,FW,U,F,dabbling,Anascarolinensis,"GrizzlyIslandWildlifeArea(GIWA),SolanoCounty",10.0,27,12,69,0,0,0,0,0,0,0,0,0,2381,0,0,0,0,0,0,0,58,0,0,0,37,0,184,54,16,0,0,491,0,0,0,0,0,0,0,0,0,0,0,272,0,0,1093,0,0,27,106,0,3,0,11,0,0,0,0,0,0,0,0,18,0,0,0,0,11,0
SRR7146675,0,Neg,PRJNA464410,Duck,Duck,S,H,F,dabbling,Anasplatyrhynchos,"SuisunMarsh/Balboa,SolanoCounty",7.0,0,0,0,0,0,0,0,0,0,3,26,0,1,0,0,0,0,0,0,0,0,0,4,441,0,0,0,0,26,0,0,0,0,0,0,0,0,0,0,0,0,0,18,4393,22,0,4,3,0,21,3,0,0,0,0,0,3,0,0,2,0,19,0,11,0,0,0,0,0,0
SRR7146676,0,Neg,PRJNA464410,Duck,Duck,FW,U,M,filter,Anasclypeata,"SacramentoNationalWildlifeRefuge,GlennCounty",1.0,1,0,0,0,0,0,0,0,0,0,0,0,59,0,0,0,0,1,0,0,0,0,1,76,0,0,2,2,0,96,0,2,0,0,0,0,0,0,0,0,0,0,108,4541,5,0,75,0,0,0,1,0,0,0,0,2,0,0,0,1,0,10,0,0,0,15,0,0,2,0
SRR7146677,0,Neg,PRJNA464410,Duck,Duck,FW,U,M,filter,Anasclypeata,"SacramentoNationalWildlifeRefuge,GlennCounty",1.0,17,0,6,41,382,69,0,0,0,0,0,0,311,0,0,0,0,0,0,0,39,0,0,0,16,0,42,15,13,5,0,63,8,0,0,0,226,461,321,33,46,144,359,185,0,151,26,0,0,5,0,0,0,0,45,898,0,0,159,0,0,0,0,0,9,0,0,0,0,548
SRR7146678,0,Neg,PRJNA464410,Duck,Duck,FW,U,M,filter,Anasclypeata,"SacramentoNationalWildlifeRefuge,GlennCounty",1.0,0,0,2,0,19,0,0,0,0,0,0,0,14,0,1,0,0,0,0,0,2,0,0,133,0,0,0,0,0,1,0,3,2,0,0,0,0,1,1,0,0,0,17,4690,0,0,58,0,0,0,0,0,0,0,14,0,0,0,0,0,0,0,0,0,0,5,0,0,27,10
SRR7146679,0,Neg,PRJNA464410,Duck,Duck,FW,U,M,filter,Anasclypeata,"SacramentoNationalWildlifeRefuge,GlennCounty",1.0,8,0,0,0,274,0,0,0,0,205,0,0,103,0,0,0,0,0,0,0,43,0,0,334,0,0,4,6,3,0,0,76,15,0,7,0,0,0,0,0,0,0,145,3454,0,0,106,0,0,48,17,0,0,0,0,6,0,0,0,41,0,0,0,0,0,39,0,0,21,45
SRR7146680,1,Pos,PRJNA464410,Duck,Duck,S,H,F,dabbling,Anasplatyrhynchos,"GrizzlyIslandWildlifeArea(GIWA),SolanoCounty",7.0,0,0,0,0,0,0,0,0,0,0,0,0,15,0,0,6,0,0,0,0,0,0,0,150,0,0,0,0,0,0,0,0,0,0,0,0,0,0,0,0,0,0,0,3847,5,0,94,0,0,53,2,0,0,0,0,0,3,0,0,4,0,0,243,0,0,578,0,0,0,0
SRR7146683,0,Neg,PRJNA464410,Duck,Duck,FW,U,M,dabbling,Anasacuta,"SacramentoNationalWildlifeRefuge,GlennCounty",1.0,0,0,0,2,60,6,0,11,0,2,0,0,4,0,3,0,0,0,4,0,0,0,8,0,0,0,0,0,4,0,0,4,0,0,0,0,0,0,5,0,0,2,0,4517,0,0,128,0,4,45,13,0,0,2,0,0,0,0,0,0,0,0,116,6,7,18,0,6,23,0
SRR7146684,0,Neg,PRJNA464410,Duck,Duck,FW,U,M,dabbling,Anasacuta,"SacramentoNationalWildlifeRefuge,GlennCounty",1.0,0,0,0,0,0,7,0,0,0,691,0,0,0,0,0,0,0,0,2,0,0,0,0,42,0,0,0,3,0,0,0,0,0,0,0,2,0,0,4,0,0,0,0,1111,0,0,2284,1,2,62,0,4,0,0,0,0,0,0,0,7,2,77,0,11,3,0,575,24,86,0
SRR7146685,0,Neg,PRJNA464410,Duck,Duck,FW,U,M,filter,Anasclypeata,"SacramentoNationalWildlifeRefuge,GlennCounty",1.0,0,0,0,0,45,8,0,0,0,17,0,0,23,1,0,0,0,0,0,0,1,0,0,49,0,0,3,0,0,115,0,3,1,0,0,0,0,1,0,0,0,0,10,4623,0,0,24,0,0,0,0,0,0,0,0,0,0,0,3,1,0,4,0,0,0,13,21,5,5,16
SRR7146686,1,Pos,PRJNA464410,Duck,Duck,S,H,F,dabbling,Anasplatyrhynchos,"GrizzlyIslandWildlifeArea(GIWA),SolanoCounty",8.0,0,0,0,1,14,0,2,0,0,1083,0,0,33,0,0,23,0,0,0,0,0,0,0,14,0,0,4,0,7,0,0,3,0,36,0,4,0,0,0,0,0,0,894,1158,1,0,196,0,0,210,21,0,410,0,0,46,48,0,0,29,0,0,410,5,0,0,0,0,306,40
SRR7146687,1,Pos,PRJNA464410,Duck,Duck,S,H,M,dabbling,Anasplatyrhynchos,"GrizzlyIslandWildlifeArea(GIWA),SolanoCounty",8.0,15,0,0,0,0,0,0,0,0,0,0,5,468,0,0,12,0,11,23,0,13,0,0,68,9,0,17,9,19,0,0,44,0,0,289,0,0,0,0,0,0,7,0,398,0,0,301,0,19,408,1012,1163,97,0,0,0,11,0,0,0,0,375,0,0,0,0,0,0,191,0
SRR7146688,0,Neg,PRJNA464410,Duck,Duck,S,H,M,dabbling,Anasplatyrhynchos,"SuisunMarsh/Balboa,SolanoCounty",7.0,0,0,0,0,15,0,6,0,9,571,0,0,50,0,0,88,56,36,19,0,0,0,55,9,0,0,0,0,2,0,0,5,0,0,5,0,0,0,0,0,0,4,0,1609,0,0,14,85,0,573,0,4,166,0,0,0,17,32,0,483,0,668,0,373,0,0,0,0,46,0
SRR7146690,1,Pos,PRJNA464410,Duck,Duck,S,H,M,dabbling,Anasplatyrhynchos,"GrizzlyIslandWildlifeArea(GIWA),SolanoCounty",8.0,69,57,9,0,0,0,0,0,0,0,0,10,1417,0,645,34,0,0,3,0,77,0,0,1610,0,0,111,8,366,0,0,209,0,0,0,0,0,0,0,0,0,6,18,208,0,0,16,0,0,0,0,0,10,0,0,0,0,0,0,0,0,0,0,0,0,5,0,0,16,28
SRR7146691,1,Pos,PRJNA464410,Duck,Duck,S,H,M,dabbling,Anasplatyrhynchos,"GrizzlyIslandWildlifeArea(GIWA),SolanoCounty",8.0,0,0,3,0,0,0,0,0,128,0,0,0,122,0,0,18,30,0,0,0,4,0,0,44,0,0,18,4,0,0,0,9,1,3,9,0,0,0,0,0,0,7,0,3551,19,6,41,0,0,301,10,0,97,0,5,0,18,0,0,18,80,166,0,278,0,0,0,0,0,0
SRR7146692,0,Neg,PRJNA464410,Duck,Duck,S,H,F,dabbling,Anasplatyrhynchos,"GrizzlyIslandWildlifeArea(GIWA),SolanoCounty",8.0,0,0,0,0,0,0,0,0,306,3,0,0,4,0,0,0,40,0,3,0,0,0,13,632,0,0,0,0,2,0,0,0,0,0,1,0,0,0,0,0,0,0,60,3024,4,0,61,0,2,0,0,0,42,10,0,0,21,7,0,5,0,15,30,389,0,18,0,0,308,0
SRR7146693,1,Pos,PRJNA464410,Duck,Duck,S,H,M,dabbling,Anasplatyrhynchos,"GrizzlyIslandWildlifeArea(GIWA),SolanoCounty",8.0,0,1,3,0,2,0,3,0,5,58,0,4,136,0,8,11,0,0,4,0,3,292,0,400,4,0,36,8,1,8,0,23,0,846,0,0,0,0,0,0,0,0,26,1955,12,2,216,0,4,6,5,16,45,0,8,0,214,0,0,15,1,0,223,0,0,335,4,0,48,9
SRR7146694,1,Pos,PRJNA464410,Duck,Duck,S,H,M,dabbling,Anasplatyrhynchos,"GrizzlyIslandWildlifeArea(GIWA),SolanoCounty",8.0,10,0,24,0,6,6,0,0,0,2077,0,3,308,0,0,40,0,0,83,0,15,0,0,79,0,0,6,0,11,0,2,13,0,0,26,0,0,0,0,0,0,0,0,57,13,0,170,9,30,364,33,0,6,0,6,9,0,0,0,56,0,1450,0,0,0,0,0,0,13,63
SRR7146696,1,Pos,PRJNA464410,Duck,Duck,S,H,M,dabbling,Anasplatyrhynchos,"GrizzlyIslandWildlifeArea(GIWA),SolanoCounty",8.0,7,0,0,0,0,0,0,0,0,0,0,0,173,0,36,0,0,0,5,0,7,0,0,267,1,0,2,4,21,0,0,4,2,0,14,55,0,0,3,0,0,0,6,125,0,0,1223,0,13,426,9,0,0,0,5,0,0,0,0,95,0,0,887,0,0,0,0,1482,113,2
SRR7146697,0,Neg,PRJNA464410,Duck,Duck,S,H,F,dabbling,Anasplatyrhynchos,"GrizzlyIslandWildlifeArea(GIWA),SolanoCounty",8.0,0,0,0,0,0,0,0,3,0,574,2,0,51,0,0,0,30,28,0,0,6,1,9,339,0,0,4,0,28,0,0,5,3,30,0,5,0,0,0,0,0,3,82,1232,0,0,830,0,0,0,6,23,73,2,178,109,13,13,0,35,5,88,51,151,0,215,0,60,619,94
SRR7146698,1,Pos,PRJNA464410,Duck,Duck,S,H,F,dabbling,Anasplatyrhynchos,"GrizzlyIslandWildlifeArea(GIWA),SolanoCounty",8.0,18,0,8,0,0,0,0,0,0,29,0,0,343,0,0,12,0,0,0,0,15,13,0,25,5,0,36,0,3,16,0,55,0,0,29,17,0,0,0,0,0,0,19,1037,0,0,590,0,0,0,14,0,170,0,3,0,2271,0,0,60,0,79,0,0,0,0,0,3,115,0
SRR7146699,1,Pos,PRJNA464410,Duck,Duck,S,H,F,dabbling,Anasplatyrhynchos,"GrizzlyIslandWildlifeArea(GIWA),SolanoCounty",8.0,0,0,3,0,14,0,0,0,0,182,0,0,91,0,0,52,0,0,0,0,5,0,0,625,0,0,21,0,13,0,0,8,2,0,14,0,0,0,0,0,0,0,52,1246,12,0,817,2,0,540,40,0,8,0,4,0,36,0,0,0,0,591,0,0,0,0,0,622,0,0
SRR7146700,1,Pos,PRJNA464410,Duck,Duck,S,H,F,dabbling,Anasplatyrhynchos,"GrizzlyIslandWildlifeArea(GIWA),SolanoCounty",8.0,0,0,6,0,0,0,0,0,0,2182,0,0,32,0,0,105,0,0,25,0,3,3,0,5,0,0,0,0,27,0,0,9,0,0,37,0,0,0,0,0,0,0,43,342,0,0,148,0,0,0,28,205,735,0,11,0,250,0,0,67,0,722,0,0,0,0,0,0,15,0
SRR7146701,1,Pos,PRJNA464410,Duck,Duck,S,H,F,dabbling,Anasplatyrhynchos,"SuisunMarsh/ArnoldRanch,SolanoCounty",7.0,9,0,0,0,0,0,0,0,0,402,0,0,319,0,0,45,0,0,15,0,0,41,2,44,0,0,26,0,816,1,0,10,0,9,0,3,0,0,0,0,0,0,21,719,19,0,56,0,0,0,0,184,450,0,0,15,1733,0,0,34,0,0,0,0,0,0,0,0,0,15
SRR7146702,1,Pos,PRJNA464410,Duck,Duck,FW,U,F,filter,Anasclypeata,"GrizzlyIslandWildlifeArea(GIWA),SolanoCounty",10.0,1,0,0,0,377,0,0,0,0,317,0,6,44,0,0,131,0,0,139,0,0,1,0,20,0,0,2,3,17,2565,0,1,2,0,0,0,0,0,0,0,0,0,13,665,0,6,212,0,28,277,0,0,0,0,3,0,0,0,0,36,0,134,0,0,0,0,0,0,0,0
SRR7146703,1,Pos,PRJNA464410,Duck,Duck,FW,U,F,dabbling,Anasamericana,"GrizzlyIslandWildlifeArea(GIWA),SolanoCounty",10.0,0,0,0,0,1522,90,0,0,0,0,13,0,264,0,12,0,0,0,0,0,9,0,0,382,11,0,14,0,0,0,0,13,7,0,0,0,247,244,112,425,3,1042,0,175,0,124,244,0,0,0,31,0,0,0,0,0,0,0,11,0,0,0,0,0,0,0,5,0,0,0
SRR7146704,1,Pos,PRJNA464410,Duck,Duck,FW,U,M,filter,Anasclypeata,"GrizzlyIslandWildlifeArea(GIWA),SolanoCounty",10.0,0,0,12,0,0,0,5,0,0,18,0,0,255,0,123,411,0,0,2,0,9,0,0,59,1,0,27,0,7,0,0,28,0,0,0,20,0,0,8,0,0,1,3,2962,5,0,8,0,0,0,0,12,0,0,2,5,0,0,0,0,0,877,0,7,0,0,1,1,88,38
SRR7146705,1,Pos,PRJNA464410,Duck,Duck,FW,U,F,dabbling,Anascarolinensis,"GrizzlyIslandWildlifeArea(GIWA),SolanoCounty",10.0,2,4,0,0,0,0,0,0,0,0,0,0,117,0,0,0,0,0,0,0,2,0,0,52,0,0,3,0,0,0,0,2,0,0,0,0,0,0,0,0,0,0,135,4676,0,0,2,0,0,0,0,0,0,0,0,0,0,0,0,0,0,0,0,0,0,1,0,0,0,0
SRR7146707,1,Pos,PRJNA464410,Duck,Duck,S,A,M,dabbling,Anasplatyrhynchos,"GrizzlyIslandWildlifeArea(GIWA),SolanoCounty",7.0,0,0,0,0,690,166,0,0,0,0,12,8,283,0,0,0,0,0,0,0,0,82,2181,0,0,0,9,0,0,0,23,33,0,0,0,0,0,9,0,0,0,0,0,21,2,0,0,0,0,0,0,116,11,0,4,24,1311,0,0,0,0,0,0,0,0,0,0,0,0,15
SRR7146710,1,Pos,PRJNA464410,Duck,Duck,S,H,M,dabbling,Anasplatyrhynchos,"GrizzlyIslandWildlifeArea(GIWA),SolanoCounty",8.0,3,0,0,0,0,0,1,0,0,10,0,0,24,0,37,0,0,0,22,0,5,0,0,321,0,0,3,0,6,0,0,4,0,0,36,0,0,0,0,0,0,0,78,1541,0,0,334,83,0,741,31,4,12,0,2,0,0,0,0,163,0,0,1450,0,0,0,0,0,22,66
SRR7146711,0,Neg,PRJNA464410,Duck,Duck,S,H,F,dabbling,Anasplatyrhynchos,"GrizzlyIslandWildlifeArea(GIWA),SolanoCounty",7.0,0,0,0,0,682,0,258,0,0,0,0,0,0,0,0,0,0,0,0,0,0,0,3909,0,0,0,0,0,0,0,0,0,0,0,0,0,0,0,0,0,0,0,0,51,0,0,0,0,0,0,0,0,0,0,0,0,89,0,0,0,0,0,0,11,0,0,0,0,0,0
SRR7146713,1,Pos,PRJNA464410,Duck,Duck,S,H,M,dabbling,Anasplatyrhynchos,"GrizzlyIslandWildlifeArea(GIWA),SolanoCounty",8.0,0,0,0,0,7,0,0,0,0,899,0,0,57,0,0,24,0,0,9,0,0,0,5,2213,0,0,8,0,449,0,0,11,0,0,0,1,0,0,1,0,0,0,0,694,0,0,112,0,0,39,12,0,0,0,0,0,0,0,0,36,0,298,0,0,0,0,0,102,23,0
SRR7146714,0,Neg,PRJNA464410,Duck,Duck,FW,U,F,dabbling,Anasacuta,"ConawayRanch,YoloCounty",10.0,0,0,0,0,25,28,0,0,40,92,0,0,18,0,2,0,154,4,0,0,0,0,171,39,0,0,3,0,0,0,85,8,0,0,0,0,0,4,0,0,0,0,11,3454,101,0,43,0,0,0,0,0,132,18,0,0,31,43,0,0,0,0,2,237,0,136,0,0,109,0
SRR7146716,0,Neg,PRJNA464410,Duck,Duck,FW,U,U,dabbling,Anascarolinensis,"ConawayRanch,YoloCounty",10.0,1,1,0,0,24,0,51,0,12,61,0,2,22,0,0,0,31,0,0,0,0,0,9,8,0,0,0,0,0,0,0,3,0,0,0,0,0,0,0,0,0,0,126,2775,4,0,44,0,0,6,0,0,41,5,0,0,494,6,0,0,14,7,0,103,0,15,0,0,1135,0
SRR7146717,0,Neg,PRJNA464410,Duck,Duck,FW,U,F,dabbling,Anasacuta,"ConawayRanch,YoloCounty",10.0,0,0,0,0,13,11,9,0,10,0,0,0,40,0,3,0,49,0,3,0,0,0,70,98,0,0,0,2,0,0,0,0,5,0,0,0,0,0,0,0,0,0,39,2598,52,0,42,0,0,5,0,0,10,8,0,0,13,33,0,0,5,20,0,117,0,1615,0,0,125,0
SRR7146718,0,Neg,PRJNA464410,Duck,Duck,FW,U,F,dabbling,Anasacuta,"ConawayRanch,YoloCounty",10.0,0,0,0,0,682,41,70,6,94,21,0,0,50,0,8,0,77,0,3,0,0,18,31,0,0,0,10,0,5,21,75,6,0,0,0,0,0,0,0,0,0,0,62,658,11,0,459,6,0,244,0,0,212,4,14,0,45,55,0,5,5,0,0,721,0,710,0,0,562,0
SRR7146719,0,Neg,PRJNA464410,Duck,Duck,FW,U,U,dabbling,Anascarolinensis,"ConawayRanch,YoloCounty",10.0,4,0,0,0,596,208,577,14,214,18,32,0,117,0,0,0,176,11,0,11,16,0,88,43,0,0,9,15,0,0,0,39,0,0,0,0,63,9,106,87,8,84,0,35,0,0,73,0,18,51,0,0,248,39,3,0,62,53,22,0,117,539,0,790,90,24,0,0,23,0
SRR7146720,0,Neg,PRJNA464410,Duck,Duck,FW,U,F,dabbling,Anascarolinensis,"ConawayRanch,YoloCounty",10.0,2,0,3,0,7,5,0,2,18,0,0,0,95,0,7,0,62,0,0,0,12,0,0,818,0,0,9,10,4,0,8,29,0,0,6,0,0,16,0,16,2,0,55,203,7,1,1272,7,14,144,5,0,57,0,0,0,11,2,0,5,9,116,0,176,5,1776,0,0,4,0
SRR7146721,0,Neg,PRJNA464410,Duck,Duck,FW,U,F,dabbling,Anascarolinensis,"ConawayRanch,YoloCounty",10.0,0,3,0,0,17,0,2,0,357,565,0,0,34,0,0,1,225,0,0,0,0,0,43,23,0,0,6,0,0,0,0,4,0,0,0,0,0,0,0,0,0,0,66,147,0,0,332,28,0,2,0,0,438,36,20,0,11,143,0,4,0,101,0,2180,0,195,0,0,17,0
SRR7146723,0,Neg,PRJNA464410,Duck,Duck,FW,U,U,dabbling,Anascarolinensis,"ConawayRanch,YoloCounty",10.0,13,0,5,0,0,0,0,18,186,36,0,0,1343,0,0,0,296,0,0,0,241,0,189,0,7,0,122,22,0,0,0,205,27,0,0,0,0,0,0,0,0,0,0,0,0,0,0,0,0,0,5,0,483,58,90,0,111,150,0,0,0,0,0,1338,0,11,0,0,0,0
SRR7146724,0,Neg,PRJNA464410,Duck,Duck,FW,U,U,dabbling,Anascarolinensis,"ConawayRanch,YoloCounty",10.0,0,1,0,0,2,0,0,0,1,47,0,0,41,0,12,0,10,1,0,0,8,5,7,50,0,0,14,0,0,0,0,11,0,0,20,4,0,0,1,0,0,0,74,523,0,0,503,4,9,296,73,0,39,5,0,0,0,1,0,4,0,456,0,59,0,2692,0,26,1,0
SRR7146725,0,Neg,PRJNA464410,Duck,Duck,S,A,F,dabbling,Anasplatyrhynchos,"SuisunMarsh/Balboa,SolanoCounty",7.0,0,0,0,0,0,0,0,0,110,28,25,0,2,0,0,0,18,0,0,0,0,0,0,0,0,0,2,0,44,0,0,0,0,0,0,0,0,0,0,0,0,0,21,4325,0,0,32,0,0,13,0,0,17,8,0,0,8,0,0,6,0,14,0,208,0,60,40,5,4,10
SRR7146726,0,Neg,PRJNA464410,Duck,Duck,S,H,M,dabbling,Anasplatyrhynchos,"SuisunMarsh/Balboa,SolanoCounty",7.0,0,0,0,0,388,0,0,0,12,6,503,0,29,0,0,19,16,0,14,0,0,0,10,2893,0,0,0,0,3,12,0,3,0,0,0,0,0,0,20,0,0,14,43,249,23,4,0,0,0,223,0,0,27,4,0,0,0,5,4,0,128,0,0,39,14,0,0,0,274,0
SRR7146727,1,Pos,PRJNA464410,Duck,Duck,FW,U,M,dabbling,Anasplatyrhynchos,"ConawayRanch,YoloCounty",12.0,0,0,0,0,86,7,11,18,6,187,0,0,36,0,0,0,0,0,0,0,0,0,32,118,1,7,4,0,0,0,0,0,0,0,0,0,0,0,0,0,0,7,23,2679,0,0,24,0,0,5,0,0,7,3,4,0,3,0,3,5,1,0,1,25,7,1665,22,3,0,0
SRR7146728,1,Pos,PRJNA464410,Duck,Duck,S,H,F,dabbling,Anasplatyrhynchos,"SuisunMarsh/Sunrise,SolanoCounty",7.0,0,4,0,0,90,0,5,2,12,300,0,6,95,0,0,23,0,0,8,0,5,0,2,0,0,0,17,0,5,0,7,13,0,0,0,0,0,0,0,6,2,12,0,909,0,0,126,0,0,0,0,8,0,2,0,0,0,0,0,45,0,70,0,13,0,0,0,0,0,0
SRR7146729,1,Pos,PRJNA464410,Duck,Duck,S,H,F,dabbling,Anasplatyrhynchos,"SuisunMarsh/ArnoldRanch,SolanoCounty",7.0,0,0,4,0,4,0,4,0,0,2756,0,0,73,0,0,0,0,0,22,0,0,1,0,6,3,0,9,0,13,4,0,14,0,0,0,0,0,0,0,0,0,0,7,34,0,0,1497,0,0,165,0,0,7,0,2,0,19,0,0,43,0,0,0,0,0,9,0,0,299,0
SRR7146730,1,Pos,PRJNA464410,Duck,Duck,FW,H,M,filter,Anasclypeata,"SacramentoNationalWildlifeRefuge,GlennCounty",10.0,0,0,0,1,394,0,15,0,0,0,0,0,0,0,0,0,0,0,0,0,0,0,5,10,0,0,0,0,0,0,8,0,0,0,0,0,24,0,22,0,11,2114,0,61,0,14,361,0,0,0,0,0,0,0,0,0,0,0,32,3,444,0,11,4,8,1443,0,0,8,0
SRR7146731,1,Pos,PRJNA464410,Duck,Duck,S,H,M,dabbling,Anasplatyrhynchos,"SuisunMarsh/Sunrise,SolanoCounty",7.0,0,1,0,0,0,0,0,0,0,255,0,0,41,0,0,13,0,0,0,0,3,0,47,97,0,0,4,0,0,0,0,7,0,0,0,0,0,0,0,0,0,0,134,4274,11,0,91,0,0,0,0,0,0,0,0,0,0,0,0,17,0,0,0,0,0,4,0,0,0,0
SRR7146732,1,Pos,PRJNA464410,Duck,Duck,S,H,M,dabbling,Anasplatyrhynchos,"SuisunMarsh/ArnoldRanch,SolanoCounty",7.0,0,5,0,0,19,0,5,0,20,9,0,0,266,0,106,50,48,0,0,0,16,0,17,88,0,0,46,0,193,42,0,0,2,0,0,5,0,0,0,0,0,93,638,679,0,0,94,0,0,0,0,0,2038,15,89,0,229,0,0,22,41,0,0,91,0,0,0,0,0,0
SRR7146733,1,Pos,PRJNA464410,Duck,Duck,S,H,M,dabbling,Anasplatyrhynchos,"SuisunMarsh/Sunrise,SolanoCounty",7.0,0,1,4,8,23,0,16,0,0,147,3,0,54,0,0,20,0,0,2,0,5,2,0,459,0,0,9,3,0,0,0,7,0,0,0,4,0,1,33,0,0,17,100,3146,0,8,68,0,0,20,5,0,0,0,3,0,0,0,3,26,0,10,0,0,0,0,0,0,764,0
SRR7146734,1,Pos,PRJNA464410,Duck,Duck,S,H,F,dabbling,Anasplatyrhynchos,"SuisunMarsh/ArnoldRanch,SolanoCounty",7.0,18,7,0,0,0,0,0,0,0,0,0,0,352,0,0,81,0,0,0,0,39,5,0,0,0,0,15,5,12,72,0,35,0,0,0,0,0,0,0,0,0,0,1502,2493,0,0,79,0,0,0,4,0,118,1,0,0,109,0,0,14,0,0,0,0,0,11,0,0,0,0
SRR7146735,1,Pos,PRJNA464410,Duck,Duck,S,H,M,dabbling,Anasplatyrhynchos,"SuisunMarsh/ArnoldRanch,SolanoCounty",7.0,18,0,7,0,0,0,0,0,0,274,73,0,261,0,0,0,0,0,12,0,27,0,0,152,0,0,49,5,947,0,0,81,0,0,0,1,0,0,0,0,0,0,1065,1035,118,0,396,0,7,0,36,100,37,0,15,0,50,0,0,113,0,108,0,5,0,0,0,0,0,0
SRR7146736,1,Pos,PRJNA464410,Duck,Duck,FW,H,F,dabbling,Anasacuta,"SacramentoNationalWildlifeRefuge,GlennCounty",11.0,0,0,0,0,82,2,0,0,0,5,0,0,3,0,0,0,0,0,0,0,0,0,0,32,0,0,0,0,0,0,0,0,0,1404,0,2,0,3,0,26,0,40,0,2607,47,0,136,0,0,0,2,0,138,0,0,0,48,0,0,3,0,0,18,1,6,46,0,0,0,349
SRR7146738,1,Pos,PRJNA464410,Duck,Duck,FW,H,U,filter,Anasclypeata,"SacramentoNationalWildlifeRefuge,GlennCounty",11.0,0,0,0,0,23,4,0,0,3,2,0,0,5,0,0,0,0,0,0,0,0,0,5,2,0,0,2,0,0,52,0,0,0,0,0,0,2,0,8,0,0,1,314,3596,0,0,63,0,0,0,0,0,0,0,0,39,0,3,0,0,0,0,59,10,0,235,0,0,2,570
SRR7146739,0,Neg,PRJNA464410,Duck,Duck,S,H,M,dabbling,Anasplatyrhynchos,"SuisunMarsh/Balboa,SolanoCounty",7.0,0,0,0,0,2,0,0,0,0,734,102,0,6,0,0,0,0,0,2,0,1,0,6,947,0,0,0,2,1660,0,0,0,0,0,1,0,0,0,0,0,0,0,56,574,47,0,54,15,1,30,18,0,0,0,13,0,0,0,0,122,0,355,0,25,0,227,0,0,0,0
SRR7146740,1,Pos,PRJNA464410,Duck,Duck,FW,A,M,filter,Anasclypeata,"SacramentoNationalWildlifeRefuge,GlennCounty",11.0,2,0,0,0,0,0,0,2,3,23,0,0,92,0,0,0,25,0,5,3,0,0,10,9,0,0,0,4,0,339,0,0,0,10,0,0,0,0,0,0,0,0,83,2908,0,0,858,0,0,43,0,0,25,1,5,0,12,8,0,6,0,0,220,53,0,18,0,0,155,78
SRR7146741,0,Neg,PRJNA464410,Duck,Duck,FW,A,M,dabbling,Anasamericana,"SacramentoNationalWildlifeRefuge,GlennCounty",1.0,36,27,69,0,43,0,34,0,0,497,0,0,970,6,0,0,0,61,0,0,103,0,0,11,0,0,116,35,30,0,0,48,0,0,69,35,0,0,0,0,0,4,44,1246,0,0,769,14,23,499,48,0,0,0,29,0,0,10,0,22,37,0,0,0,0,14,23,0,28,0
SRR7146743,1,Pos,PRJNA464410,Duck,Duck,S,H,M,dabbling,Anasplatyrhynchos,"SuisunMarsh/ArnoldRanch,SolanoCounty",7.0,0,0,0,0,0,0,0,0,0,1483,0,0,97,0,0,1,0,0,0,0,2,0,0,0,0,0,11,0,1987,0,0,7,0,0,1,0,0,0,0,0,0,0,0,8,0,0,809,0,0,0,0,203,0,0,0,0,0,0,0,17,0,366,0,0,0,0,0,0,2,0
SRR7146744,1,Pos,PRJNA464410,Duck,Duck,FW,U,F,dabbling,Anasplatyrhynchos,"ConawayRanch,YoloCounty",12.0,0,0,0,0,36,0,46,0,15,103,0,0,14,0,0,0,11,0,0,0,2,0,115,4,0,8,0,0,0,4,0,0,0,0,0,0,0,0,0,0,0,0,107,3348,0,0,534,0,0,0,0,0,22,19,0,0,0,0,0,17,0,0,0,81,0,86,0,0,428,0
SRR7146745,1,Pos,PRJNA464410,Duck,Duck,S,H,F,dabbling,Anasplatyrhynchos,"SuisunMarsh/ArnoldRanch,SolanoCounty",7.0,0,0,0,0,19,0,0,0,0,897,0,0,0,0,0,0,0,0,0,0,0,0,0,83,0,0,0,0,6,0,0,0,0,0,0,4,0,0,0,0,0,0,11,3127,22,0,253,0,0,0,0,0,0,0,0,0,0,0,0,2,0,13,0,0,0,165,0,0,398,0
SRR7146746,1,Pos,PRJNA464410,Duck,Duck,S,H,M,dabbling,Anasplatyrhynchos,"SuisunMarsh/ArnoldRanch,SolanoCounty",7.0,8,0,10,44,87,0,0,0,0,2509,604,7,129,0,23,77,0,0,0,0,7,0,0,0,0,0,12,0,0,0,0,7,0,0,0,5,0,0,0,0,0,4,6,86,13,8,1007,0,0,0,92,4,0,0,0,0,0,0,32,214,0,0,0,0,0,0,0,0,5,0
SRR7146747,1,Pos,PRJNA464410,Duck,Duck,S,H,M,dabbling,Anasplatyrhynchos,"SuisunMarsh/ArnoldRanch,SolanoCounty",7.0,0,0,0,0,0,0,0,0,0,0,0,0,64,0,0,0,0,0,0,0,10,0,0,0,3,0,1,0,0,0,0,8,0,0,0,0,0,0,0,0,0,0,62,4771,11,0,70,0,0,0,0,0,0,0,0,0,0,0,0,0,0,0,0,0,0,0,0,0,0,0
SRR7146748,0,Neg,PRJNA464410,Duck,Duck,FW,U,M,filter,Anasclypeata,"SacramentoNationalWildlifeRefuge,GlennCounty",1.0,0,0,0,0,212,0,1,0,0,0,0,0,23,0,0,6,0,0,1,0,5,5,0,4,1,0,3,3,10,0,0,7,0,0,3,0,0,0,0,0,0,0,846,3146,0,0,519,0,16,57,2,0,0,0,23,0,0,0,0,3,0,7,0,0,0,53,0,18,24,2
SRR7146749,1,Pos,PRJNA464410,Duck,Duck,FW,U,F,dabbling,Anasamericana,"SacramentoNationalWildlifeRefuge,GlennCounty",10.0,0,0,0,0,0,0,0,0,62,65,0,0,80,0,28,0,50,11,20,0,0,0,150,272,0,0,8,0,0,0,0,4,0,0,12,0,0,0,0,0,0,0,26,1955,7,0,193,37,0,301,10,0,127,35,36,0,37,34,0,47,0,0,755,520,0,81,5,0,0,32
SRR7146750,1,Pos,PRJNA464410,Duck,Duck,FW,U,F,dabbling,Anasamericana,"SacramentoNationalWildlifeRefuge,GlennCounty",11.0,0,0,0,0,0,0,0,0,9,31,0,0,16,0,0,5,7,0,2,0,2,0,9,8,0,0,0,0,1,15,0,0,0,0,0,0,0,0,0,0,0,0,12,1675,0,0,0,0,0,0,0,4,57,0,0,0,11,0,0,0,0,9,0,146,0,2971,0,0,10,0
SRR7146751,0,Neg,PRJNA464410,Duck,Duck,FW,U,M,dabbling,Anascarolinensis,"ConawayRanch,YoloCounty",10.0,0,0,0,0,0,0,0,26,334,289,0,0,248,0,0,0,161,17,0,50,7,0,244,292,13,0,86,1,0,0,0,2,0,0,0,0,0,0,0,0,0,0,0,38,0,0,137,0,0,0,0,0,522,172,51,0,45,311,0,0,0,0,0,1954,0,0,0,0,0,0
SRR7146753,1,Pos,PRJNA464410,Duck,Duck,FW,U,F,dabbling,Anasamericana,"SacramentoNationalWildlifeRefuge,GlennCounty",11.0,0,0,2,0,2,0,0,0,50,34,0,0,106,0,3,0,45,0,0,0,5,0,16,38,0,0,3,2,1,0,0,6,0,0,0,0,0,0,0,0,0,0,120,4025,10,0,12,0,0,3,0,0,84,0,0,0,10,14,0,0,4,0,17,277,0,81,10,0,20,0
SRR7146754,0,Neg,PRJNA464410,Duck,Duck,FW,U,F,dabbling,Anasacuta,"ConawayRanch,YoloCounty",10.0,1,0,3,0,10,0,6,0,8,8,0,0,16,10,0,0,21,0,0,2,1,7,42,483,0,0,4,6,0,0,0,5,3,0,0,0,0,0,0,0,0,12,5,3300,88,0,57,0,0,12,2,0,79,3,0,0,74,4,0,0,0,28,0,122,0,552,2,0,24,0
SRR7146755,0,Neg,PRJNA464410,Duck,Duck,FW,U,M,dabbling,Anasacuta,"ConawayRanch,YoloCounty",10.0,0,0,0,0,39,2,0,0,0,3,0,0,2,0,0,0,0,0,0,0,0,62,7,0,0,0,0,0,0,0,0,0,0,0,0,0,0,0,0,0,0,0,638,322,145,0,3,1,0,13,2,0,0,0,0,0,58,2,0,0,0,9,0,5,2,3613,4,0,20,48
SRR7146756,0,Neg,PRJNA464410,Duck,Duck,FW,U,M,dabbling,Anasacuta,"ConawayRanch,YoloCounty",10.0,0,0,2,0,102,12,2,0,7,95,0,0,2,0,0,3,0,0,4,0,0,21,0,17,0,0,2,6,0,0,0,2,0,0,0,0,0,0,21,0,0,1,755,1365,22,1,267,0,0,3,0,0,28,0,15,0,0,0,0,0,81,28,0,10,7,1789,0,4,326,0
SRR7146757,0,Neg,PRJNA464410,Duck,Duck,FW,U,F,dabbling,Anasacuta,"ConawayRanch,YoloCounty",10.0,0,1,0,0,4,0,7,0,3,0,0,0,6,47,0,0,2,0,0,0,0,0,0,4,0,0,2,0,0,0,0,0,1,0,0,0,0,0,0,0,0,0,185,3691,0,0,139,0,0,0,4,0,5,0,0,0,0,0,0,2,0,0,83,6,0,630,0,0,178,0
SRR7146758,1,Pos,PRJNA464410,Duck,Duck,FW,U,F,filter,Anasclypeata,"SacramentoNationalWildlifeRefuge,GlennCounty",11.0,0,0,0,0,1,0,0,0,142,46,0,0,140,0,0,0,64,0,3,0,0,0,15,14,0,0,0,5,0,128,0,4,0,0,0,3,0,0,0,0,0,0,1209,264,0,0,1851,0,0,15,0,0,150,12,12,0,19,56,0,0,0,6,0,150,0,0,0,0,188,503
SRR7146759,1,Pos,PRJNA464410,Duck,Duck,FW,U,M,filter,Anasclypeata,"SacramentoNationalWildlifeRefuge,GlennCounty",11.0,0,0,0,0,5,0,11,0,4,4,0,0,14,0,0,0,14,0,0,0,2,1,10,25,0,0,0,0,0,0,0,2,0,0,0,0,1,4,3,0,0,0,0,3344,0,0,16,0,0,0,0,0,38,0,0,3,6,9,0,0,25,0,0,18,4,831,0,0,9,597
SRR7146761,0,Neg,PRJNA464410,Duck,Duck,S,H,F,dabbling,Anasplatyrhynchos,"GrizzlyIslandWildlifeArea(GIWA),SolanoCounty",7.0,0,0,0,0,3246,0,0,10,112,0,0,0,81,0,0,0,83,2,0,0,0,0,106,11,0,0,0,0,0,0,0,0,0,0,0,0,0,0,111,11,0,0,0,484,0,0,0,0,0,0,2,0,207,0,7,0,25,0,34,0,0,29,0,403,0,0,0,0,36,0
SRR7146762,1,Pos,PRJNA464410,Duck,Duck,FW,A,F,filter,Anasclypeata,"SacramentoNationalWildlifeRefuge,GlennCounty",12.0,8,0,0,0,11,0,0,30,102,107,0,0,451,0,0,0,24,7,18,6,17,0,289,94,0,14,10,0,9,0,0,28,0,0,158,0,0,5,0,0,0,0,0,968,0,0,192,0,0,139,387,507,206,59,27,0,70,24,0,0,0,277,0,595,0,28,5,13,106,0
SRR7146763,1,Pos,PRJNA464410,Duck,Duck,S,H,F,dabbling,Anasplatyrhynchos,"SuisunMarsh/ArnoldRanch,SolanoCounty",7.0,25,0,23,0,6,0,0,0,0,0,0,0,926,0,16,0,0,0,13,0,35,0,0,384,5,0,153,15,83,0,0,112,0,0,0,5,0,0,0,0,0,0,863,1954,19,0,219,0,0,0,0,3,14,6,0,0,0,0,0,32,0,0,0,0,0,0,9,0,3,0
SRR7146764,1,Pos,PRJNA464410,Duck,Duck,FW,H,M,filter,Anasclypeata,"SacramentoNationalWildlifeRefuge,GlennCounty",12.0,2,0,0,0,1,0,0,0,30,34,0,0,132,0,0,15,19,1,0,0,6,0,27,402,0,0,5,0,11,4,0,11,0,10,0,0,0,0,0,0,0,7,114,2113,1239,0,162,0,0,45,0,0,65,14,10,4,14,12,0,12,0,22,0,228,0,0,0,0,223,6
SRR7146765,1,Pos,PRJNA464410,Duck,Duck,FW,A,F,filter,Anasclypeata,"SacramentoNationalWildlifeRefuge,GlennCounty",12.0,0,0,0,0,10,2,4,10,17,1311,0,0,129,0,0,23,22,2,0,0,1,0,31,27,0,0,3,0,9,0,0,14,0,14,0,0,0,0,0,0,0,0,668,1176,6,0,92,0,0,121,7,0,358,15,77,31,28,0,0,20,0,0,284,111,0,0,4,0,351,22
SRR7146766,1,Pos,PRJNA464410,Duck,Duck,FW,U,M,dabbling,Anasacuta,"GrizzlyIslandWildlifeArea(GIWA),SolanoCounty",1.0,4,0,0,0,29,0,0,0,0,0,0,0,135,0,0,0,0,0,24,0,0,0,0,748,0,0,0,0,0,0,0,8,0,0,0,0,0,0,0,0,3,2,16,991,125,0,168,0,0,39,2,0,0,0,4,0,0,1418,9,0,0,0,0,0,0,1,0,0,1270,0
SRR7146767,1,Pos,PRJNA464410,Duck,Duck,FW,A,F,filter,Anasclypeata,"SacramentoNationalWildlifeRefuge,GlennCounty",11.0,0,0,0,2,25,15,8,0,15,4,0,0,42,0,0,0,12,0,0,1,0,0,0,30,0,0,1,0,0,224,0,0,0,0,0,0,0,3,4,0,0,3,103,3671,5,0,549,0,0,9,0,15,17,2,2,4,1,4,0,0,2,0,0,37,0,129,0,0,36,24
SRR7146769,1,Pos,PRJNA464410,Duck,Duck,FW,A,M,filter,Anasclypeata,"SacramentoNationalWildlifeRefuge,GlennCounty",11.0,0,0,0,0,0,0,0,0,3,6,0,0,91,0,0,0,35,0,0,0,7,0,0,0,0,0,6,4,0,0,0,0,0,0,5,0,0,34,22,0,0,42,0,312,0,2,60,0,6,0,0,0,39,7,0,2719,28,9,0,0,0,0,0,70,0,10,0,0,710,773
SRR7146770,1,Pos,PRJNA464410,Duck,Duck,FW,A,F,filter,Anasclypeata,"SacramentoNationalWildlifeRefuge,GlennCounty",11.0,0,0,0,1,70,44,0,0,6,101,0,4,19,0,0,3,8,0,0,0,0,0,13,0,0,0,1,0,0,0,0,0,0,0,0,0,8,8,67,0,12,27,16,78,0,22,26,0,0,0,0,0,22,13,0,101,0,8,33,0,0,13,0,48,0,0,16,0,38,4126
SRR7146772,1,Pos,PRJNA464410,Duck,Duck,FW,U,F,filter,Anasclypeata,"GrizzlyIslandWildlifeArea(GIWA),SolanoCounty",1.0,1,0,0,3,19,20,0,0,0,0,0,0,67,0,0,0,0,0,3,0,1,0,0,15,0,0,6,0,0,0,2,7,0,0,0,0,7,0,4,0,3,1,18,4199,0,2,553,0,0,1,0,0,0,0,0,45,0,0,0,0,0,0,0,0,0,0,0,0,8,0
SRR7146773,0,Neg,PRJNA464410,Duck,Duck,FW,A,M,dabbling,Anasamericana,"SacramentoNationalWildlifeRefuge,GlennCounty",1.0,50,58,6,0,32,0,0,0,0,0,0,0,2408,0,0,0,0,13,0,0,51,0,32,718,0,0,303,63,0,0,0,414,0,0,0,0,0,0,0,0,0,0,0,448,0,0,102,0,0,0,21,0,0,0,186,0,0,0,0,0,0,0,0,0,0,95,0,0,0,0
SRR7146774,1,Pos,PRJNA464410,Duck,Duck,FW,U,F,dabbling,Anascarolinensis,"GrizzlyIslandWildlifeArea(GIWA),SolanoCounty",1.0,5,0,0,5,3,0,0,0,0,0,0,0,239,0,2,0,0,0,23,0,2,0,0,928,0,0,26,3,0,0,0,10,0,0,0,0,0,0,0,0,0,0,0,1322,0,0,227,0,0,3,0,0,0,0,16,0,0,0,0,5,0,0,0,8,0,6,0,0,2162,0
SRR7146775,0,Neg,PRJNA464410,Duck,Duck,S,H,M,dabbling,Anasplatyrhynchos,"SuisunMarsh/Balboa,SolanoCounty",7.0,0,0,0,0,19,0,0,9,93,41,654,0,22,0,0,81,126,0,59,12,9,0,28,0,0,0,3,0,20,0,0,3,0,0,0,0,0,0,0,0,0,0,8,2218,0,6,169,194,46,0,30,8,92,2,88,0,75,76,0,335,0,0,0,435,0,15,12,0,12,0
SRR7146776,1,Pos,PRJNA464410,Duck,Duck,S,H,F,dabbling,Anasplatyrhynchos,"GrizzlyIslandWildlifeArea(GIWA),SolanoCounty",7.0,14,15,4,0,0,0,0,0,0,1408,4,0,464,0,0,0,0,0,34,0,19,0,0,1257,6,0,46,2,27,0,0,66,4,0,0,3,0,0,0,0,0,0,4,1202,8,0,114,0,0,16,6,62,11,0,0,0,8,0,0,59,0,87,0,0,0,0,0,1,0,0
SRR7146777,0,Neg,PRJNA464410,Duck,Duck,FW,A,M,filter,Anasclypeata,"SacramentoNationalWildlifeRefuge,GlennCounty",1.0,2,3,0,0,9,0,0,0,0,89,0,0,165,2,0,5,0,0,4,0,10,3,4,5,9,0,23,12,0,10,0,12,0,0,7,0,0,8,4,0,0,0,123,3669,0,0,234,0,23,71,25,0,0,0,9,21,0,0,0,10,0,0,13,0,0,49,95,0,20,251
SRR7146778,0,Neg,PRJNA464410,Duck,Duck,FW,H,M,filter,Anasclypeata,"SacramentoNationalWildlifeRefuge,GlennCounty",1.0,32,41,0,0,0,0,0,0,0,0,0,0,533,0,0,0,0,6,0,0,30,0,0,444,14,0,18,15,0,0,0,81,0,0,0,0,0,0,0,0,0,0,0,3378,0,0,0,0,0,0,0,0,7,0,0,0,5,0,0,0,0,0,0,0,0,367,0,0,0,0
SRR7146780,1,Pos,PRJNA464410,Duck,Duck,FW,U,F,dabbling,Anascarolinensis,"GrizzlyIslandWildlifeArea(GIWA),SolanoCounty",1.0,12,0,7,0,55,0,0,0,0,436,0,0,549,0,0,9,0,0,0,0,12,0,0,170,1,0,34,0,9,0,0,39,7,0,0,0,0,0,8,0,5,0,43,1179,0,2,1527,0,0,0,0,0,0,0,27,9,0,87,0,8,0,98,0,0,0,308,0,0,325,3
SRR7146781,0,Neg,PRJNA464410,Duck,Duck,FW,H,M,dabbling,Anasamericana,"SacramentoNationalWildlifeRefuge,GlennCounty",1.0,0,0,5,0,24,0,6,0,0,0,0,0,393,0,9,0,0,0,14,0,0,2,0,518,0,0,51,20,0,0,0,22,16,0,0,0,0,0,0,0,2,12,0,1141,398,0,234,0,24,0,24,0,0,0,3,0,0,0,1,1,28,0,9,0,0,2034,0,0,6,0
SRR7146782,0,Neg,PRJNA464410,Duck,Duck,FW,A,M,dabbling,Anasamericana,"SacramentoNationalWildlifeRefuge,GlennCounty",1.0,16,0,13,0,222,0,9,0,0,106,3,0,292,0,0,0,0,0,5,0,16,0,0,301,0,0,29,17,0,0,10,27,0,0,0,0,0,0,0,0,0,6,0,2433,30,0,214,1,9,20,0,0,0,0,0,0,0,0,3,0,269,0,15,0,0,412,0,0,498,0
SRR7146783,0,Neg,PRJNA464410,Duck,Duck,FW,A,M,dabbling,Anasamericana,"SacramentoNationalWildlifeRefuge,GlennCounty",1.0,0,0,0,40,1950,0,0,0,0,0,9,0,31,0,0,0,0,0,0,0,0,0,0,284,1,0,0,0,0,0,63,0,0,0,5,0,31,41,115,33,33,85,0,817,47,0,51,0,4,19,0,0,0,0,2,0,0,0,0,2,340,0,0,0,387,488,3,0,119,0
SRR7146784,1,Pos,PRJNA464410,Duck,Duck,FW,U,M,dabbling,Anasacuta,"GrizzlyIslandWildlifeArea(GIWA),SolanoCounty",12.0,0,0,0,0,3,0,5,0,0,1,0,0,2,0,0,0,0,0,40,0,1,0,0,344,0,0,1,0,0,0,0,0,0,0,0,0,0,0,5,1,0,0,0,2276,13,0,42,0,0,0,0,0,0,0,0,0,1,0,0,0,17,177,0,0,1,10,0,0,2060,0
SRR7146785,0,Neg,PRJNA464410,Duck,Duck,FW,A,M,filter,Anasclypeata,"SacramentoNationalWildlifeRefuge,GlennCounty",1.0,1,2,3,4,106,0,0,0,0,5,1,0,106,0,0,0,1,23,0,0,0,0,4,8,0,0,6,2,0,6,0,5,1,0,0,0,0,12,2,8,0,0,128,4169,0,7,44,0,0,24,0,0,0,3,228,0,0,0,0,2,0,11,0,0,0,62,12,0,4,0
SRR7146786,1,Pos,PRJNA464410,Duck,Duck,FW,U,M,dabbling,Anascarolinensis,"GrizzlyIslandWildlifeArea(GIWA),SolanoCounty",12.0,4,2,2,0,44,4,4,0,1,161,8,0,45,0,4,0,0,1,1,0,2,0,0,845,0,0,6,2,1,1,1,4,0,2,0,0,7,7,7,2,0,22,36,1163,0,1,283,0,0,5,0,0,0,0,2,0,0,0,0,1,72,12,38,0,8,3,67,4,2112,3
SRR7146787,1,Pos,PRJNA464410,Duck,Duck,S,H,M,dabbling,Anasplatyrhynchos,"GrizzlyIslandWildlifeArea(GIWA),SolanoCounty",7.0,0,0,0,0,7,0,0,0,0,2060,0,0,23,0,0,223,0,0,259,0,0,0,0,90,0,0,3,0,43,0,0,1,0,0,0,0,0,0,0,0,0,2,0,110,0,0,82,0,0,0,0,0,4,0,0,0,20,0,0,0,0,2073,0,0,0,0,0,0,0,0
SRR7146788,1,Pos,PRJNA464410,Duck,Duck,FW,U,F,filter,Anasclypeata,"GrizzlyIslandWildlifeArea(GIWA),SolanoCounty",10.0,1,0,6,0,40,6,0,0,0,0,0,0,167,0,58,54,0,2,35,0,16,1,3,6,1,0,13,9,23,281,0,7,0,0,13,0,0,0,2,0,0,2,308,1426,0,1,1294,0,0,55,15,0,3,0,5,0,8,0,0,36,0,1000,0,0,0,26,6,0,0,62
SRR7146789,1,Pos,PRJNA464410,Duck,Duck,S,H,M,dabbling,Anasplatyrhynchos,"MandevilleIsland,SanJoaquinCounty",8.0,0,0,0,0,4,3,0,0,0,0,0,0,98,0,0,0,0,5,0,0,4,0,5,51,0,0,8,0,0,66,0,11,0,0,0,0,0,0,6,0,0,0,542,3965,19,0,35,0,0,14,0,0,10,0,35,0,0,0,0,0,0,45,0,2,3,34,0,0,1,34
SRR7146790,1,Pos,PRJNA464410,Duck,Duck,S,A,M,dabbling,Anasplatyrhynchos,"MandevilleIsland,SanJoaquinCounty",8.0,18,4,0,0,312,5,3,0,0,13,0,7,229,0,9,0,0,0,11,0,6,0,0,412,0,0,17,2,0,0,2,14,0,0,0,0,0,0,9,0,0,28,59,1886,1,0,248,0,0,67,0,2,0,0,12,0,3,0,192,2,0,0,0,0,0,1152,0,0,275,0
SRR7146792,1,Pos,PRJNA464410,Duck,Duck,S,H,F,dabbling,Anasplatyrhynchos,"MandevilleIsland,SanJoaquinCounty",8.0,0,0,0,0,0,0,0,189,96,1133,0,0,4,0,0,0,0,0,0,0,0,0,1762,0,0,334,0,0,0,0,0,0,0,0,0,0,0,0,0,0,0,0,0,90,0,0,0,0,0,0,0,0,0,683,0,0,0,0,0,0,0,0,0,709,0,0,0,0,0,0
SRR7146794,0,Neg,PRJNA464410,Duck,Duck,S,A,M,dabbling,Anasplatyrhynchos,"MandevilleIsland,SanJoaquinCounty",8.0,0,11,0,0,0,0,0,95,291,294,0,0,222,0,0,0,150,0,0,117,0,0,729,29,0,24,19,0,0,0,0,45,0,7,0,0,0,0,0,0,0,0,0,320,16,0,120,0,0,0,0,0,636,107,96,0,169,0,0,0,0,0,0,1503,0,0,0,0,0,0
SRR7146797,1,Pos,PRJNA464410,Duck,Duck,S,A,M,dabbling,Anasplatyrhynchos,"MandevilleIsland,SanJoaquinCounty",8.0,16,0,5,0,0,0,0,59,681,127,0,0,1169,0,0,0,540,0,0,0,47,0,346,0,4,0,6,31,0,0,0,80,0,0,0,0,0,0,0,0,0,0,0,77,0,0,0,0,0,0,0,0,707,39,5,0,72,132,0,0,0,0,0,797,0,60,0,0,0,0
SRR7146798,0,Neg,PRJNA464410,Duck,Duck,S,H,M,dabbling,Anasplatyrhynchos,"MandevilleIsland,SanJoaquinCounty",8.0,0,0,0,0,0,0,0,0,171,120,0,0,776,0,0,0,570,0,0,0,0,0,140,4,0,0,22,12,0,0,0,66,13,0,0,0,0,0,0,0,0,0,0,0,0,0,17,0,0,0,0,0,1014,46,30,0,86,130,0,0,0,0,65,1567,0,60,0,0,77,0
SRR7146800,1,Pos,PRJNA464410,Duck,Duck,FW,H,M,dabbling,Anasamericana,"SacramentoNationalWildlifeRefuge,GlennCounty",10.0,0,0,0,0,1388,29,0,0,0,0,0,0,36,0,3,0,0,0,27,0,0,0,0,473,0,0,4,2,0,0,0,6,0,0,0,0,6,15,57,7,0,340,37,1551,0,0,143,0,0,0,0,0,0,0,0,0,0,0,521,2,0,0,36,0,0,15,0,0,302,0
SRR7146802,1,Pos,PRJNA464410,Duck,Duck,FW,U,M,dabbling,Anasplatyrhynchos,"ConawayRanch,YoloCounty",11.0,0,0,0,0,2,0,0,0,0,383,0,0,0,23,0,0,0,0,0,0,0,0,0,492,0,0,0,0,0,26,0,0,0,0,0,0,0,0,0,3,0,2,127,1920,17,0,26,0,0,0,0,0,1,0,0,0,2,46,0,22,0,0,6,3,0,1371,305,0,223,0
SRR7146803,1,Pos,PRJNA464410,Duck,Duck,FW,U,M,dabbling,Anasplatyrhynchos,"ConawayRanch,YoloCounty",11.0,0,0,0,0,0,0,0,0,18,131,1,0,44,3,0,0,11,0,0,0,0,0,4,53,0,0,0,0,0,25,0,0,0,0,1,0,0,0,8,0,0,11,28,2279,0,0,106,5,0,0,0,185,36,7,0,0,0,36,2,16,0,0,0,16,0,1276,402,0,296,0
SRR7146804,0,Neg,PRJNA464410,Duck,Duck,FW,H,F,dabbling,Anasamericana,"SacramentoNationalWildlifeRefuge,GlennCounty",1.0,0,0,0,0,0,0,0,0,0,0,0,0,20,0,0,0,0,0,3,0,1,0,0,16,1,0,0,0,0,1,0,2,0,0,2,0,0,0,0,0,0,0,12,699,206,0,21,0,2,8,3,0,0,0,20,0,0,0,0,3,0,0,4,0,0,3930,0,0,46,0
SRR7146806,1,Pos,PRJNA464410,Duck,Duck,FW,U,F,dabbling,Anasplatyrhynchos,"ConawayRanch,YoloCounty",11.0,0,0,0,0,0,0,0,0,0,18,0,2,36,0,8,0,10,0,0,0,3,0,0,187,0,0,0,0,0,2,0,5,0,0,0,0,0,0,0,0,0,5,75,4249,0,0,182,0,0,3,0,0,4,5,5,0,0,0,0,0,0,59,0,30,0,0,0,0,112,0
SRR7146807,1,Pos,PRJNA464410,Duck,Duck,FW,U,M,dabbling,Anasplatyrhynchos,"ConawayRanch,YoloCounty",11.0,0,0,0,20,265,65,56,0,0,35,0,0,0,0,0,0,0,0,0,0,0,0,0,113,0,0,0,0,1,0,0,0,0,0,0,0,0,31,22,9,0,100,87,2687,25,4,136,0,0,0,0,211,0,0,0,0,0,3,9,0,18,4,0,9,7,638,0,0,428,0
SRR7146809,1,Pos,PRJNA464410,Duck,Duck,FW,U,M,dabbling,Anasacuta,"ConawayRanch,YoloCounty",11.0,0,0,0,0,4,0,2,0,0,18,26,0,0,0,0,0,0,0,0,0,0,0,3,197,0,0,0,0,0,1,0,0,0,1,0,0,0,0,0,0,0,0,84,4445,10,0,10,0,0,1,0,0,0,0,1,0,12,0,0,0,0,10,0,0,0,18,1,0,156,0
SRR7146810,1,Pos,PRJNA464410,Duck,Duck,FW,U,M,dabbling,Anasplatyrhynchos,"ConawayRanch,YoloCounty",11.0,10,0,0,101,1144,380,346,0,0,385,17,0,161,0,12,0,15,0,0,0,4,0,3,149,0,0,4,0,2,0,0,10,4,0,0,14,25,15,92,97,20,18,0,915,0,13,113,0,0,8,6,0,8,0,0,0,0,5,5,53,0,18,0,0,2,16,634,9,24,11
SRR7146811,1,Pos,PRJNA464410,Duck,Duck,FW,U,M,dabbling,Anasplatyrhynchos,"ConawayRanch,YoloCounty",11.0,0,0,0,0,4,0,0,0,0,360,0,0,0,41,0,3,0,0,5,0,0,0,0,279,0,0,0,0,2,0,0,0,0,0,0,0,0,0,0,0,0,0,5,2193,9,0,92,0,0,9,0,0,0,0,0,0,0,13,0,6,0,7,0,0,0,643,1013,106,210,0
SRR7146814,0,Neg,PRJNA464410,Duck,Duck,FW,A,F,dabbling,Anasamericana,"SacramentoNationalWildlifeRefuge,GlennCounty",1.0,0,0,0,0,0,0,0,6,41,228,0,0,74,0,18,0,98,0,0,0,0,0,0,17,0,0,6,0,9,0,0,0,4,0,5,10,0,0,0,0,0,0,36,2692,5,0,347,4,0,0,21,0,111,8,0,0,16,657,0,0,0,0,241,79,0,96,0,0,171,0
SRR7146815,0,Neg,PRJNA464410,Duck,Duck,FW,A,M,dabbling,Anasamericana,"SacramentoNationalWildlifeRefuge,GlennCounty",1.0,0,15,0,0,0,0,0,0,0,0,0,39,434,0,0,160,0,8,39,0,0,0,4,12,0,0,12,0,13,0,0,16,0,0,15,0,0,3,0,0,0,0,57,433,0,0,192,11,11,0,26,0,24,0,0,1756,0,0,0,0,0,0,328,13,0,35,0,0,8,1329
SRR7146816,0,Neg,PRJNA464410,Duck,Duck,FW,A,M,dabbling,Anasamericana,"SacramentoNationalWildlifeRefuge,GlennCounty",1.0,0,0,0,0,13,0,0,0,0,0,0,0,102,0,0,0,0,0,0,0,0,0,0,1,0,0,0,0,0,36,0,6,0,0,0,0,3,0,0,0,0,0,187,3775,0,0,825,0,0,0,0,0,0,0,6,0,21,0,0,0,0,0,0,0,0,0,0,0,0,25
SRR7146817,1,Pos,PRJNA464410,Duck,Duck,S,H,M,dabbling,Anasplatyrhynchos,"MandevilleIsland,SanJoaquinCounty",7.0,53,0,37,0,22,0,0,0,0,118,0,6,1281,0,0,0,0,14,7,0,41,0,0,155,18,0,37,56,0,0,0,117,26,0,0,0,0,0,0,0,0,10,63,2207,0,0,91,0,0,10,0,0,19,0,8,0,60,0,0,5,87,36,0,0,28,21,36,0,283,0
SRR7146819,1,Pos,PRJNA464410,Duck,Duck,S,H,F,dabbling,Anasplatyrhynchos,"MandevilleIsland,SanJoaquinCounty",7.0,0,0,0,0,0,0,0,191,73,1238,0,0,0,0,0,0,0,0,0,0,0,0,1679,0,0,317,0,0,0,0,0,0,0,0,0,0,0,0,0,0,0,0,0,0,0,0,0,0,0,0,0,0,21,790,0,0,0,0,0,0,0,0,0,685,0,0,6,0,0,0
SRR7146820,1,Pos,PRJNA464410,Duck,Duck,S,H,M,dabbling,Anasplatyrhynchos,"MandevilleIsland,SanJoaquinCounty",7.0,0,0,0,0,0,0,0,200,57,1324,0,0,7,0,0,0,0,0,0,0,0,0,1599,0,0,249,2,0,0,0,0,3,0,0,0,0,0,0,0,0,0,0,0,48,0,0,9,0,0,0,0,0,0,788,0,0,42,0,0,0,0,0,0,672,0,0,0,0,0,0
SRR7146821,1,Pos,PRJNA464410,Duck,Duck,S,H,F,dabbling,Anasplatyrhynchos,"GrizzlyIslandWildlifeArea(GIWA),SolanoCounty",7.0,55,0,20,0,0,0,0,0,0,0,0,0,2231,0,57,0,0,0,0,0,19,6,0,1110,18,0,83,7,18,0,0,103,38,0,13,74,0,0,0,0,0,0,0,45,0,0,297,0,0,0,31,0,5,0,0,0,0,0,0,486,0,216,0,0,0,0,13,0,0,0
SRR7146822,1,Pos,PRJNA464410,Duck,Duck,S,H,F,dabbling,Anasplatyrhynchos,"GrizzlyIslandWildlifeArea(GIWA),SolanoCounty",7.0,16,52,20,0,0,0,0,0,0,608,0,0,2087,0,0,71,0,0,0,0,17,0,0,27,11,0,92,23,14,0,0,151,27,0,0,0,0,0,0,0,0,0,0,89,0,0,212,0,0,298,32,0,65,0,11,0,155,0,0,0,0,0,343,0,0,467,21,0,0,0
SRR7146823,1,Pos,PRJNA464410,Duck,Duck,S,H,M,dabbling,Anasplatyrhynchos,"GrizzlyIslandWildlifeArea(GIWA),SolanoCounty",7.0,53,24,180,0,0,0,0,0,0,552,0,40,2600,0,0,0,0,0,0,0,117,33,0,123,65,0,343,34,1,0,0,157,20,0,0,0,0,0,36,0,0,0,53,305,0,0,0,0,0,146,8,0,0,0,0,0,0,0,0,0,0,0,0,0,0,0,0,0,0,0
SRR7146826,1,Pos,PRJNA464410,Duck,Duck,S,H,M,dabbling,Anasplatyrhynchos,"GrizzlyIslandWildlifeArea(GIWA),SolanoCounty",7.0,3,0,17,15,339,21,45,0,0,1100,3,2,277,0,9,403,0,0,9,0,0,0,0,0,5,0,6,3,677,0,16,18,0,0,0,16,0,0,0,0,0,18,0,11,0,0,0,13,28,847,24,0,0,0,0,0,0,0,0,334,2,723,0,0,0,0,0,0,0,0
SRR7146827,1,Pos,PRJNA464410,Duck,Duck,S,H,M,dabbling,Anasplatyrhynchos,"SuisunMarsh/Sunrise,SolanoCounty",7.0,0,2,6,0,8,0,10,0,0,1723,0,0,275,0,79,258,0,0,122,0,6,0,0,34,0,0,9,0,16,0,8,13,0,0,7,33,0,0,0,0,0,0,141,231,0,0,260,0,10,203,55,60,449,0,0,0,22,0,0,276,0,222,457,0,0,0,0,0,0,0
SRR7146828,0,Neg,PRJNA464410,Duck,Duck,FW,U,F,dabbling,Anasacuta,"ConawayRanch,YoloCounty",10.0,0,0,4,0,87,293,415,0,35,7,3,0,102,0,5,0,31,7,2,0,0,0,16,0,0,0,17,3,3,0,0,9,0,0,0,0,14,7,33,0,0,20,52,3214,59,0,158,5,0,0,0,57,52,5,5,0,26,22,0,0,46,0,0,129,12,34,0,0,11,0
SRR7146829,0,Neg,PRJNA464410,Duck,Duck,FW,U,F,dabbling,Anascarolinensis,"ConawayRanch,YoloCounty",10.0,0,0,0,0,0,0,9,0,61,79,0,0,55,0,0,0,104,0,8,0,0,14,0,582,0,0,0,9,0,0,0,0,0,0,20,0,0,0,0,0,0,0,0,70,273,0,153,0,0,0,0,0,89,0,0,0,1507,18,0,0,0,78,0,200,0,735,0,0,936,0
SRR7146831,0,Neg,PRJNA464410,Duck,Duck,FW,U,F,dabbling,Anasacuta,"ConawayRanch,YoloCounty",10.0,0,0,0,3,341,147,399,0,0,26,26,0,7,9,0,0,15,0,0,1,0,0,0,12,0,2,2,0,0,0,0,0,0,0,0,2,0,0,30,30,3,0,5,1510,0,0,33,0,0,64,4,0,1,0,0,0,5,9,0,0,9,121,0,68,0,1326,0,41,749,0
SRR7146832,0,Neg,PRJNA464410,Duck,Duck,FW,U,F,dabbling,Anascarolinensis,"ConawayRanch,YoloCounty",10.0,0,0,0,0,0,0,5,0,0,20,0,0,0,0,0,0,0,0,0,0,0,0,0,6,0,0,2,0,0,19,0,0,0,0,0,0,0,0,0,0,0,0,2556,2300,5,0,35,0,0,0,0,0,0,0,0,0,15,1,0,0,0,3,0,0,0,27,0,0,4,2
SRR7146833,1,Pos,PRJNA464410,Duck,Duck,FW,U,M,dabbling,Anasamericana,"SacramentoNationalWildlifeRefuge,GlennCounty",10.0,0,0,0,0,0,0,0,40,56,120,0,0,43,0,0,0,47,0,0,0,0,0,239,167,0,35,0,0,0,0,0,3,0,0,0,0,0,0,0,0,0,0,8,3504,9,0,87,0,0,0,0,0,81,59,0,0,0,0,0,0,0,0,10,380,0,16,0,0,96,0
SRR7146834,1,Pos,PRJNA464410,Duck,Duck,S,A,F,dabbling,Anasplatyrhynchos,"MandevilleIsland,SanJoaquinCounty",8.0,0,0,0,0,0,0,0,298,23,1198,0,0,0,0,0,0,0,0,0,0,0,0,1856,0,0,260,0,0,0,0,0,0,0,0,0,0,0,0,0,0,0,0,0,41,0,0,0,0,0,0,0,0,0,603,0,0,0,0,0,0,0,0,0,721,0,0,0,0,0,0
SRR7146835,0,Neg,PRJNA464410,Duck,Duck,S,A,F,dabbling,Anasplatyrhynchos,"MandevilleIsland,SanJoaquinCounty",8.0,29,2,0,0,0,0,0,45,355,2,0,0,413,0,0,0,355,0,23,10,18,0,331,0,0,4,81,9,0,0,0,79,0,0,0,0,0,0,0,0,0,78,0,93,0,0,4,0,0,24,0,0,994,8,0,0,131,341,0,0,0,0,0,1358,0,62,0,0,151,0
SRR7146836,0,Neg,PRJNA464410,Duck,Duck,S,H,M,dabbling,Anasplatyrhynchos,"MandevilleIsland,SanJoaquinCounty",8.0,4,0,3,0,0,0,0,46,334,61,25,0,420,0,0,0,403,0,1,0,0,0,261,0,0,7,58,3,0,0,0,30,0,0,0,0,0,0,4,0,0,0,0,28,0,0,24,0,0,0,0,0,837,127,20,0,157,226,0,0,0,0,0,1764,0,53,0,0,104,0
SRR7146837,0,Neg,PRJNA464410,Duck,Duck,S,H,F,dabbling,Anasplatyrhynchos,"MandevilleIsland,SanJoaquinCounty",8.0,31,0,0,0,0,0,0,0,333,392,0,0,175,0,0,0,269,0,62,0,0,0,194,0,0,19,20,0,0,0,0,7,8,0,0,0,0,0,0,0,0,0,0,75,0,0,22,0,0,92,0,0,1010,160,58,0,237,374,0,0,0,0,17,1074,0,0,0,0,338,0
SRR7146838,0,Neg,PRJNA464410,Duck,Duck,FW,H,M,filter,Anasclypeata,"SacramentoNationalWildlifeRefuge,GlennCounty",1.0,0,0,0,155,1357,188,0,0,0,0,80,0,33,0,0,0,0,3,0,0,0,0,0,19,0,0,0,0,0,0,189,0,0,0,0,0,103,127,27,72,28,555,0,266,0,0,27,0,0,0,0,0,0,0,20,0,0,0,100,0,1268,0,0,0,68,308,0,0,7,0
SRR7146839,1,Pos,PRJNA464410,Duck,Duck,S,H,M,dabbling,Anasplatyrhynchos,"GrizzlyIslandWildlifeArea(GIWA),SolanoCounty",8.0,0,9,0,0,0,0,3,0,0,0,0,0,310,0,0,0,0,0,0,0,3,0,5,45,2,0,23,0,30,0,0,9,0,15,0,0,0,0,0,0,0,4,139,817,0,0,510,7,0,0,3,55,111,0,20,138,59,0,9,11,0,0,258,0,0,0,0,0,76,2293
SRR7146840,1,Pos,PRJNA464410,Duck,Duck,S,H,F,dabbling,Anasplatyrhynchos,"GrizzlyIslandWildlifeArea(GIWA),SolanoCounty",7.0,0,0,0,0,0,0,0,0,0,264,0,0,50,0,0,29,0,0,89,0,0,0,0,0,0,0,3,0,0,0,0,4,0,0,0,0,0,0,0,0,0,0,0,4023,5,0,0,0,0,0,0,2,1,0,0,0,0,0,0,102,0,423,0,0,0,0,0,0,5,0
SRR7146841,1,Pos,PRJNA464410,Duck,Duck,FW,H,M,filter,Anasclypeata,"SacramentoNationalWildlifeRefuge,GlennCounty",11.0,0,0,0,0,0,0,0,0,0,3,0,0,2,0,0,0,0,0,0,0,0,0,0,64,0,0,0,0,0,53,0,0,0,0,0,0,0,0,0,0,0,0,22,4815,0,0,9,0,0,0,0,0,0,0,0,0,0,0,0,0,0,0,0,3,0,22,5,0,2,0
SRR7146843,1,Pos,PRJNA464410,Duck,Duck,S,H,F,dabbling,Anasplatyrhynchos,"GrizzlyIslandWildlifeArea(GIWA),SolanoCounty",8.0,2,0,0,0,21,0,0,0,0,66,0,0,57,0,14,0,0,0,0,0,1,0,0,754,0,0,3,0,0,0,0,0,0,11,0,0,9,0,0,0,0,6,0,53,3360,0,373,0,0,72,0,0,3,0,3,0,2,0,0,79,0,107,0,0,0,0,0,0,4,0
SRR7146844,1,Pos,PRJNA464410,Duck,Duck,S,H,M,dabbling,Anasplatyrhynchos,"GrizzlyIslandWildlifeArea(GIWA),SolanoCounty",7.0,12,23,0,2,7,0,0,0,0,33,0,0,1103,0,0,22,0,0,7,0,9,0,0,3299,8,0,54,0,0,0,0,23,0,0,6,0,0,0,0,0,0,2,0,239,0,0,35,0,0,0,0,4,0,0,0,0,3,0,0,0,0,0,0,0,0,36,0,0,0,20
SRR7146846,1,Pos,PRJNA464410,Duck,Duck,S,H,M,dabbling,Anasplatyrhynchos,"GrizzlyIslandWildlifeArea(GIWA),SolanoCounty",7.0,0,0,6,0,634,71,0,0,0,0,1129,0,140,0,0,48,0,0,10,0,7,0,2,491,0,0,4,0,8,0,51,0,0,0,0,0,63,20,417,76,53,119,0,32,0,67,638,0,0,0,16,101,243,0,0,0,0,0,137,193,0,51,0,0,0,0,0,0,0,62
SRR7146848,1,Pos,PRJNA464410,Duck,Duck,S,H,M,dabbling,Anasplatyrhynchos,"GrizzlyIslandWildlifeArea(GIWA),SolanoCounty",7.0,58,19,17,0,0,0,0,0,0,274,33,0,2343,0,0,0,0,0,0,0,66,0,0,654,0,0,68,52,647,0,0,103,6,0,0,0,0,0,0,0,0,0,0,87,0,0,93,0,26,5,0,0,111,0,0,0,1,0,0,112,0,103,0,0,0,34,0,0,0,0
SRR7146849,1,Pos,PRJNA464410,Duck,Duck,S,H,F,dabbling,Anasplatyrhynchos,"GrizzlyIslandWildlifeArea(GIWA),SolanoCounty",7.0,13,14,5,0,0,0,0,0,0,869,48,0,791,0,0,8,0,0,1,0,28,0,5,1706,3,0,41,4,0,0,0,69,0,0,0,19,0,0,0,0,0,0,0,404,0,0,0,0,0,90,3,0,0,0,0,0,5,0,0,128,7,115,0,0,0,0,0,47,559,0
SRR7146850,1,Pos,PRJNA464410,Duck,Duck,S,H,M,dabbling,Anasplatyrhynchos,"GrizzlyIslandWildlifeArea(GIWA),SolanoCounty",7.0,57,14,0,0,0,0,0,0,0,1385,0,0,1330,0,0,0,0,0,0,0,59,0,0,509,0,0,155,0,627,0,0,124,11,0,0,0,0,0,0,0,0,0,0,20,0,0,0,0,0,0,0,0,0,0,9,0,4,0,0,51,0,268,0,0,0,263,0,30,0,0
SRR7146851,1,Pos,PRJNA464410,Duck,Duck,S,H,M,dabbling,Anasplatyrhynchos,"GrizzlyIslandWildlifeArea(GIWA),SolanoCounty",7.0,26,0,0,0,0,0,0,0,0,0,0,0,816,0,0,17,0,0,4,0,71,0,3,2405,8,0,38,0,18,0,0,25,4,0,0,9,0,0,0,0,0,0,45,324,0,0,183,0,0,101,0,0,32,0,0,0,765,0,0,89,0,0,0,0,0,0,0,0,0,0
SRR7146852,0,Neg,PRJNA464410,Duck,Duck,S,H,F,dabbling,Anasplatyrhynchos,"GrizzlyIslandWildlifeArea(GIWA),SolanoCounty",7.0,46,0,0,0,0,0,0,0,223,90,0,0,667,0,45,0,292,7,0,0,0,0,1085,0,0,0,13,0,0,0,0,16,6,0,0,0,0,0,0,0,0,0,28,0,0,0,0,0,0,0,0,0,835,120,71,0,50,153,0,0,0,0,0,1253,0,0,0,0,0,0
SRR7146853,0,Neg,PRJNA464410,Duck,Duck,S,H,M,dabbling,Anasplatyrhynchos,"GrizzlyIslandWildlifeArea(GIWA),SolanoCounty",7.0,0,0,19,0,0,0,0,0,265,219,0,0,64,0,0,104,195,0,0,0,0,0,55,108,0,0,8,59,0,0,0,0,0,0,6,0,0,0,0,0,0,0,0,94,0,0,13,24,43,0,12,0,304,21,4,0,9,107,0,47,0,2642,0,401,0,0,0,0,172,0
SRR7146854,1,Pos,PRJNA464410,Duck,Duck,FW,H,M,dabbling,Anasamericana,"SacramentoNationalWildlifeRefuge,GlennCounty",11.0,0,0,0,0,1,0,0,0,10,404,0,0,7,11,0,0,1,0,0,0,0,0,0,51,0,0,0,0,0,0,0,0,0,0,0,0,0,0,0,0,0,22,11,2905,0,0,45,0,0,5,0,11,0,0,0,2,0,0,0,0,13,145,0,17,0,24,0,0,1315,0
SRR7146855,0,Neg,PRJNA464410,Duck,Duck,FW,U,F,filter,Anasclypeata,"SacramentoNationalWildlifeRefuge,GlennCounty",1.0,13,0,41,0,0,0,0,0,0,149,0,0,355,0,0,0,0,0,4,0,0,0,0,0,0,0,57,0,0,0,15,77,0,0,10,0,0,0,0,0,0,0,0,144,0,0,64,0,0,14,21,0,0,0,274,118,0,0,10,23,0,21,0,0,0,0,0,0,0,3590
SRR7146856,0,Neg,PRJNA464410,Duck,Duck,FW,U,M,filter,Anasclypeata,"SacramentoNationalWildlifeRefuge,GlennCounty",1.0,0,0,2,0,4,2,0,0,0,48,0,0,64,0,0,3,0,3,0,0,8,0,0,0,0,0,10,2,0,48,0,2,0,0,2,0,0,0,0,0,3,0,36,40,0,0,192,2,6,14,0,0,0,0,76,126,0,0,0,18,0,46,0,0,0,0,195,0,51,3997
SRR7146857,0,Neg,PRJNA464410,Duck,Duck,FW,U,F,filter,Anasclypeata,"SacramentoNationalWildlifeRefuge,GlennCounty",1.0,2,0,0,0,299,0,0,0,0,0,0,0,126,0,0,2,0,1,4,0,0,0,0,186,2,0,0,4,0,110,0,4,0,0,0,0,0,0,6,0,0,0,40,3338,0,9,411,0,0,264,0,0,0,0,45,21,0,0,5,6,3,0,0,0,0,10,0,0,0,85
SRR7146858,0,Neg,PRJNA464410,Duck,Duck,FW,U,M,filter,Anasclypeata,"SacramentoNationalWildlifeRefuge,GlennCounty",1.0,0,0,0,0,45,0,0,0,0,170,0,0,1,20,0,0,0,0,1,0,0,0,0,4,0,0,0,0,0,220,0,0,0,0,2,0,0,0,0,0,0,0,57,4005,0,3,104,1,0,17,0,0,0,0,0,0,0,0,0,6,0,3,0,0,0,56,207,13,65,0
SRR7146859,0,Neg,PRJNA464410,Duck,Duck,FW,U,M,filter,Anasclypeata,"SacramentoNationalWildlifeRefuge,GlennCounty",1.0,0,0,0,0,56,0,0,0,0,372,0,0,25,0,0,0,0,0,0,0,0,0,0,278,0,0,3,0,1,0,0,1,0,0,1,0,0,0,0,0,0,0,0,2631,0,12,257,1,0,0,0,0,0,0,0,8,0,0,0,6,0,29,0,0,0,34,258,19,18,990
SRR7146860,0,Neg,PRJNA464410,Duck,Duck,FW,U,M,filter,Anasclypeata,"SacramentoNationalWildlifeRefuge,GlennCounty",1.0,0,0,0,124,1424,194,0,0,0,49,61,0,11,13,0,0,0,0,0,0,0,0,0,0,0,0,0,0,0,9,0,0,0,0,0,0,218,82,106,0,21,60,20,110,0,41,28,0,0,0,0,0,0,0,7,19,0,0,31,6,0,0,0,0,10,10,86,0,9,2135
SRR7146861,0,Neg,PRJNA464410,Duck,Duck,FW,U,M,filter,Anasclypeata,"SacramentoNationalWildlifeRefuge,GlennCounty",1.0,0,0,0,0,11,0,74,0,0,6,0,0,48,3,2,0,0,0,0,0,0,1,0,37,0,0,7,1,0,13,0,9,0,0,0,0,0,0,0,0,0,0,25,3992,0,0,519,2,0,44,0,0,0,0,21,4,0,0,0,72,0,9,0,0,0,16,16,2,28,38
SRR7146862,0,Neg,PRJNA464410,Duck,Duck,FW,U,M,filter,Anasclypeata,"SacramentoNationalWildlifeRefuge,GlennCounty",1.0,0,0,0,0,10,0,0,0,0,40,0,0,3,0,0,0,0,0,0,0,0,0,0,70,0,0,0,0,0,883,0,0,0,0,0,0,0,0,0,0,0,0,6,2353,0,0,6,0,0,0,0,0,0,0,1,34,0,0,0,0,0,8,0,0,0,12,0,1,78,1495
SRR7146863,0,Neg,PRJNA464410,Duck,Duck,S,H,M,dabbling,Anasplatyrhynchos,"SuisunMarsh/Balboa,SolanoCounty",7.0,0,0,2,0,3,0,6,0,15,1647,0,0,85,0,0,133,23,0,111,0,10,0,0,6,2,0,8,9,39,0,0,15,0,0,3,0,0,0,7,0,0,7,3,44,0,0,43,38,0,680,0,2,23,0,5,0,0,2,7,232,0,1261,0,59,0,466,0,1,0,0
SRR7146865,1,Pos,PRJNA464410,Duck,Duck,FW,U,M,dabbling,Anasplatyrhynchos,"ConawayRanch,YoloCounty",10.0,0,0,0,3,15,1,11,0,13,379,0,6,21,24,0,0,7,0,4,0,0,7,7,8,0,0,0,0,0,4,0,3,0,0,0,0,3,0,11,3,0,27,10,1403,0,0,2589,0,2,8,0,0,23,0,10,0,6,18,0,16,0,0,0,40,0,16,0,0,302,0
SRR7146866,1,Pos,PRJNA464410,Duck,Duck,FW,U,M,dabbling,Anasplatyrhynchos,"ConawayRanch,YoloCounty",10.0,0,0,0,0,210,11,248,0,0,49,0,0,0,0,0,0,0,0,0,0,0,0,0,251,0,0,0,0,0,6,0,0,0,0,0,0,0,0,0,0,0,13,7,296,27,0,14,0,0,0,0,0,0,0,0,0,0,0,0,1,205,1,0,0,1,3606,0,0,54,0
SRR7146868,1,Pos,PRJNA464410,Duck,Duck,FW,H,F,dabbling,Anasacuta,"ConawayRanch,YoloCounty",10.0,0,0,0,0,0,0,0,0,0,23,0,0,10,0,0,5,6,0,2,0,0,0,2,464,0,4,4,0,2,0,0,1,0,0,0,0,0,0,0,0,0,1,30,3251,0,0,4,0,6,3,0,53,14,1,2,0,123,2,0,3,0,8,0,23,0,951,0,0,2,0
SRR7146869,1,Pos,PRJNA464410,Duck,Duck,FW,U,M,dabbling,Anasplatyrhynchos,"ConawayRanch,YoloCounty",12.0,0,7,0,1,46,8,0,2,15,421,9,0,169,3,0,0,17,0,4,4,17,0,23,334,0,0,9,0,6,15,0,15,0,0,0,0,0,0,4,0,0,3,243,2660,16,0,90,0,0,21,0,0,37,20,0,3,40,9,0,23,0,54,0,186,0,231,42,0,160,27
SRR7146871,1,Pos,PRJNA464410,Duck,Duck,FW,H,M,dabbling,Anasamericana,"SacramentoNationalWildlifeRefuge,GlennCounty",10.0,0,0,0,0,158,0,0,0,0,300,35,0,31,0,35,0,0,0,0,0,1,0,0,0,0,0,6,0,15,0,0,6,0,26,6,0,0,0,132,34,12,1491,45,147,0,11,66,0,0,0,22,0,10,0,0,0,1889,0,20,8,24,408,0,0,0,0,0,0,0,0
SRR7146872,1,Pos,PRJNA464410,Duck,Duck,FW,H,M,filter,Anasclypeata,"SacramentoNationalWildlifeRefuge,GlennCounty",10.0,0,0,0,0,0,0,0,0,158,24,0,0,4,0,0,0,169,1,0,9,0,0,63,0,0,0,0,0,0,160,0,2,0,6,0,0,0,0,0,0,0,0,0,3637,0,0,25,0,0,0,0,0,237,28,6,0,46,0,0,0,0,0,0,318,0,1,0,0,0,106
SRR7146874,1,Pos,PRJNA464410,Duck,Duck,FW,H,M,dabbling,Anasacuta,"SacramentoNationalWildlifeRefuge,GlennCounty",10.0,0,0,0,0,3,0,8,0,0,0,0,0,9,0,1,0,0,0,4,0,0,0,0,529,0,0,2,0,0,0,0,0,0,0,0,0,0,0,0,0,0,2,16,3387,10,0,104,0,0,9,2,10,0,0,0,0,15,0,0,0,0,8,0,0,0,881,0,0,0,0
SRR7146875,1,Pos,PRJNA464410,Duck,Duck,FW,H,F,filter,Anasclypeata,"SacramentoNationalWildlifeRefuge,GlennCounty",12.0,1,11,8,0,0,0,0,0,4,9,0,45,409,0,0,142,0,12,33,2,3,0,6,0,4,0,28,6,7,0,0,27,0,0,14,0,0,5,0,0,0,0,38,378,4,0,173,1,14,0,45,0,32,0,28,1818,0,0,2,7,0,0,305,11,0,23,0,0,8,1332
SRR7146877,1,Pos,PRJNA464410,Duck,Duck,FW,H,F,filter,Anasclypeata,"SacramentoNationalWildlifeRefuge,GlennCounty",10.0,0,0,0,4,42,22,0,1,27,127,1,8,138,0,0,0,83,0,10,0,2,0,31,0,0,0,3,11,0,99,0,0,0,0,2,0,0,0,21,9,0,6,779,1932,11,14,183,0,0,146,0,0,190,12,11,30,23,56,6,0,0,244,0,241,0,58,41,10,21,345
SRR7146878,1,Pos,PRJNA464410,Duck,Duck,S,H,F,dabbling,Anasplatyrhynchos,"GrizzlyIslandWildlifeArea(GIWA),SolanoCounty",7.0,28,23,23,0,174,10,51,0,0,201,0,94,1418,0,0,0,0,0,0,0,34,0,0,7,9,0,53,0,0,0,0,76,11,0,0,0,0,17,129,0,0,245,133,1390,0,15,36,0,0,0,0,143,27,4,7,0,0,0,46,8,317,0,0,4,7,37,3,0,0,14
SRR7146880,1,Pos,PRJNA464410,Duck,Duck,FW,U,M,dabbling,Anasplatyrhynchos,"ConawayRanch,YoloCounty",12.0,0,0,0,0,19,0,0,0,0,154,802,3,144,44,0,0,27,0,7,0,3,0,104,88,0,0,5,5,41,10,0,8,0,0,0,0,0,0,0,0,0,0,40,1128,0,56,198,0,0,27,0,0,48,5,0,0,93,59,0,5,0,52,71,125,0,1017,147,360,105,0
SRR7146881,0,Neg,PRJNA464410,Duck,Duck,S,H,M,dabbling,Anasplatyrhynchos,"GrizzlyIslandWildlifeArea(GIWA),SolanoCounty",7.0,8,0,5,0,83,4,0,0,42,13,0,0,265,0,0,0,66,0,0,8,19,0,258,0,0,0,19,11,0,0,0,22,0,0,0,0,0,26,875,0,0,11,9,63,0,0,369,0,0,0,0,0,130,18,55,0,40,22,2088,0,0,0,10,151,0,0,0,0,0,0
SRR7146882,0,Neg,PRJNA464410,Duck,Duck,S,H,M,dabbling,Anasplatyrhynchos,"GrizzlyIslandWildlifeArea(GIWA),SolanoCounty",7.0,5,0,0,0,16,0,0,0,537,19,0,0,74,0,5,0,226,0,5,2,0,0,196,0,0,0,12,13,0,0,0,6,0,0,0,0,0,0,0,0,0,0,0,215,0,0,1037,0,0,0,0,0,438,91,10,0,341,110,0,0,0,62,0,1580,0,0,0,0,0,0
SRR7146883,0,Neg,PRJNA464410,Duck,Duck,S,H,F,dabbling,Anasplatyrhynchos,"GrizzlyIslandWildlifeArea(GIWA),SolanoCounty",7.0,1,0,7,0,21,0,0,0,61,40,0,2,146,0,0,0,115,8,0,0,3,0,52,0,0,0,20,2,0,0,0,4,0,0,0,0,0,0,5,0,0,5,0,22,0,0,4090,0,0,0,0,0,89,11,60,0,12,56,5,0,7,0,27,111,0,0,0,0,16,0
SRR7146884,0,Neg,PRJNA464410,Duck,Duck,S,H,M,dabbling,Anasplatyrhynchos,"GrizzlyIslandWildlifeArea(GIWA),SolanoCounty",7.0,0,0,6,0,1,0,0,8,382,226,26,0,602,0,0,0,405,0,0,13,197,0,145,0,0,20,79,20,0,0,0,269,0,0,0,0,0,0,0,0,0,0,0,73,0,0,186,31,0,0,0,0,1012,35,451,0,108,60,0,0,0,0,0,434,0,0,0,0,206,0
SRR7146886,0,Neg,PRJNA464410,Duck,Duck,S,H,F,dabbling,Anasplatyrhynchos,"GrizzlyIslandWildlifeArea(GIWA),SolanoCounty",7.0,0,4,0,0,7,0,0,4,0,18,0,0,84,0,68,0,178,0,0,9,26,0,45,0,0,5,38,0,0,0,0,5,0,0,0,0,0,0,0,0,0,0,139,3034,7,0,103,0,0,267,0,46,186,12,20,0,14,37,0,113,0,0,0,469,0,17,0,0,37,0
SRR7146887,0,Neg,PRJNA464410,Duck,Duck,S,H,F,dabbling,Anasplatyrhynchos,"GrizzlyIslandWildlifeArea(GIWA),SolanoCounty",7.0,0,0,44,0,0,0,0,17,283,129,0,0,492,0,0,0,290,0,0,24,22,35,198,0,0,0,78,0,0,0,9,22,11,0,0,0,0,0,13,0,0,26,0,86,0,21,11,0,0,0,0,0,1991,32,64,0,195,272,0,0,0,0,0,584,0,0,0,0,0,0
SRR7146888,1,Pos,PRJNA464410,Duck,Duck,S,H,F,dabbling,Anasplatyrhynchos,"GrizzlyIslandWildlifeArea(GIWA),SolanoCounty",7.0,16,19,43,0,0,0,0,0,0,735,0,27,2258,0,183,0,0,19,0,0,50,11,19,0,27,0,119,0,0,0,0,120,38,0,0,0,0,0,45,0,0,85,0,128,0,0,637,0,0,0,21,0,0,0,57,0,0,0,64,263,0,0,0,0,12,0,0,0,0,0
