SampleID	Aitchison_PCoA1	Aitchison_PCoA2	Aitchison_PCoA3	Aitchison_PCoA4	Aitchison_PCoA5	Aitchison_PCoA6	Aitchison_PCoA7	Aitchison_PCoA8	Aitchison_PCoA9	Aitchison_PCoA10
SRR5364033	-10.8463373527905	-0.865827536659161	-6.48836221474767	0.536075747591928	0.635123428835862	-0.380864337074342	5.77606324221452	-12.601729952577	-2.08593090906407	-0.759312372419062
SRR5364035	-10.4266409230735	-0.941144830988872	-6.82965699471102	0.557551213791135	0.679808144568445	-0.371815497211539	5.86373022377863	-12.7534416015865	-2.11218689974453	-0.786568434806133
SRR5364037	-12.384179142215	-0.691138293561688	-5.75048510906539	0.466846969100641	0.541596463371299	-0.646307245067971	7.44263093063478	-16.5520592309066	-2.79223785245783	-0.968783769714359
SRR5364039	-11.1583051898472	-0.841562816890605	-5.82655030335294	0.368922165937716	0.523433588279496	-0.898397967774907	7.5784149465122	-16.9372166275945	-2.51498942082404	-0.614140773237289
SRR5364041	-11.2753353306211	-0.854044973690773	-5.90698371047914	0.367912881744875	0.544991954803895	-0.968619409208275	8.21442976281397	-18.3740329430234	-2.77889452360921	-0.726040209151592
SRR5364043	-11.5651628721392	-0.837660672187022	-5.57635662221005	0.286746414207524	0.432812476540983	-1.20867866061074	8.79851387922655	-19.8437753472823	-2.85617649109836	-0.600652093376809
SRR12148748_merged	-20.7775122276479	1.57516844565535	5.20520948431763	-0.160499773942427	0.110058612079936	0.176231843166395	-0.12489249141689	0.30063194016481	-0.151024875127655	-0.120607303688876
SRR12148807_merged	-19.6515922605642	1.19894995553589	2.9014060984564	0.0616119942952413	0.313285519966434	0.322478185368968	1.00407072477055	-1.96237522279799	-0.831129627383595	-0.71128540638675
SRR12148808_merged	-13.9174356190401	0.0677164309301134	-2.48788098761154	0.433740178414914	0.790249201411482	0.4989466055759	1.83477495379823	-3.29914270618505	-1.10542680272466	-1.03686229853549
SRR12148809_merged	-23.9235441597364	2.11185428927131	7.5730831125684	-0.303210904084444	-0.252229903500783	0.119132071333556	-0.990341189168932	1.91282613184601	0.186274946557341	0.166005631491451
SRR12148810_merged	-13.5803315598385	0.0164819625932872	-2.73927454902812	0.454134494561972	0.821710803672416	0.510171779533664	1.85510382812661	-3.33821048924857	-1.10335211156015	-1.00539756343359
SRR12148811_merged	-17.222439663549	0.72930484736426	0.691765696527406	0.214333720887659	0.534170363937606	0.44613143337005	1.10145490274871	-1.87260997536612	-0.85184781317345	-0.903354436846219
SRR12148812_merged	-14.2538762065899	0.158793127161201	-1.99387960033144	0.395067559331632	0.77865693167315	0.508281695626248	1.6461166984216	-2.86371051675952	-1.03496096375052	-1.044544911975
SRR12148813_merged	-19.5381400636337	1.21131332009875	3.19027527846218	0.0106560248235127	0.244884953365719	0.301152445197514	0.332147779122827	-0.457072325591166	-0.433761381952252	-0.512238062354714
SRR12148814_merged	-21.1170659844767	1.60097378312278	5.16717153847112	-0.138356785072582	0.128836013319038	0.186217076281715	0.238071234400075	-0.507979573725725	-0.365549409162059	-0.245816338339233
SRR12148815_merged	-20.4049729591439	1.43947079230082	4.21074758779763	-0.0355026678578581	0.186547683820188	0.379112808236167	-0.41653268700105	1.14719712072507	-0.15958636087786	-0.332812382406623
SRR12148817_merged	-13.6466077424198	0.0540419180784074	-2.53985423810566	0.446286603335114	0.813209948988341	0.590937275772214	1.27908572787986	-1.98042910585685	-0.885276719868011	-0.997590429630044
SRR12148818_merged	-14.2275370560148	0.177813263865175	-1.97734767056219	0.414581682479417	0.784887135901315	0.603586247838764	1.13204844577903	-1.67911324081383	-0.852252918034412	-0.984659234283859
SRR12148819_merged	-22.0611125760425	1.84247219460835	6.40960208848779	-0.223549262303034	-0.00476426472778266	0.259649499950911	-1.1409237419727	2.54232163055406	0.264795470993024	0.0547656742806345
SRR12148820_merged	-17.4360118157554	0.831408452045102	1.14327246223121	0.203566195207112	0.51035288479268	0.547202182400313	0.273524106415765	-0.0327601037131265	-0.51956490552302	-0.719302871285305
SRR12148821_merged	-18.4762465304118	1.08087862716802	2.74965951161436	0.0227439970765251	0.306050608443238	0.305879639888917	0.0731550617038084	0.144493984674687	-0.236007111703661	-0.334960784198212
SRR12148822_merged	-13.8340631382352	0.105659525714428	-2.25334301517787	0.423297210673801	0.772072965653309	0.596359664291124	0.943876816232329	-1.25541671000055	-0.7200053146044	-0.898626332661052
SRR12148823_merged	-19.4491405689459	1.1455428261703	2.65391083372433	0.0785276232191563	0.261076439527224	0.353095013641335	0.551474756981995	-0.951562112742749	-0.621263085463797	-0.617557988339847
SRR12148824_merged	-15.9755966091945	0.518038643190694	-0.345239362459018	0.302641328816677	0.601650205663135	0.593122058633827	0.354532031065816	-0.0626163620701932	-0.516120398840139	-0.802315002159446
SRR12148825_merged	-23.4819044916895	2.01742491725616	7.16061268889539	-0.280902105813365	-0.209830635889158	0.138827826875319	-0.952932990431171	1.92049335198273	0.174294943463809	0.0760125553520116
SRR12148826_merged	-25.4885831175413	2.39542864872302	9.39533138460889	-0.516137926133043	-0.666187775690855	-0.160453351096843	-1.9881507687307	3.78652329229675	0.90400876835049	0.772013701739677
SRR12148828_merged	-23.8320905864683	2.04375372587652	7.12800409506422	-0.256847700777292	-0.248251882585575	0.181567411324807	-1.08556308154314	2.20626559872454	0.181833304065929	0.0548915906637648
SRR12148829_merged	-23.4802034870765	1.98548412952535	6.93119505264661	-0.256170116422275	-0.281219051865708	0.151548617588698	-1.27736664527035	2.59112623895672	0.335174301972508	0.204863728952924
SRR12148830_merged	-24.2230595606301	2.1264920079383	7.59587282945924	-0.302789801406557	-0.27256194117908	0.119369335214312	-0.866207815357114	1.66211598280191	0.0914265036427365	0.0362766080949421
SRR12148831_merged	-22.776187208854	2.00252105583104	7.53846534582047	-0.363974117379914	-0.369794279864618	0.0481401755931409	-2.34924104375799	4.85095053865448	1.06788182228984	0.823292051757875
SRR12148832_merged	-20.4800016957088	1.38242457953669	4.09655398800617	-0.0641828344840751	-0.0151754350646857	0.298824302822044	-1.09906330104243	2.60094478072489	0.282091459307794	-0.0970796484368738
SRR12148833_merged	-19.3910189868864	1.18176260451256	2.85547478671585	0.0703662666879682	0.221045947907791	0.410232134441532	-0.213708851840139	0.73919592497053	-0.254651072371614	-0.393711336352241
SRR12148834_merged	-20.9731846105646	1.49503277670188	4.39880384123866	-0.0420074766365267	0.120479949126194	0.394958560017248	-0.571541656851305	1.50954494887983	-0.124692705629958	-0.405239097338187
SRR12148835_merged	-21.3786791407514	1.5251487532305	4.95962154190559	-0.164245963848232	-0.206220899409001	0.127873045996365	-1.15440322060558	2.52331845485834	0.41852262232361	0.106728053831193
SRR12148836_merged	-19.6848937226371	1.23833365706377	3.27696252895892	0.017124816152197	0.125351138017541	0.379263380314143	-0.780299184576385	1.99315038487567	0.0850686263137913	-0.230449299111776
SRR12148837_merged	-24.3091178636309	2.20391626294727	8.49699749031966	-0.446903998504184	-0.564524932683854	-0.0625191614022471	-2.32593124231672	4.67848747403345	1.07522736628043	0.80851245790987
SRR12148839_merged	-17.0355626914365	0.698441257811341	0.471932494084346	0.242950897663407	0.550497610482603	0.479522541998266	1.02358008188373	-1.70374906640677	-0.829555530733018	-0.862028188842367
SRR12148840_merged	-22.5610292511489	1.80931836899913	6.02235662763466	-0.179041267177953	-0.100271390544703	0.239398221299485	-0.784721502685896	1.69586800453215	0.0304852995822411	-0.123787651335381
SRR12148841_merged	-23.3715631211326	1.96785778604879	6.85054170691503	-0.250709202444813	-0.18566018310774	0.161588197026281	-0.78010524305677	1.57628411741112	0.0572033080818612	-0.0399104345385471
SRR12148845_merged	-25.2496611521249	2.3702460816683	8.78664977758494	-0.385059117425921	-0.3277823336598	0.0777420758237055	-0.933684648677017	1.689039249673	0.109854603574706	0.142501634017874
SRR12148846_merged	-24.6531889649305	2.24177158128943	8.30627757397343	-0.375500485898671	-0.394756137206599	0.0411241729813206	-1.28395352705466	2.44555616225598	0.357931756725674	0.305056510934127
SRR12148847_merged	-24.9287815171693	2.40381587632279	9.48544492426938	-0.511790980894445	-0.465972711549394	-0.08324767396496	-1.76351323409893	3.40464323806094	0.751638532604736	0.667578844579862
SRR12148848_merged	-23.0838227622651	1.87492483800516	6.16543770539026	-0.166991271529312	-0.0551847671787674	0.256751367188849	-0.255387643760151	0.541532079203179	-0.30108038144493	-0.357132123953035
SRR12148849_merged	-22.1307009552173	1.8433478180197	6.751070644471	-0.316176450442238	-0.146715732801609	-0.0147914194626337	-0.625022530364923	1.14068360443413	0.23342529976639	0.294022902619151
SRR12148850_merged	-19.2855776361668	1.24769020365166	3.78826365934383	-0.0970491597546392	0.189050391007104	0.0895983336423489	0.513147982536727	-1.05448771697833	-0.31208451445117	-0.181990651488077
SRR12148851_merged	-23.9197654916902	2.09991291100252	7.49695364628278	-0.297736387237691	-0.245711782458814	0.102146509295946	-0.816114119362426	1.5094080022711	0.11112873025966	0.151963849724004
SRR12148852_merged	-25.0573544641762	2.34214703624087	8.97475561559949	-0.453934019466951	-0.429463559349275	-0.0598979106093972	-1.18607268064322	2.17846212861048	0.409198749454263	0.389372117428112
SRR12148853_merged	-22.9786547463697	1.91757097899099	6.7580094505308	-0.27174093200456	-0.114935804027742	0.0465489356677114	-0.00686492086002909	-0.190646362637538	-0.217309260630865	-0.0727112501221202
SRR12148854_merged	-24.2211075766956	2.25228600034854	8.86188455198218	-0.491942401740241	-0.424370869008989	-0.161845297317069	-1.28312171338587	2.3416750435631	0.626045893124646	0.650379136652988
SRR12148855_merged	-22.6884056419757	1.84173487279298	6.19517292548413	-0.200125940240163	-0.0231532132940517	0.138455518864081	0.232667174123497	-0.630766003520085	-0.422670040442026	-0.266728344052431
SRR12148856_merged	-17.1396412685981	0.925251571030645	2.33413707758946	0.00506173676272188	0.447390358449134	0.18427574271632	0.676795095165324	-1.21413183745822	-0.337019517252425	-0.202794599167308
SRR4409218	-9.29153174731504	-1.98964619869909	-15.3586093695344	1.69509046339145	-0.193870000671255	1.25873071621123	-1.26251099754683	3.10223607346926	-0.386489439321252	-0.567474571104587
SRR4409219	-9.84507961809104	-2.28064754084291	-17.6177857913551	1.94088348987087	-0.646841647385695	1.3255018002184	-1.78113928202324	3.943099358609	-0.339932130414707	-0.495598824246723
SRR4409220	-10.8086686065115	-3.01583151198563	-23.0894298001919	2.51919355359541	-1.68424602522389	1.4847460737577	-3.04908051596284	6.07041970879513	-0.183063613898333	-0.310720090052409
SRR4409221	-10.1900187510241	-2.74004041477509	-20.3976164771941	2.1443655871736	-1.46475001534406	1.05840109513467	-2.33505623283798	4.47357998556732	0.017141198849631	0.0343769692320958
SRR4409222	-11.0487298864545	-3.2436349490514	-23.8393551252179	2.45379539254035	-2.3317160637215	0.934210409145231	-2.96972631550783	5.24522169944851	0.223473888410027	0.344305896854768
SRR4409223	-10.8815776653168	-2.81583183113868	-21.1522443727665	2.22983114926612	-1.72256822769577	1.03075957277569	-2.38644872093015	4.38919312944056	-0.0287234363645868	0.0458512660415342
SRR4409224	-10.6485317470081	-2.7629519047979	-21.4509530962957	2.37661104210066	-1.30458214898709	1.5349633516253	-2.68144342096865	5.53607405402707	-0.323504154130137	-0.486389733295341
SRR4409225	-10.4893032635379	-2.41230181634367	-18.7721637471033	2.06997306384335	-0.968470218724069	1.31599090536351	-1.96919100400278	4.10309038801901	-0.354106457286704	-0.44267519076219
SRR4409226	-10.0050442093802	-2.45619852810244	-18.8578018975423	2.06554658737762	-0.869253900685582	1.35782513176377	-2.05227970476987	4.41597711187738	-0.299828910739328	-0.465634341554074
SRR4409227	-10.7385000099786	-2.22692884149813	-17.5590678663894	1.94693923398962	-0.853896901446295	1.22846312980744	-1.61050156014283	3.33477964809819	-0.429520750651381	-0.458867049510464
SRR4409228	-9.87709506295052	-2.49253308146849	-18.9239204925798	2.04783030873474	-0.921256219074381	1.28456803394265	-2.04521997576405	4.34455729965987	-0.222247253101711	-0.366512780019498
SRR4409229	-9.84389815256869	-2.32704014664768	-17.8640398115979	1.95441028133989	-0.71059218996556	1.29598897328543	-1.80435171190639	3.94795584588311	-0.307707310240612	-0.453568763429
SRR4409230	-9.49778389300421	-2.209821008741	-16.9542828428961	1.86064868654084	-0.481635126404197	1.30667697746394	-1.63572218078867	3.74773804651852	-0.331307220770359	-0.51329942472598
SRR4409231	-10.2156299683067	-1.95439869429479	-15.5567558392847	1.74941416456674	-0.3135296636141	1.29247533212457	-1.14992879607052	2.78778480471714	-0.556787636135267	-0.709802850780223
SRR4409232	-8.58527216355223	-2.09074717816731	-15.2904200805084	1.59718939025691	-0.258251003021477	1.03332881392988	-1.20949416431224	2.92158853772291	-0.127911782367548	-0.298965347022916
SRR7146574	8.52779987527441	-2.90288429673454	3.48941774087516	1.83868031146864	2.67684429814419	4.20059932517271	2.00581727461282	2.48800341146951	-1.58103325146114	4.84009211102203
SRR7146575	4.51675255717967	-7.68772773486039	1.03787582182194	-7.54266494429228	13.7826290062715	6.42145260961936	-1.01113941071275	0.786524804224664	-7.48021347085821	-2.95128871681877
SRR7146576	2.20630844014157	-5.23451395562774	-0.000199469505492518	-1.37357688845592	-1.94723581986582	-3.08785189777955	0.907272974710185	-0.0475333783168853	0.705244228226978	-2.65148371602634
SRR7146577	-0.888323352091379	-2.25314467249938	-2.0580664380251	2.46228634151406	2.53479633506503	-6.35419957904519	0.671863754968491	-0.614879578052283	1.17465381334722	2.08762923770377
SRR7146578	0.877670657012658	-2.59826400150788	-0.811361864220574	2.89643999144118	-2.39257183984241	1.78559859695979	-2.06162824727796	-3.00427057290963	-0.340734241516125	-0.0970763363403277
SRR7146580	6.19848163871964	3.44918801350556	1.02457802980219	-1.04368320315341	-5.75056405557547	3.25291334576805	2.93789994447974	1.47434103756191	-0.845012365147149	3.77438008098661
SRR7146581	5.8348029390675	4.63040411823028	0.80144299910167	1.48347094757081	-4.94843504282532	-0.866776623135948	-1.92343269238279	-0.226784367104114	-5.32247224610331	-4.06423567252471
SRR7146582	4.69948994141523	1.19805958799764	0.486426171246793	-2.1981495375755	-6.54097611826182	-0.225073042812054	-1.26701529064122	-0.345395287087853	-3.00958648388657	-2.41752554286477
SRR7146583	7.54150349694551	12.3652008746387	0.123149376787704	4.86409354900753	5.17045986531462	-0.346821020877804	1.03902923224776	0.863615850331249	3.08099306999452	0.0882807684455869
SRR7146584	9.78019438202196	1.55087683797916	3.2474132534814	-0.425875382313232	-6.41849893775434	-0.747215851475482	4.14342328098038	3.3949633142199	-2.57749680059661	0.634751966191717
SRR7146585	5.06816010493078	3.0249121332779	1.20030316315145	3.90765356042154	-3.13487671133248	5.54567252889724	0.93877787440183	1.29463753922707	-7.89750336847276	-1.35543926540907
SRR7146587	3.55065559872579	4.38979803695875	-0.940286009938524	0.0573940504545203	7.73970816400203	4.12710943874987	1.48747232702793	0.380554912698132	-0.702730515052548	3.54804639965407
SRR7146588	11.8253374925988	3.02829419687442	3.90609816785899	-2.33046013725627	-0.784437791524896	3.64477026207036	2.02686692930518	3.05451456665541	-4.99044048221818	-7.04808750167093
SRR7146589	6.26163397177012	3.05636322464209	0.67456437178943	-3.41698926937232	-6.19737253193537	-1.60516821712948	1.61562535649338	0.641645272187638	2.67623805928808	-1.88709320391722
SRR7146590	8.3966991733026	3.70501078946238	2.1615534348969	1.81725754556609	-1.62669072569802	3.03699271560144	-4.4183467189637	-1.70101081066014	2.63881889714263	1.17278533912014
SRR7146591	0.718852780584759	-5.43756392437328	-1.33018685746243	-9.35569918479269	1.58664334656442	-0.202177106142463	-3.52789201435335	-1.96400253690082	-0.600148202158432	1.48588295554795
SRR7146592	2.71120703273838	-3.23543375288701	-0.370149070115882	-5.77837150562996	-2.94017589052357	-1.31176489327639	1.64747606508683	0.255487840591754	2.60230138892171	2.23060815851177
SRR7146593	-1.11839280153125	-3.03658852175842	-2.16830389522883	-2.33640992865981	-3.07094333188477	-3.13166382854338	2.55698120899917	-0.24267274012671	1.69000994114211	2.3253247584342
SRR7146595	0.477542290782588	-4.00570421610357	-1.23719574863435	-3.33002537334847	-4.09896126519064	-3.02424266045361	2.39053153914004	0.0956475322218565	-0.234781081298705	5.57230183507557
SRR7146596	6.94804645121398	3.32709932119917	1.09873407385379	-3.3762780326807	-2.80668775682913	-0.0785664894974501	-0.540876711977094	0.715360881374084	-0.670604358171925	3.30744113929875
SRR7146598	2.93392868443314	-4.0708959148922	-0.427741222547026	-9.83877092578306	0.487852422874998	0.692013704848479	-4.23827856935033	-1.95036580941098	-0.138506279977462	1.32548439318588
SRR7146599	2.98886894914486	-4.05376775491608	0.111152529578541	-4.77209720174749	-5.73036169655049	0.319414489332042	5.10163050872978	1.36107913632706	3.1470168431249	1.84652662302318
SRR7146601	2.94002896298273	0.404631311193034	-0.6706602291139	-4.87125512005065	-5.02085405584613	-3.68905154918985	-2.65638745869845	-1.14676919580808	-0.662118261036123	1.20942156477717
SRR7146602	-1.01528830083527	-3.10449025060913	-2.14274245966388	-5.16202751590947	-4.14727445624286	-1.38847715882413	-3.46181617624644	-2.78926382597847	1.33951467355932	0.386479938517367
SRR7146603	2.8171993745289	-6.29491289057485	0.490593410159409	-4.00952337925209	-4.09037068108214	3.51015543218243	2.69739231205895	-0.124600941757675	6.31712623047119	-0.25620954282472
SRR7146604	3.86408316325345	-3.99594447593069	0.619785119338008	0.866939154195017	-0.120148701586145	-5.52336872962214	8.25307220402589	3.51454085471667	4.23955146741013	2.77695451245811
SRR7146605	0.710541732316313	-0.247251679149919	-1.58340009606421	-1.56746821103886	-2.51897479009869	-1.49860173019327	2.24404168747545	-0.135383443197825	2.65082828338954	-2.70736662833627
SRR7146606	7.2976102478961	3.37357765439041	1.32345399779442	-5.62993278455116	-3.98164717063226	5.71144067945009	-1.11269726850385	0.0220146836468082	2.03100759892481	-0.725442470890676
SRR7146607	4.5199363460125	-9.0911519470807	1.42742748653691	-7.53868222188819	6.77406560172843	7.01816349832765	5.947120444029	2.77810913298082	3.00393327117564	-3.61581372349214
SRR7146608	-1.22035486926044	-4.14421371090984	-2.16888677805924	-2.49049779351821	-1.08038180298983	-4.96978741517822	1.96635646268827	-0.210445756899566	0.347132551430264	1.76869913989891
SRR7146610	5.43681625359378	-9.48631611170422	2.04682450073559	-9.19412897691747	1.73396415504552	8.54528888670134	1.0184722497487	0.357724087699034	2.21924665347148	-1.23145754750989
SRR7146611	2.38825523059132	-1.81005471455076	-0.580312889837834	-6.22383015290998	-4.07863483650626	4.78318467856527	1.46364415791486	-0.621953705901926	5.53271933749119	1.61273317283268
SRR7146612	2.72519328265333	8.77276598899738	-2.15150196183147	-1.68513719870769	-0.703258934006123	-0.859116977728072	1.72719830589939	0.352168284660473	-1.78614020382909	-0.43266174663881
SRR7146613	3.90185479365225	4.29544401726059	-1.13588094064016	-5.71278585784749	0.57428381219414	-1.2596689947017	-3.84439849447097	-1.64815314546442	-1.21914316638005	2.43735054947391
SRR7146614	1.09734581914721	5.0830608955502	-2.32583552445292	-1.07570685439891	-0.409071295527211	-0.874172013306353	1.17604445563702	-0.170674447728285	-2.10423373263096	1.85539228381237
SRR7146615	6.0163982733333	14.2485657364692	-1.21870211861052	0.50965514434161	1.05266413886346	-0.468045562068819	-1.82877811808058	-0.79777078153328	1.0496800643584	-1.21003862790338
SRR7146616	5.51845655471758	-7.23131103639847	2.99890692775786	6.2801852146694	-4.66431945591764	3.12048073455716	-0.650143492301647	-0.774779613746703	-0.375490174746952	-0.922755094924182
SRR7146617	4.31332292720952	-3.38176751300642	0.791480661555734	2.54110514832182	10.8204269774161	-0.0565273632665586	-2.35009310694471	-0.832854331218997	0.38636933702301	-1.10242832755161
SRR7146618	3.78887746709797	-4.76078646583695	0.273426000266045	-2.14912432417649	13.2126516812183	-0.298760438781101	-4.86399693158422	-1.53603702157482	-1.65391387392071	1.39740870925634
SRR7146619	4.31196841312634	-4.45934371078366	1.37397944802176	2.33672976077304	2.53270205076702	0.889375337056654	0.277126997423969	0.654294472605744	-2.10974018925459	8.51679457274553
SRR7146620	3.7869204466091	-5.83399232873887	1.93805296168408	6.25964571371322	-1.88761307388153	7.94694189272422	0.60034275147964	-0.844767030515483	-1.0043478546264	-1.43179102320439
SRR7146622	3.74244796276217	-4.5875130658001	1.006510270054	4.23682452957964	2.68622579585218	-0.951874854146096	-1.48904333411846	-1.00720441052199	-0.426521381419838	3.48410850606678
SRR7146623	5.28154615695615	-7.0287486002234	2.73901069640832	2.3241993198071	-7.49081142536363	6.27611567682883	0.198348793590354	-0.556674439191805	-0.0487082421865238	0.0521612654184354
SRR7146624	2.11607032999343	-4.16425336024852	0.879641535026849	7.99472661305934	-2.97691138237588	5.77878232371413	2.02551949296689	-0.878362221978538	2.52887959586138	0.996893836856888
SRR7146625	5.77115194742484	-6.23418614993482	2.84414413453637	6.6142925913948	-3.50972582016347	1.99944650673626	-0.664278359646795	-0.777698803276566	-0.398961118230893	4.71101081935701
SRR7146626	3.742189693518	-4.86786303142245	2.00259559180785	8.33058006307199	-3.46617659611367	5.45318475551882	-0.935808365780245	-1.42293156319197	3.33610116331653	0.616652356656345
SRR7146627	3.34761272380315	0.872967924465759	0.337574499496098	9.96131634873414	5.15055083280297	1.76963007433209	-0.176324946664999	-1.30642070294788	6.22141124854845	2.55825873645102
SRR7146628	6.67476290998568	-8.12972035245221	3.82414586556377	3.77238748694595	-6.25466719732673	6.47955408278099	-1.83205315782951	-0.819616479412744	-0.879611228851492	-1.55572250588247
SRR7146629	2.26785605419254	-4.52152429992918	-0.383398101294097	-3.09893054987505	1.72791433076144	-3.65645674899805	3.77807495934474	1.45692788688593	2.75072743264641	1.75775367663484
SRR7146630	2.31181484894536	-4.70152362670206	0.0155266587352122	-4.11953188707167	-5.24668831117698	1.75318355163084	-0.395961932608662	-1.29098479464168	4.69000650640099	-3.78416297334937
SRR7146631	5.18545993687815	-5.71592371992142	2.00159020416378	5.27731219929344	8.04014543949642	-1.31946464896262	-3.58142278043185	-0.756557787003363	-3.82487099445818	1.80882553004143
SRR7146632	5.783297511881	-3.07247556132785	1.51500060739404	-2.59334784424915	-0.49045989936557	-3.06045195284373	4.913960690459	3.19215760364438	3.43034135874807	3.59528515615223
SRR7146633	6.02486111298465	2.42390427307858	0.531124770982004	-5.5111156788961	-3.49361092857525	-0.824543823752127	-4.35276146644578	-1.59233494675296	1.29552746582231	-4.2404259816832
SRR7146635	9.20866385514127	7.00161571402041	1.88764805621823	-0.241727178472133	-3.15519332311394	-1.89610673566919	-1.15050982617361	0.955271969312194	-2.93167227510568	-5.00963689662682
SRR7146636	6.72068096927386	-2.70390871089422	2.47376045290623	-1.31228258610769	-5.02258869931436	7.53967067094032	-0.618572879221908	-0.447868161348516	2.3522868688755	-3.41005370152669
SRR7146637	10.4628701576548	5.27467003597141	2.5644108613868	-1.73820466278768	0.42683527203023	0.302323588751703	-1.97546483395724	0.596923506572279	2.06259959131527	0.769573958552187
SRR7146638	7.88171095001022	4.0329198611544	1.27051217182087	-4.67482696061603	-2.03215440160896	-0.525746694186224	-4.20513174251406	-0.909129104734876	-0.918184259570215	-1.64857012591718
SRR7146639	4.69884466941703	-4.54095277690351	0.511246982810033	-7.85439333437897	6.09479129019004	-0.30803369506665	-0.989503010983553	0.363733651354637	-1.18529449902042	2.68033461023562
SRR7146640	7.44723091975902	6.75420226678668	0.673037056343451	-2.01185688923119	-3.166526630496	-4.63467184832716	-0.836086367801471	0.492030716701643	0.230558206578579	-0.208144034023882
SRR7146641	5.55593404984218	9.88934229961895	0.0337872261737724	7.36588286356599	1.29673479960177	4.27807476054886	2.01362858522176	0.690622875996069	-2.46498260708313	3.80158319417966
SRR7146642	1.74447809092961	-7.15724386974372	0.981007592002058	4.52180517144058	-4.45146949303568	0.54369258095864	-1.63321430110247	-1.2176434866485	-7.56141319513444	-5.56177267884234
SRR7146643	5.9572481814453	-0.326353334437059	1.36203009100336	-1.57268178147107	-5.59812584194092	0.721157814036017	-2.74425184948803	-1.36545072350921	-0.725168487117558	-1.49703382820926
SRR7146644	4.93986987603063	-4.81918366160019	1.84655993708871	3.47072762664822	-0.898597796900174	0.287355115547876	-3.08390651917027	-1.8717254255817	2.08060085642966	-1.46980120469396
SRR7146645	6.59693979660565	13.4137288081871	-0.486999435174478	1.91103953749772	-0.379131162794856	2.45955834959103	0.235801991909716	0.202273520295285	-1.50521091473997	0.569121759009468
SRR7146646	0.615583450888675	-6.92843116699463	-1.29688014541628	-8.54226303917069	7.20211160628683	1.51023472294159	-3.91570609108885	-2.43247860119658	1.19391310760943	1.95530121450919
SRR7146648	6.62645096939438	3.65766259359666	1.02913099768159	-0.888884133763253	-2.44036589338791	-0.250849437134488	-2.86038213412415	-0.956448362239343	4.89624929967911	-0.498050157665129
SRR7146649	4.25794365417836	10.3301650587441	-1.49266452821332	0.776542657866502	6.25530017269773	-0.90927255250747	-0.257150643946828	0.217533655279082	0.578425428740026	0.709096493525075
SRR7146650	4.31836428398898	7.75920750121323	-1.34928607226835	-2.69923415556288	8.27752753231459	0.894933660042939	1.4456916122464	1.15598291702136	-1.25896719597551	-1.81315981942509
SRR7146651	4.30095495605758	-4.82041866109092	1.5074277168996	3.16541839047375	-3.59493579014228	-1.67197524601745	-0.435684829214129	-0.338023002915121	-1.05335555131708	5.37706318293234
SRR7146653	6.03412113958779	-6.69934779276384	2.54168548863615	-0.658572653686677	1.14878671026021	1.6751420834854	-0.232445038303436	1.14377973822574	-5.37728125153122	3.593289422756
SRR7146654	5.89514571187167	5.18562369464934	0.34042722569201	-0.196311033838396	-4.35952982375521	-2.0565670884042	-2.83202351835856	-1.16611107919793	-3.42222600557154	-3.58213434020173
SRR7146655	5.31814366271584	13.5618253381791	-1.4379061323423	1.77995125734264	1.66194708217638	-0.445118242830985	-1.09230623636048	-0.785749948365484	-0.194140471358728	0.728559937182616
SRR7146656	7.51444891772541	4.80549386589459	1.32556704734735	-2.76995817965224	-6.23596473294522	3.73167613257285	1.24197451557156	0.873478186801429	-1.57531487552481	3.64705732077322
SRR7146657	4.47546408234037	-5.35979107289529	2.16187831510405	5.78985241929784	-0.0505144222706167	2.77286385250448	-1.9017824089566	-0.275332677636849	-3.88619962979483	-3.35698785002936
SRR7146658	4.71640140200254	-4.2092885885325	1.56353088992887	0.707387741633946	-2.73271311753035	-4.4124215532825	-3.14309880304297	-0.147233793177436	-6.6266790951101	0.506274538528275
SRR7146659	7.26249783806731	1.52723715785713	1.88876741021324	6.82055324887849	1.71036165851344	-1.63279683695164	-2.93115093397752	-1.66585700380712	4.14200986034698	-6.36620301039745
SRR7146660	9.4151274649197	-9.70745992433016	4.26292545736165	-3.41057074554244	6.22250670614545	2.09620951803791	1.87322900640849	2.19928568926455	1.97345240356275	-2.51328377262229
SRR7146661	-2.09900818265869	-2.33105439983306	-2.84619832950539	-1.44512873325081	-1.1678351300819	-5.21734863660058	3.8088970328249	0.499561223314855	-1.56799761134757	2.33643520426482
SRR7146662	6.67101481546144	1.57787347713443	0.907651310789853	-7.39847958617665	0.679452438254602	1.05483913314145	-3.47532885945983	-0.217795000368129	-4.34078154009951	0.35875663268205
SRR7146663	-1.23514169490489	-3.72885630568003	-2.29114835543651	-6.66317629950413	-2.79598672253898	-1.77889761043868	-3.57230601896005	-2.74233834524645	0.744764930957024	0.850082010862026
SRR7146665	4.17053310001744	-4.69710207927889	2.18499642258723	8.76284539674278	-1.79122101003805	7.97814546231557	0.529172666998742	-0.797314917867783	0.132179091919669	-0.706065659879412
SRR7146666	-1.44696691848712	5.04957541210162	-3.72851938023791	-0.701151319101208	0.893275693764854	-0.880288215063411	0.565816550401552	-1.82757111205481	2.10270549217587	0.516633727531935
SRR7146667	6.14572952777664	13.2151225491647	-1.11909612505465	-0.41473809941364	2.74879878024272	-1.7630194831456	-2.99350946262078	-1.15647661803983	2.19028971716399	-1.19871605858195
SRR7146668	1.21369024513362	16.9494733542849	-4.14224774985507	0.712569114958647	2.56567332187323	2.11015799730481	1.69820355104102	-0.811261715751198	0.0115011212120282	0.266320021366495
SRR7146671	6.47677591860017	14.9892297948165	-0.961618367714411	-0.0547994097053602	-0.51244429132299	2.64713126454603	-0.117697236574973	-0.150641412160131	2.08551957057547	0.0852168828966097
SRR7146672	6.29056726691927	-2.62065619801589	2.83935311852667	8.12538582241799	-2.08543228712926	5.24258077285718	1.47661256299123	0.379630173460748	3.53888628602562	-2.93197721190128
SRR7146674	2.95013184129771	-0.215469145219556	0.125772433265871	7.97286914189595	6.28418443507132	-6.19509578220371	-2.79661534150243	-0.76513992648951	2.38991137358669	-2.22880849897889
SRR7146675	0.719544506084863	-2.97471857942791	-0.799987110795547	1.26433373176198	-4.06335078029893	1.29627532614196	-0.598836371882195	-1.72917712707088	-2.85430153425293	0.84817824911912
SRR7146676	1.15094100511319	-4.33323342470874	-0.746050228220058	-0.663125646478488	-2.37794396586829	-5.29522557497763	-0.286080330828871	-0.76944987932537	0.103497646962557	2.56561427043795
SRR7146677	3.47305994949236	-7.7475171426715	0.278466014037756	-3.50651805746382	17.6492833700432	-4.17616221428415	6.29849973995897	3.99288730134972	0.136067499923412	-1.26335837068591
SRR7146678	0.863736788670238	-4.42814051500961	-0.988217540655987	-2.63666340077689	0.0286028267336397	-5.15256038037706	-0.53767418352727	-0.421073362497681	0.378757698312071	-0.622703535799494
SRR7146679	5.51501359568446	-6.34351543196703	2.2472541898621	2.0087030660004	-0.440120607503764	-3.7839897910186	-0.0319931193011302	0.604145953492511	3.38942554667878	-2.03184130153942
SRR7146680	0.743108182723586	-4.44073993757565	-0.717398505692005	-0.998052235973492	-3.98635107553531	-3.26913012576795	-3.21606437219857	-2.02868443396155	-2.45423530868024	-2.11217739941014
SRR7146683	1.8020628977874	-2.40309021287701	-0.835523044440243	-3.210734200348	0.194905565966903	0.0353927241826377	0.0200432200995966	-0.639251404523237	-0.600942846085501	-3.94156705153698
SRR7146684	2.66890517401336	-3.94738975853279	0.530051179966328	-0.581384626158791	-4.72635551939501	5.5477785173994	2.67242243411889	0.22852940908077	2.96444374971055	-2.67770432614661
SRR7146685	1.95730204841744	-5.53019256821582	-0.294265307431193	-2.99976310962496	-0.372100516227083	-2.06307435040282	2.69096159583682	0.450785271389882	3.92422020977181	0.826551388922772
SRR7146686	6.41250287137208	-1.86102861829066	2.24998952768185	1.88879130531138	-3.8895611315137	-2.78618020732765	5.20388043958284	3.8172286968669	-4.82147987139309	-3.04554484686239
SRR7146687	5.28286873455238	-3.17059384163784	2.43515919582586	8.82899514620819	1.16588431630369	0.348220740170145	-3.09103357603006	-0.189393523073989	-5.14098872393055	-0.659736685328699
SRR7146688	7.18461901387958	4.50663969121607	1.82157236756562	3.54553503323482	-3.08774536446695	8.090338154233	1.64036811098939	0.881747098978907	-3.05123284434257	-0.0442209010596829
SRR7146690	3.69255501459871	-3.90180021049355	1.10070773527581	6.91532868680124	3.74267561384711	-7.41432779309339	-4.5455782990549	-1.38523150996473	-0.139365482696772	-0.64042735136228
SRR7146691	5.26393339237325	2.95700759291983	0.798209297801068	3.75662342265054	1.00867234641509	1.11917962694345	-2.20589236527991	-0.318616472789748	-5.10461428017526	1.93720815727246
SRR7146692	5.44860212306468	5.60919688982605	-0.00884242753938812	-3.16094427375387	-6.45753526909396	-0.730583604326098	-1.87546583932816	-0.498298158063471	-4.11280319923531	-0.666121016680923
SRR7146693	7.82732546747054	-2.56366898643126	2.85503173244051	1.8244248039442	-2.86234557967122	-5.82253814358548	-1.19171520264681	0.936709609783318	-2.13968191496872	0.500159078628971
SRR7146694	5.81286745491349	-5.15021935146848	3.12592591074229	9.2917240417055	-0.404560238366232	3.97752414152603	2.66288612407289	1.4880740800304	-0.266470201460581	-3.33973546694251
SRR7146696	3.63196107582966	-5.53950078691902	1.72458449089814	5.47637516453047	-1.59876689996407	-3.28327654585614	-1.10831825973828	0.464478834155253	-3.75140472307474	-8.99765825884161
SRR7146697	9.80093188896039	2.34756195547873	3.0976822316762	0.374336211256936	-4.58507914964482	-1.70278430758563	2.56248300845138	2.73480953614017	-0.759253490507076	-1.40968826633059
SRR7146698	6.0830690442304	-0.919298400222818	2.12280965549353	7.44759320090963	-0.20140493043769	-2.72956027171603	0.56823207632571	1.22947075649789	-1.79774590823217	4.11285199902449
SRR7146699	5.87815644697534	-4.36451291244247	2.70986454020852	6.63070047044105	-2.2328546273042	1.51819191555847	0.176296322127773	0.49580256471742	-2.41757115784819	1.92222666526124
SRR7146700	5.16185475441084	-0.992865742929316	1.99929390209985	8.28942787345282	-2.95648858350836	2.81522729262268	3.4092076452401	1.71247154226517	-3.65751672914564	5.31726385307652
SRR7146701	5.11919515439622	-0.496008557486098	1.43202462446247	7.60214086123227	-0.484212091576714	-2.96198064495692	2.49501518765683	1.34054349674154	-4.30922417568992	5.2838870210423
SRR7146702	3.87672488816838	-6.61187890338153	1.7648298835366	4.76919363475138	-1.52026729616603	2.50781153391946	4.44559946740074	1.43409136017803	0.0416366931332211	1.38297732148351
SRR7146703	2.3230667312934	-7.65775299100422	0.0147623833145972	-4.05944664905515	13.0950616314209	2.34530710608875	-2.57627522702689	-0.81682595034708	-1.76736284222652	-2.40369191014867
SRR7146704	4.1580267369539	-4.00913620922812	1.35368966770355	5.04086945407156	0.273773054971396	-0.450780987449864	0.884041062404248	0.255838633080769	-0.177698798113152	0.885563223662588
SRR7146705	-0.949208796718971	-3.42787285117867	-1.95741107156907	0.801973009791068	0.0512622248693686	-5.80968407937748	-1.4030160265417	-1.78666619782125	0.619698379991687	1.87485962061851
SRR7146707	0.28396592228545	1.68399792355362	-2.40475065534431	-0.287901040402254	8.17468093046864	-0.771523931512426	2.18750864556437	0.0575751147328234	-1.51303325509581	3.55539424979123
SRR7146710	4.69882714260734	-5.02670730587583	2.13460010030351	4.90573566157909	-3.49880923852171	-3.94200870394227	1.37995145365229	1.74441593311052	-5.16884911264528	-7.45015952837726
SRR7146711	-3.01664938765711	2.20866610683765	-4.27033175204003	-3.37745680306898	2.66696734461807	1.68972425396383	0.895878497494002	-1.9378354823338	-0.282190074712473	2.81234753145307
SRR7146713	4.51721227779772	-5.37340616132192	2.26363367935965	6.69370606852226	-3.37269673835925	5.32902216208116	-0.471078990286682	-0.873646307998285	0.353726321673381	-1.93796303145261
SRR7146714	6.78313706507693	7.35632688014824	-0.143825372601574	-5.92202527672792	-1.46109552782966	-0.641320423418748	-2.93128945610448	-0.996813986695873	-0.806210696712469	0.473133326823142
SRR7146716	6.01780155300287	4.62394476956016	0.270873148618661	-4.73022880336896	-3.21945691363792	0.113864863168643	-1.10173522479486	0.130432178701288	-1.00757154017885	3.28659529649397
SRR7146717	5.84469801714467	3.54910118564289	0.133288714149432	-6.5242381400577	-3.56389972891131	-0.513559135744886	-4.58421379105738	-1.62189050196013	-1.8911036717204	2.10186299564716
SRR7146718	9.07683696821935	6.25677167553503	1.42981501737888	-6.14463217176745	-0.794204716472611	0.325928520034125	-0.70536926807449	1.21484863714997	-1.63496792037279	1.47160181280256
SRR7146719	9.52676363538496	6.4977707893788	1.42643812993088	-6.7652574868835	10.3267943100247	9.08225763855889	-3.0752530244069	-0.0939094815041099	-0.924771759664922	0.643768618395978
SRR7146720	7.80909976686774	0.282800968051499	2.31390969351544	-0.874087526081605	-0.0632642151991767	0.0669083174036413	-5.30026702081694	-0.771194072779532	-3.4572333067215	1.51038288554655
SRR7146721	7.97928449289647	9.65890617078166	0.71655142601848	-2.03052058197467	-3.14586429767823	2.46161324368735	0.292752774915403	0.707813979057188	0.497232943671268	1.82154108046807
SRR7146723	3.72855894024003	15.4286556650534	-2.36808490159288	5.14966480438556	6.60290255372738	-1.8625502634542	-2.1180801874511	-1.5346044076151	4.2849396684044	0.176970490384614
SRR7146724	6.70410690472063	0.164938308938806	1.96122352456384	1.64205677826387	-3.85128079892643	1.13597916526505	-1.12277503466441	-0.16147947336256	0.475568865357787	0.822739223622194
SRR7146725	3.64372077217654	2.78053177581516	-0.384633761776653	-1.53675970432329	-4.54923459199064	1.6819654971083	4.02269415920117	1.16386470019745	0.682871794058953	1.97678443889868
SRR7146726	5.03036751593981	-0.458427353140112	0.686944955958644	-4.61008620058423	1.10247999952938	3.97546188990241	-2.71728177578611	-0.805466735967703	-4.28469649661917	-3.26050647271607
SRR7146727	5.0317116428306	0.0534807509959602	0.164786616248318	-5.07600535014168	-1.02953489109349	0.698503029039913	-0.811465321398823	-1.20223650901834	4.16464834752528	1.07935882309195
SRR7146728	3.07676859366159	-1.1674458085748	0.0989908340707533	3.85944244216601	3.12456049316786	4.11693129731225	1.96496956577861	-0.336021069158924	1.62593642767728	2.89372247505134
SRR7146729	4.21024429683989	-2.41064512747085	1.35296102291923	3.02007093474995	-2.17846372662921	0.509617059787933	1.02373488085785	0.843511319076668	1.57999743638816	-1.09826488174859
SRR7146730	0.824737816891149	-5.30850060118946	-1.36109350216914	-10.2859669340449	5.06811041469571	2.60337708294262	-2.81335185123519	-1.46577775452706	-1.54750051056879	-0.130900477775461
SRR7146731	2.25937906802939	-2.77138472237547	-0.260842116951347	1.97202745144076	-2.18702056757076	-3.03443965917917	-0.21014309424518	-1.27259117016682	1.84133317146242	1.43506614258138
SRR7146732	7.34182379061892	4.73708214135434	1.16579220096541	1.68368728615536	3.20919125258828	-2.5452309319671	0.723983649956913	1.61179266335294	-5.39904013582702	4.93858521819103
SRR7146733	5.46403057304945	-6.88888485215065	2.32997816267617	0.719970455048082	1.56726816758022	1.63040116485899	-0.426445113024107	0.411283112636659	-0.0176900400797468	-2.03574185218037
SRR7146734	3.23003563042832	-1.26105290145886	0.129247100080909	4.6753210685317	1.45562661085403	-8.17262492021625	1.20863003754462	0.910901861683307	-1.82234035970245	6.78225447819481
SRR7146735	7.27689329960106	-2.59689017104677	3.2496310100434	9.83326730033251	-0.676800238242915	-0.682574577779007	-0.475213358168733	0.407882068101736	-2.37428972232068	4.62694132562157
SRR7146736	2.53575814993697	-2.68989103829544	-0.484027562169399	-4.64306832731274	0.518181139465904	-1.9856567871427	1.00905149649241	0.746639738166435	-4.68473039292864	1.26713993361148
SRR7146738	2.13093939354054	-2.58229936373587	-1.12806611374669	-6.64674988495511	-0.772171565784327	-6.47564694166923	5.20880258864817	2.21867495266715	0.418704051252634	-0.520918356051203
SRR7146739	5.15079631993647	-4.54432080596375	2.17888090299683	3.34607956177336	-6.34542950860765	4.74586046305137	-0.519676721796314	-1.12775291816515	-0.241373349069392	0.52539663278332
SRR7146740	6.1626997017172	3.26276970624366	0.636542646142676	-2.51870753005924	-4.55942446875265	-5.44344305435076	3.7668857449676	2.73948992047179	-1.92129587502175	-3.24135970642647
SRR7146741	7.78175968861117	-5.23893727487004	3.54197858406768	5.07007833107078	2.35755269780833	-2.14847872560845	-1.7616521353988	0.355337614874764	5.32402980337672	-3.29340597262483
SRR7146743	0.711607086033135	-2.71829435971271	-0.138874271840675	7.98212571117266	-0.169204075063732	4.16096116150493	2.97270788305773	0.0128675576666998	1.60575905808133	2.72017651089283
SRR7146744	5.17755367982627	3.28108479838134	-0.18968427381415	-5.30040831210321	-3.51720962409797	-0.736445554805078	0.95672964744288	0.183650259340621	1.99189670493384	0.582722752879781
SRR7146745	2.53192659048236	-5.10145009473312	0.315318476621502	-3.13245989733449	-6.2640896563013	1.15987017164171	-0.871425687164596	-1.19100934669127	2.13600639910313	0.867870706159471
SRR7146746	3.35723633438255	-5.42036613359544	1.12945649022317	4.39497579571534	4.20529137990617	2.97328253710197	2.1633649588377	0.429749453129512	0.817591466266076	-1.20002298206069
SRR7146747	-1.15552938419316	-2.76431269377258	-2.18560868575485	0.771577663037164	0.948763169738703	-5.6905721833084	0.403135420572497	-0.798580870832289	-0.257449989186567	2.41937911776222
SRR7146748	3.86404038746918	-6.2338561704747	1.30148664992058	0.0153861948186641	-1.26490580011108	-3.51114056051838	0.758740951803523	1.03042818597852	-0.831234476246856	1.03478213251858
SRR7146749	8.72676773029947	6.81154188941379	1.67499450989401	0.618992892720748	-4.16240517398177	-2.59793248553088	0.543110553660028	1.33194752819315	-3.42663235228609	-5.5862796517938
SRR7146750	2.78737332818268	3.24864697218783	-1.14254665416494	-2.53528725167555	-4.63461683646239	-0.587801904013553	-0.501527579937127	-1.23373148817834	0.972756974981544	4.51500876684069
SRR7146751	5.75451280651174	14.5105278390725	-1.35700714822604	1.81423033755528	2.0800656425575	-0.281759573634091	-1.24400098468598	-0.846864713202971	1.0590081637734	-1.47179660557679
SRR7146753	6.00633986174691	5.20625699890509	0.186983851302386	-2.74299514989192	-2.87070992291777	-3.10343923913286	-2.33157082998318	-0.543137118239461	0.118183731231367	0.0765605626409905
SRR7146754	6.99427779219379	3.65286218879767	0.969455830798768	-3.36946007707637	-2.62439277531929	0.153625334338633	-4.58539255993823	-1.55402807424222	-0.209109577509364	2.63475971540536
SRR7146755	1.88106155474682	-2.23092981140317	-0.904349957189891	-5.93725322299018	-3.94181468658753	-1.96373737087654	1.63805965279085	0.194676273947732	0.366724802020559	3.94757356858833
SRR7146756	6.04672026157255	-3.20310175427935	1.52344660053032	-6.30647120585835	-2.40045578797357	0.248102726050659	-1.46438018776993	0.129393688957594	0.687085285208333	3.32669782938449
SRR7146757	2.28603087533682	-1.86699041033593	-0.678286210857698	-5.08648340756381	-4.08370157714912	-4.8202888317744	-1.22485421593894	-0.391169652180686	-0.842305649719721	-0.494488984772295
SRR7146758	6.89178801091554	6.78892113668093	0.540882526396823	-1.78416993333042	-2.59429411787648	-3.6314314631966	5.47316532174486	3.86514735477759	-2.08324964972365	-0.858598977126634
SRR7146759	3.32971231828772	1.86878728391429	-1.04089347765087	-6.23327329541396	0.0871363865577928	-2.63274603149382	-0.281499750241664	-0.0333072070957242	0.667696893188531	0.634450201508841
SRR7146761	3.08114426850395	6.3786671330676	-1.76656547874694	-4.39109674500807	4.41336553769655	3.55556490738908	-0.445735594253366	-0.406605066517703	-2.87221538678248	0.909702375834926
SRR7146762	10.4486908377563	8.32677671891586	2.5063361051278	3.21830262647433	-1.01695818617836	3.79688300566065	-1.84614027019156	-0.161395339751687	0.224239302596315	-1.53900155918037
SRR7146763	4.97417026109893	-4.11523381436013	1.75515990462078	6.20192451766158	2.23725693466232	-6.59529310320536	-3.35179798851558	-0.744755187714781	-0.523236536774588	1.10452397076529
SRR7146764	8.5440267540327	4.25211203302592	2.08999660906563	1.13985359647578	-2.80856799848737	-1.27245681365363	0.168567550654903	1.40360868245376	-3.9572144644471	-0.205697725232619
SRR7146765	9.00696503625149	4.58120730378681	2.25064868892418	0.881404794445594	-2.75023921919132	-2.30520014408646	4.63430988806454	3.53069242787076	-2.71199317904408	-4.3154994817082
SRR7146766	3.45763425659796	-3.60930059262257	0.560820251887705	-2.57649798004697	-0.809335954392299	-2.39619582375993	-4.56093224957	-1.08537188448264	-2.88715949248904	-4.67341967245677
SRR7146767	5.55831159711395	-0.30331521850584	0.459598510367587	-7.3243135871216	-0.72859045943049	-3.45262781021978	1.65234094027059	1.79087917645907	-1.46510452287427	0.97871475848208
SRR7146769	3.47259742193557	4.02650858643335	-1.0607404907084	-3.94387218328021	3.08088434310185	-3.28549819599171	4.31443912788775	2.98050328799403	-1.22291893433246	-2.53009356024133
SRR7146770	3.51160430318188	1.24121017534756	-0.9044905336601	-6.30915633933222	6.42634476421105	2.46422485417665	9.10269344755271	4.20644726606689	0.196707619427748	-2.30218925788997
SRR7146772	1.3253741217783	-5.23842525256953	-0.695130740554786	-2.28214529601907	4.20839629961363	-3.31791136734789	0.459018974160792	0.262141732703981	-1.17050777687643	-0.581752477685701
SRR7146773	3.57343447530564	-2.14906309442364	0.297985844247597	4.3512033419942	6.1894790687695	-6.98276498692051	-6.65678549436423	-2.92221068551546	5.15616761394794	-1.10651048203866
SRR7146774	3.32321494277508	-2.94621196610745	0.483000628698158	0.517998851917073	-0.130728683933114	-3.45503652343446	-5.01867665557617	-1.74174951894762	0.627270468342509	-4.18684712554681
SRR7146775	7.87744106363131	6.74081206746559	1.3132332388984	1.4278845505573	-0.83997039710365	3.16599498642003	2.33897657813658	1.41174045482445	-2.66009702944107	-0.451261992452492
SRR7146776	5.90526466317549	-3.85252698601399	2.78463653770824	10.4472848097276	-0.432191199096252	0.956082072678199	-2.24626854066177	-1.19138891021157	1.21431462393011	1.68615020342833
SRR7146777	5.94556094414649	-5.48783865536358	2.0952601511323	1.07222772405387	-0.0562610061174139	-5.88953820690441	4.61368650146129	2.75950119273075	3.83941649782506	-4.46664223404378
SRR7146778	1.31532226510078	-1.87787385315483	-0.974138318036463	2.84367223440389	2.41656283065029	-6.67318816967019	-6.67215685308779	-3.77845605696464	3.9972800442478	2.21107149397711
SRR7146780	7.30308253829279	-4.51487909841419	2.874270960419	1.57016541209438	0.256907267653382	-1.85337436197306	-0.865754870024928	0.633816754160229	4.5324362038503	0.216935826127721
SRR7146781	4.1253314286146	-5.62621750554251	1.04096634499634	-1.37503820771053	1.49209679918979	-4.33399174221222	-8.04143885544991	-3.04795946291683	-0.208930138235944	-1.33594241025322
SRR7146782	6.06573861025595	-5.94367813441333	2.17577230411769	-2.16410301716136	1.86806861239435	-1.18003139830163	-6.90802272357368	-2.24531180851369	3.18566077352217	-3.03592755726981
SRR7146783	3.36355608804416	-8.64504459134808	0.543187838829811	-10.1341129196289	4.93824790183144	3.14307214281723	-5.50069424828776	-2.08220622975804	-1.58997084186513	-2.26715126080256
SRR7146784	1.56110109894401	-4.89149889257069	-0.228879875674321	-3.19894593449855	-3.23373027472405	1.40758146392806	-3.90239316616497	-2.15122211972806	-1.02515897063166	0.416440074895005
SRR7146785	4.01035333621079	-4.09996716663456	0.569757434184959	-2.08941280863103	1.66268135044093	-2.14202863182116	1.07784456806664	0.36738177506158	3.66275517081105	0.650211533926139
SRR7146786	6.15849341496382	-6.95410047914212	2.38619615829318	-3.60340625898758	0.752507676165328	0.884242814127817	-0.788824498939294	0.517747655842134	2.09664952389459	-3.64646122925444
SRR7146787	2.09697526789586	-2.92222016631568	0.447315339788482	5.9099871722761	-1.66921726916746	5.49407075207267	1.3636042243799	-0.529631202878424	-1.22502159825624	3.78109167989927
SRR7146788	6.5149297691879	-6.21512028210969	2.87137162102612	4.36517940988199	1.225030251209	-2.54568869636565	3.88513755944049	2.81081790953609	-2.35706699861892	3.6662262261258
SRR7146789	3.81887202238025	-3.18950196629261	0.359400700324267	-1.64725309674429	-0.136728480449934	-5.41363502149114	1.21454333099511	0.915098319530213	-0.238214055686334	2.55576874719583
SRR7146790	6.4966441414499	-6.54774434218043	2.41405252601619	-2.9971661297254	2.65405418213955	-2.4316667058487	-4.69413942761289	-0.686648669587663	1.38890309561242	-0.757869850553175
SRR7146792	-0.967153567769665	9.02292423384654	-4.41035036718535	-0.658861720765257	-0.630556859401688	3.03176546378202	3.20576983325249	-2.46577303709346	5.61131326450015	-1.39678659236475
SRR7146794	5.84044757756854	13.8231487887367	-1.4366191152832	1.42021746129748	1.48462220805289	-0.893161749281366	-0.343520690016818	-0.934009231210594	0.558392783358658	0.635600178645513
SRR7146797	4.78657490625962	14.9348666137143	-2.04729608303275	1.98124644034979	3.61078275533449	-1.35834255803737	-1.77250482284268	-1.54363995618119	4.48533432402401	1.6719662107536
SRR7146798	4.94151552143426	14.5326977982581	-1.58034471456954	0.303883857335393	1.1746213811127	-0.864140638473317	-2.00030097147124	-0.509022893351839	0.998306860444817	-3.02896673279114
SRR7146800	3.67718534014414	-7.58734447278203	0.771970132818321	-6.73442810299966	5.20920091486012	-1.02425570890963	-3.06400521030934	-0.217679924866851	-3.03843749196815	-3.19234119538499
SRR7146802	3.69793509769421	-3.42174672170346	0.390129577946749	-6.33176525680714	-8.0470701800392	-1.133362380214	-0.236059855406841	-0.601908740040593	3.43702332873778	-0.855457772557512
SRR7146803	5.79635232225908	1.6271233749404	0.592338378776541	-5.57714276160315	-4.54575662259675	0.193341072850048	0.480189592289849	0.282979006995079	2.79482695131131	-0.521462207607147
SRR7146804	1.25961777643318	-4.28318701684307	-0.547436918769708	-2.4773471070532	-4.17929539190696	-4.65215987869171	-3.46200149444845	-1.79458711461404	-0.433936216216359	-1.45730609546903
SRR7146806	3.62914816239947	-0.345095514041573	0.164422349553591	-0.269703124234819	-2.6646347795714	-1.44220944819177	0.0776389180052959	0.155415633716035	-0.6548949102321	0.257357734627627
SRR7146807	4.43756128556225	-6.67434269126366	0.769227410738093	-10.9462961018988	0.958901960100418	3.1086875608348	-2.53276513640624	-0.880301979230114	-0.767477045714147	2.38137804376612
SRR7146809	1.63184116851866	-3.8465418752545	-0.542849888308158	-3.88987289673043	-5.29193948280128	-0.215516640933279	-0.677678919298294	-1.21905718190706	0.12184031869488	1.79233178639712
SRR7146810	7.66628237693147	-6.53139021617662	2.83854453284935	-4.84160068655888	7.78572845007277	7.97140897656497	0.899214294495041	0.989940087283379	2.99229060815223	-3.20515129835094
SRR7146811	3.42842850638955	-5.46735489468422	0.987069371760733	-3.50059052896564	-8.4643672085063	2.73263704670138	-0.27035811590615	-0.999848522851913	4.39805283308128	-1.75135421262358
SRR7146814	6.74873095514657	6.25935816423991	0.613178407104401	-1.85046289514976	-4.9823520191163	-2.63667709347209	-1.5376237208763	0.195592603790152	-2.71603441186374	-2.79541735470819
SRR7146815	4.09776585011772	-2.18317610427598	0.655665454807602	2.41901212973337	-0.100165473415088	-8.42452345417379	3.80848213361337	2.57441185613557	-4.25363256333965	-4.98734322310027
SRR7146816	0.574888490206578	-3.21001916725347	-1.41847909514388	-1.44149532931758	1.42444233992516	-6.80337557035005	4.05991666611935	1.72374529866723	-1.36739591566782	3.12725847486237
SRR7146817	7.92678402736631	-3.4020765041242	3.07132333159514	2.81494100744728	2.37643881521613	-2.4747159337758	-3.49677600978784	-0.266616957872652	4.99650372260725	2.21045763746805
SRR7146819	-2.2467542369212	10.58258018067	-5.06436351844846	-0.464037204810898	-0.469265073106807	4.80838238996016	4.07995439326458	-2.08137671842524	5.07497590064906	-2.03494349971651
SRR7146820	0.445015633252572	9.78863876451744	-3.71338472934723	0.346049554811111	0.262651543968722	2.26478495239095	2.95130828095833	-1.88078592375663	4.73538574595554	0.0468531761044019
SRR7146821	3.32374289011416	-4.19854493294078	1.47061868617603	11.0408373974331	3.31426070588166	-1.34981029440655	-3.5617658468675	-1.65878695745805	0.822279626855435	-0.345731433739773
SRR7146822	6.01283597668051	-0.795979784963587	2.05301920664189	8.20821139805566	1.71769620597291	-4.27827299748622	-2.99906448904836	-0.776139426319283	3.56895464846856	-2.08902490569354
SRR7146823	2.97220633502695	-3.3172666092859	0.607178320036774	9.00418532936222	5.23531861409897	-4.9622140950493	-2.82612590999986	-2.05754050363754	7.00451415579976	-0.824790169199257
SRR7146826	2.99920934316511	-6.74789992586581	1.80182743320065	9.03411761809897	4.08195936295988	9.65338161621819	2.16102432849859	-0.274515184342161	0.294594683820699	0.38716200685374
SRR7146827	7.17770687670548	-3.9411695489302	3.75710225216421	10.5760729111894	-2.03523687580389	2.47087629649568	1.99390892946457	1.73514529505843	-5.80219100841318	0.37349135145928
SRR7146828	7.24357976188011	3.5751956217153	0.576217859453818	-6.70326744080896	5.47083341285006	0.453769503802128	-1.83865196988157	0.2896900477003	-2.36337444457647	3.93948785591849
SRR7146829	6.09942353843506	5.78051596747927	0.577777098769472	-2.92702755084466	-5.94216659814635	2.12012412070465	-4.79788965573008	-1.39988970910095	-2.70066348346614	2.12960377736235
SRR7146831	5.63712401947111	-2.66743093881748	1.16834090647431	-8.05575189822419	-1.41765173299282	6.08027737193068	-1.7578755942658	-0.587395331406968	1.23316578953876	0.827146817618436
SRR7146832	0.46182126625144	-3.35051459217781	-1.33186494037573	-3.19340034658979	-4.67367374093747	-4.22266028731439	2.42747294654204	0.194372140530059	0.186456544966625	4.74267193011609
SRR7146833	5.13732423453461	7.60391080408059	-0.916143813903575	-3.36393428404458	-4.10004156719741	-1.40666333808722	-1.6765121512362	-1.53252137166914	0.923565518500039	-2.68502628205177
SRR7146834	-1.75740010526478	8.62875274344534	-4.72442983006968	-0.938142937180553	-1.01530815233109	3.48386929744311	3.48353940356917	-2.53560954668795	5.50463965087875	-1.44472684945264
SRR7146835	6.2449265121012	13.7643049754715	-1.0265445345117	-0.219890330731562	3.08917884327617	-0.85937385340107	-3.65563281610968	-1.09795608866936	0.551864129170328	-0.680902458640586
SRR7146836	6.07538801664237	15.0710610431423	-1.42434508686596	-0.90323969255947	2.15379226982841	0.435340880181579	-1.22443082740326	-0.574454759906722	2.14166457791199	-0.843059222580594
SRR7146837	6.48119447990798	14.6881640730534	-0.796534037498064	1.43725323767592	0.14089448270264	0.510864410406305	0.361917476772495	0.507268180996566	-0.0939700413367379	-4.24917665284606
SRR7146838	1.6914757380143	-7.99186786685746	-0.803390926828331	-11.6296283181015	10.7136252283241	4.17095065207055	-3.29748590936434	-1.51791836220637	-1.22156779690677	-0.392220189011528
SRR7146839	5.10709057756836	-1.61977525028029	1.17251039523123	2.44234703985079	1.74385582310072	-8.75055436208454	3.98107833299249	3.61705214278153	-5.55212512528868	-2.03263354984056
SRR7146840	0.445376974330229	-2.91444127261929	-0.64708161243937	5.17981976193073	-2.24402168264758	3.34813412624299	2.11824085730738	-0.909513870470873	1.22185748442883	2.7075787106894
SRR7146841	-0.680294314662802	-3.25100431217797	-2.01622094907854	-3.21513257578532	-3.85550027132891	-3.61979286328228	0.503718241993706	-1.2444245136487	1.77145480398542	1.2615864025602
SRR7146843	2.99229934276718	-4.26217490737504	0.947979456874807	2.45425839575923	-1.04208021657878	3.22772432580095	-2.10776628518223	-1.01029976560149	-2.61115690393261	-0.361263302624867
SRR7146844	2.80578982735247	-4.16272594297308	0.389852800922304	3.7612973336973	2.79698917708645	-3.72067336394897	-3.61407366381113	-2.0358884665871	2.58234977351738	-0.17604966834396
SRR7146846	4.74698759597698	-7.61391216887833	1.85704941282989	-0.401204664600955	11.892440216241	7.55831536748178	1.49279314014136	1.56219622486585	-7.6367049888473	-0.906151159952735
SRR7146848	5.39458765186201	-2.76691847509315	2.35745917408035	10.343424321246	1.59208995098406	0.712818433038942	-3.68927349240508	-1.72718641547215	3.8271138989398	1.34724078792111
SRR7146849	4.94357918695542	-3.63486388575926	2.16994023254147	8.29552865684237	-0.934813118491886	3.27616297807737	-3.2087770452271	-2.16694800257436	4.46418631997636	-2.72326119779569
SRR7146850	3.22589423775117	-2.92641061140737	1.09374208516906	9.29611562893709	0.455938376582834	0.949684846874403	-3.4044119775735	-2.8341658157133	7.20150455231124	2.81555457857564
SRR7146851	4.33414933719152	-1.91160607819692	1.38387518332298	7.97774734850069	1.34694651667302	-4.22424014869655	-3.21562409742476	-0.682744599787746	-3.85572510440642	1.51121540461396
SRR7146852	2.66412168468694	15.2940368620417	-2.96630659710986	2.6715746644142	3.92397502084171	-0.761737807885653	1.15547482505078	-0.181794042232048	0.78514895478442	0.642435357610838
SRR7146853	6.49396559992686	9.15306990645574	0.599835911061775	4.3366566265349	-2.57754960948287	5.47572736802304	0.241738648276174	-0.0249508487407511	-1.48653091073707	-0.959112625820476
SRR7146854	3.45369122065287	-2.0407273139082	0.270447614635756	-3.39621424818051	-4.79680347364007	2.47587602976761	-0.236314685742432	-0.565464078894821	1.95292187382238	0.907614786468435
SRR7146855	2.09133645717065	-3.1569770458353	0.170404460869502	6.91318081560343	4.27694231428869	-2.73857548083746	6.49606890765365	2.67056048839873	2.95153376346131	-2.95927577678413
SRR7146856	2.63275718494698	-4.44301042057419	0.484443244854938	1.913834070521	0.590293433299122	-2.67347244341744	9.96188408796916	4.61811852607556	3.55255739391454	-2.64896039455773
SRR7146857	3.57895413703044	-7.09480479331381	0.880281294681821	-1.87956729011218	2.33569996089348	-5.08282238680543	2.89348376691517	2.03426586475107	-0.857299078983172	-1.47168713256632
SRR7146858	2.42713581324084	-5.88605192853663	0.235457216700265	-4.10467760483553	-5.6596472393784	0.361540784765663	4.09967985512399	0.938183847879617	4.53871116857339	0.238976332520221
SRR7146859	3.58316516579921	-5.96992848940182	0.982815559210621	-1.58590331709369	-2.68127928412616	0.610272052179447	3.94372885510178	1.28920444388642	4.99962075538083	-1.7662345110431
SRR7146860	2.11401698647036	-8.10970488252559	-0.425376562683716	-9.68664464633336	8.47101165247504	2.54211560432802	9.09500736927155	3.83746888570955	2.51103747920368	-2.51350302447718
SRR7146861	4.2218649146018	-5.9627465126072	1.36814433736428	-0.817900477796066	-2.25163048839273	-2.71559150855544	3.01462748228514	1.73417441345808	2.4372840511459	-0.840709725715493
SRR7146862	0.965169201592347	-4.88018212402759	-0.883390280880087	-3.59856215906687	-3.39801779420913	-3.71392203683408	5.51129618776831	1.69196562400218	2.69221942797173	-0.393758296951668
SRR7146863	6.87818787840566	-0.206606208158599	2.65095081972713	5.73494590743406	-0.7527195797007	6.81833177740142	0.719287743118167	0.545847913144414	0.280490487202915	1.20815732253779
SRR7146865	6.39906823075296	1.74176629347283	0.933899317742868	-4.68433101060279	-0.685199100307049	1.26563262531008	0.979063259009837	1.2465496745167	0.0652725934103148	-0.818357713321282
SRR7146866	1.62439696042143	-6.32865644216389	-0.429448736368853	-8.40770119423034	-2.75146629975844	1.20934417840695	-3.70310661971305	-2.35481564918042	2.12228620942055	2.54389379914087
SRR7146868	4.25457136436949	0.731964872441521	0.295774273673359	-0.301551894962785	-4.51316755825943	-0.610231239306952	-2.22799597308911	-1.40310971753344	-0.901403286599626	4.05515406853223
SRR7146869	10.5106618329771	2.1984803840617	3.11356464386425	-2.59373148510034	-2.87804019401599	1.12308876305843	1.35159832460467	1.67107128322111	2.08868982646595	0.730857613180554
SRR7146871	3.95408216995618	-3.86131170056753	0.919427506457897	0.494259371662729	6.7211900990994	5.80186607882217	3.37657619149071	1.78940891521354	-4.20843432159001	6.87324932698127
SRR7146872	2.61344852304288	9.45080397363555	-2.58812380401449	-2.39727503777546	-0.406165342051871	-2.61341637300626	5.47245142652534	1.61207965100143	-0.513487656895497	2.04430509565321
SRR7146874	1.91851894623701	-5.2143455639659	-0.0876039868010718	-2.2868998564932	-3.19076742998076	-2.08321605343275	-3.94239052838384	-2.10279721098966	-2.12773474039619	3.66433075772333
SRR7146875	5.53627876717735	-0.453370005738917	1.18884380159668	4.60495895430245	2.12103769464537	-8.22746363695343	5.26897186878891	3.31591272769849	-1.63038630604512	-5.07631016084652
SRR7146877	9.61899064278689	4.08234629804302	1.97985699093496	-5.57496480491828	0.501779893145327	0.758530222941219	7.69394478723839	4.91015252062894	0.141356435639416	1.12365226518557
SRR7146878	6.82290991103075	-4.3778803227626	1.82949451721224	-1.76008105832761	11.2117131604941	-2.04073258115108	-0.0908898653019727	0.858717658456687	4.51963942006799	3.34798269825033
SRR7146880	9.66191188415389	2.11728435659266	2.96389044213331	-1.66172123568608	-5.01963305781915	2.97771814600242	0.572415633549583	0.986915140510323	1.89214492779302	-1.11112083907906
SRR7146881	5.68732980952338	8.07473723311801	-0.842492486217879	-2.2438417378772	11.9781888567157	-0.430040072681341	1.56555829409044	1.68997244860733	-1.19137013223897	-0.726572710117046
SRR7146882	5.60173026819425	13.0194786645009	-1.16912053922607	0.95547700859186	2.60573421165343	1.65667008596673	1.13408716687933	0.65504227629753	-1.52661433590961	2.98521494130257
SRR7146883	4.70985123243424	9.03761443719984	-1.05378883967828	-0.921712029251933	5.29712587820111	-0.742868326329406	0.472863552336104	1.01974804246489	-0.508484340439625	-2.54340607316741
SRR7146884	7.19837227940792	14.662619575887	-0.554365433901798	2.48969664553827	4.21137405707212	-0.685197933487549	-0.168211569445456	0.421523608668972	2.47671913667573	-2.00722743594272
SRR7146886	7.33957746112599	6.77659240689514	0.809679637331471	0.374311146643961	-0.646383529118289	-2.19711359665643	-0.00510422848670699	0.798032965827297	-0.87153880529909	0.744059824274324
SRR7146887	5.51127211177311	14.5084016717994	-1.6838061311693	1.52242177238567	7.53077761125052	-0.0994995279689473	0.56563823035657	0.224548845423228	0.665911958670711	1.66084907370792
SRR7146888	3.72087643595828	-1.77670382877462	0.519041867748813	7.47809395660662	9.66197314907491	-2.24506751777238	0.23038417389753	-0.280198242368587	5.34325086887072	-1.32257281761596
