SampleID	Bray_PCoA1	Bray_PCoA2	Bray_PCoA3	Bray_PCoA4	Bray_PCoA5	Bray_PCoA6	Bray_PCoA7	Bray_PCoA8	Bray_PCoA9	Bray_PCoA10
SRR5364033	-0.568528618764161	0.412861395782503	-0.0116170378341831	0.0263705571572351	-0.501937749019804	0.00230781735879196	0.00199539285549823	-0.00376174810770288	0.00404849794034484	-0.00374779464399875
SRR5364035	-0.557634243229125	0.394367257946983	-0.0103437007771931	0.0216918390031251	-0.479585029710648	0.00611495692624986	0.0199487734531162	0.00304620243501712	-0.00133419980942545	-0.000116919871557556
SRR5364037	-0.573644473936649	0.411435741488014	-0.0104488603951682	0.0189226888052174	-0.372906144096509	0.00753203128322678	0.0295290442481754	0.01070145718605	-0.00899507139810997	0.00478875684366906
SRR5364039	-0.393828248851214	0.121997046340838	0.00774798136322717	-0.0434133480719934	0.0364165589322478	0.0480741167375956	0.222169872280175	0.0792556332299799	-0.0464157353215778	0.0263157765797752
SRR5364041	-0.416196436044766	0.157023535697434	0.0056708755400878	-0.0369380829724705	0.0643479688249713	0.0414950589589517	0.192831663525429	0.0700632904208653	-0.0394625240094275	0.0214186154669683
SRR5364043	-0.455366870833016	0.218671933068508	0.00198803651639694	-0.0255088005337277	0.13517433779683	0.0291462602213017	0.138181338734343	0.0534973332589465	-0.028259443091705	0.0138673351230488
SRR12148748_merged	-0.581460858707133	0.431704154506857	-0.0122226307935772	0.0219654673407179	0.508395967310212	-0.0283098568840163	-0.116055351461223	-0.0240355404208177	0.0129373539613242	-0.00919983398913433
SRR12148807_merged	-0.687009271469619	0.60374935445591	-0.0235665331464479	0.0654008465105322	-0.317041949835779	-0.0399349420148932	-0.186886489222077	-0.0642855593917849	0.0469923210952718	-0.0324152671069199
SRR12148808_merged	-0.649069691726419	0.546572310585571	-0.0206149189580367	0.0594205619105071	-0.683393194693163	-0.0242846348830747	-0.124328304583443	-0.0539052077889937	0.050840865332405	-0.0372664574158049
SRR12148809_merged	-0.694596639542091	0.610575584325388	-0.0229761835454854	0.0559452300783355	0.513387216010546	-0.0559737350472708	-0.240529319853419	-0.0594574609587475	0.0170855697763455	-0.00627768819437746
SRR12148810_merged	-0.61769906471392	0.494240456612655	-0.017029824511075	0.0457253410465052	-0.545061289672646	-0.0152764825423061	-0.0797331034891731	-0.034228782159288	0.0309273290796681	-0.0227371213682565
SRR12148811_merged	-0.66467340881692	0.572863615106168	-0.0223014051160228	0.0642719227304368	-0.533067116083423	-0.0337313401736927	-0.164067923309889	-0.0636571181184693	0.0534698800594151	-0.037911037422503
SRR12148812_merged	-0.657128346292208	0.559877737951709	-0.0213935003491614	0.0610477602723351	-0.550760206202843	-0.0298687023724727	-0.146727244191876	-0.0579141160514608	0.0498296249642091	-0.0357416669747923
SRR12148813_merged	-0.639941668949672	0.532665059719354	-0.0196860321133922	0.0544320146087713	-0.347890382290052	-0.0312364174752929	-0.148767597318582	-0.0550471472893437	0.0461840105927767	-0.0328538411128785
SRR12148814_merged	-0.577003487917504	0.423521580276124	-0.0116059777589111	0.0197884457473314	0.46063515863302	-0.0241128191512948	-0.0976976476884133	-0.0179422401111796	0.00683772028569367	-0.00470075394861692
SRR12148815_merged	-0.65615251074445	0.550486323838473	-0.0194498031397063	0.0453959063448219	0.409641479253839	-0.0435584872588337	-0.186404043039645	-0.0442077654298708	0.00879421195184187	-0.00118872932073567
SRR12148817_merged	-0.648303514596433	0.549034880065644	-0.0212255383871754	0.0633879393161676	-0.812688515028768	-0.0247628369467611	-0.129747050328037	-0.0597393143877779	0.0583372410903466	-0.0427701453565
SRR12148818_merged	-0.650152963878791	0.551989810033254	-0.0214075277644992	0.0639693409404812	-0.809119883437261	-0.025407443994828	-0.132607627343425	-0.0606187166567718	0.0588805508099737	-0.0431111206216417
SRR12148819_merged	-0.597892728630954	0.456932518024801	-0.0136220601350586	0.0253230133498332	0.659104688848242	-0.035765676497778	-0.146432096787259	-0.0295246362127564	0.00796022090940833	-0.00331364924383581
SRR12148820_merged	-0.657754454906517	0.563535627844454	-0.0219825537461517	0.0646474536044816	-0.657184399106603	-0.0307174978123945	-0.153335730291037	-0.063694940020965	0.0570206457332362	-0.0409354091478776
SRR12148821_merged	-0.606202712341716	0.468305197665923	-0.0140990726918848	0.0263231647756913	0.617209660912371	-0.0340871615050276	-0.139221835034953	-0.0263862122575229	0.00306608603935243	0.000424593030875481
SRR12148822_merged	-0.645466180115496	0.544726410568509	-0.0209841475080424	0.0626768250581763	-0.815860986619501	-0.0240905393598604	-0.126777283795592	-0.0588893585188435	0.0578656304432258	-0.0424688576284063
SRR12148823_merged	-0.68200012997412	0.595923895225559	-0.0230250066249474	0.0628702675126419	-0.242787392760041	-0.0394818103970903	-0.182863756239263	-0.0599436073091926	0.0378781282357256	-0.0247512108225391
SRR12148824_merged	-0.646764750990158	0.546335448729585	-0.0209691700652656	0.0617351437020923	-0.724175266878393	-0.0258067233729511	-0.132381031836709	-0.0579839057787009	0.0536156840094606	-0.0388028041970982
SRR12148825_merged	-0.663600623624421	0.561677094358784	-0.0200446123289191	0.0469418705688908	0.439414727101568	-0.0458062787544531	-0.196005897883155	-0.0470361473697571	0.0131080854384675	-0.00498962512844482
SRR12148826_merged	-0.629251717020662	0.508154547492521	-0.0168735299657442	0.0365748539235628	0.50894500210714	-0.0394549441198447	-0.165757182684859	-0.035981985045027	0.00352438682846946	0.00218307161188222
SRR12148828_merged	-0.729381440921761	0.670638342227744	-0.0274384832985317	0.0755293069037246	0.00786098114489557	-0.0587104338599305	-0.264789605293952	-0.0809599022287871	0.0451734303530107	-0.027698650797343
SRR12148829_merged	-0.725349442665996	0.664312783983089	-0.0270730360295733	0.0745224257776297	-0.0155420097271588	-0.057077161435864	-0.257871239756136	-0.0791763785461389	0.0440983568064358	-0.0269757857119469
SRR12148830_merged	-0.698242905294654	0.620878815334054	-0.0243188921145706	0.0646723433919994	0.0972399893697915	-0.0520238273149523	-0.232417640417308	-0.0684443677094932	0.0357737858565221	-0.0213559532113046
SRR12148831_merged	-0.606781931850343	0.471165134751784	-0.0144550752422432	0.0277235752483166	0.646223333571745	-0.036451540607776	-0.149302761210014	-0.0285342890311053	-0.000310322935853837	0.00427020533223658
SRR12148832_merged	-0.680357603899571	0.599015471489044	-0.0240171814872013	0.07005877525174	-0.520157243695437	-0.0394018241835401	-0.189583384915183	-0.0715564678042755	0.0565650337464401	-0.0391854596165988
SRR12148833_merged	-0.623129032943641	0.503680006754028	-0.0175780731814091	0.0464147475059903	-0.393764781667368	-0.0203513512625031	-0.0992305845308958	-0.0360768451629393	0.0248211785227986	-0.0167887283426771
SRR12148834_merged	-0.697520122948742	0.626126866300089	-0.0256622774128426	0.0752064585902579	-0.467410397448515	-0.0459437790710472	-0.218325995139565	-0.0803375498784733	0.0627940039647893	-0.0433519750621436
SRR12148835_merged	-0.711568226197467	0.647706256237977	-0.0268481031682661	0.0782410415052944	-0.401207476343617	-0.0501572574589004	-0.235770892790994	-0.0835866224016934	0.0609372804396281	-0.0411416720063265
SRR12148836_merged	-0.671342852912525	0.584437970201473	-0.0231079879005607	0.0672258863426411	-0.559751577639786	-0.0354325844953129	-0.172321361327575	-0.0665335274112644	0.0536108418333242	-0.0373887787902625
SRR12148837_merged	-0.626448911209135	0.503831825275438	-0.0166077382834857	0.0355491693118925	0.532334725161893	-0.0392394011081447	-0.164212563258625	-0.0347064295331306	0.00104984300075572	0.00428430953282915
SRR12148839_merged	-0.64140629537851	0.532757750060238	-0.0194813480052992	0.0538734987249336	-0.510939377674367	-0.0240690964934964	-0.119181972268692	-0.0470596975950142	0.0399418716410121	-0.0286642595183258
SRR12148840_merged	-0.690778100929746	0.608244695528685	-0.0234775443986381	0.0621977365726472	-0.0100548383457512	-0.0457462603198124	-0.205986957066477	-0.0614915892399157	0.0330445388568463	-0.0203228381460779
SRR12148841_merged	-0.698319312868786	0.617676807649175	-0.0235860289649506	0.0591235362244615	0.372259705395974	-0.0543942989692002	-0.236511163093668	-0.0615134625716336	0.0219994300700134	-0.0104248472579982
SRR12148845_merged	-0.677293386834255	0.582475981267836	-0.0212027606053462	0.0499971183388106	0.538432313942346	-0.0518173083011147	-0.221248835478071	-0.0534024431474779	0.016021681224354	-0.00649998054650598
SRR12148846_merged	-0.690240192192979	0.605050247506889	-0.0228083318307569	0.0561617609277411	0.451330094230874	-0.054439998826471	-0.234989007663741	-0.0591487207528368	0.0173957855941683	-0.00645043022746431
SRR12148847_merged	-0.591933870131306	0.448707321425008	-0.0132519255574038	0.0243087584778233	0.711924087657898	-0.0373796250260763	-0.152944786148075	-0.0316433667915204	0.0110207248052563	-0.00566403392989611
SRR12148848_merged	-0.715575948433638	0.652654759608325	-0.0269273306542973	0.0770843028817723	-0.252993180020753	-0.0535215062991447	-0.247676927636128	-0.083777992286261	0.0578791259792146	-0.0384860697917568
SRR12148849_merged	-0.601983245519367	0.464587808385465	-0.0142085774186785	0.0274146319726173	0.702785213507955	-0.0397375906106245	-0.163853643401764	-0.0354267311455713	0.0144274119002623	-0.00824520386056881
SRR12148850_merged	-0.597736471286102	0.45653595564841	-0.0136172934006349	0.0259843364994118	0.542550212281933	-0.032607960030366	-0.134726062845267	-0.0289617852776529	0.0146381319439907	-0.00995156830928958
SRR12148851_merged	-0.67885612367839	0.585838465561429	-0.0215200222878192	0.0515851370200561	0.472148346888776	-0.050875882162111	-0.21825031426041	-0.0529861779528298	0.012365542192593	-0.00290149818304452
SRR12148852_merged	-0.608230021849383	0.47449103517105	-0.0148189412657944	0.0296528258891404	0.630982384249407	-0.0387827875351282	-0.160771375485431	-0.0346892398138599	0.0104799011796039	-0.00459086698905114
SRR12148853_merged	-0.623643432932966	0.497054188873656	-0.0160450988388715	0.0338486102931636	0.524279320635638	-0.0386013309142717	-0.162210824638747	-0.0375719721074767	0.0170395957476556	-0.010405638954943
SRR12148854_merged	-0.594790530739904	0.452712912081977	-0.0134992561445843	0.025635232623265	0.64166921056359	-0.0365866578779024	-0.151079765754331	-0.0335053337992391	0.0173120649062985	-0.0112039309919717
SRR12148855_merged	-0.63484794803481	0.514337706292147	-0.0170597882850749	0.0376544046487375	0.359156962443902	-0.0354612134541166	-0.151035977239149	-0.035680713534389	0.0142263724678207	-0.00826570185886262
SRR12148856_merged	-0.558731579407599	0.393962244548699	-0.00979250556385048	0.01365799675785	0.576536770043564	-0.0237402599195317	-0.0940641033416451	-0.016452719354053	0.0092567802493529	-0.0069512878035838
SRR4409218	-0.380329477251804	0.0832517675525571	0.0127717099765635	-0.0709129366395865	0.0203857042895731	0.0923757301067915	0.432422571357958	0.182622913123986	-0.218468765258173	0.166001788508945
SRR4409219	-0.386697702399696	0.0897558584823288	0.0128362296229328	-0.0727475079142706	0.0226286829897009	0.0962744432474037	0.451208652503065	0.192426791264024	-0.234125762367792	0.178440837929566
SRR4409220	-0.428284647006783	0.132211174253721	0.013531430702844	-0.0876871959616898	0.00285602418920745	0.130980213451363	0.618066268771157	0.282031384712591	-0.39363833048965	0.30841077922971
SRR4409221	-0.395125465758376	0.102642346761441	0.012290606231946	-0.072473383671294	0.00622078518105875	0.100058008531121	0.469805776413777	0.205165399564364	-0.265036657822338	0.204772187828247
SRR4409222	-0.473749926926574	0.208660539955579	0.00852121808993515	-0.0707577461150921	-0.0696425461805708	0.119720396105699	0.566135484067174	0.267501984926776	-0.399435473242686	0.316845845036541
SRR4409223	-0.487036692236254	0.232145744164876	0.00677369064790983	-0.063844227576113	-0.0981931996033008	0.113082324807631	0.534685909105026	0.25431175535824	-0.384448725238888	0.305548934742682
SRR4409224	-0.420421673424194	0.126020827793508	0.0130820551297782	-0.0831942409867126	0.00586079038760438	0.122156894316975	0.575887121006779	0.260458199903842	-0.357787398670398	0.279516630292516
SRR4409225	-0.416950616681375	0.137782997235282	0.00994008630468056	-0.063527634854045	-0.00187320135740543	0.0898609973855115	0.421961813186477	0.184196870881272	-0.234621801524869	0.180437836835874
SRR4409226	-0.388686469914155	0.0917120762981079	0.0128874106927816	-0.0735988982217544	0.0206791514827448	0.0982947295576975	0.460917130815552	0.197725252089308	-0.244131986072623	0.186704317666499
SRR4409227	-0.531490659482567	0.306518758212465	0.00171124533038271	-0.0450290581394419	-0.223494620616148	0.0986790272046564	0.46565888710022	0.226343176042123	-0.358171626458237	0.286696021761658
SRR4409228	-0.410783033287536	0.106872959566988	0.0149745732977276	-0.0928556947831589	0.00387867946726709	0.137423656475078	0.648514112032646	0.296877547401739	-0.421551338751663	0.331836036364376
SRR4409229	-0.41087783427184	0.107870843643132	0.0148039992292321	-0.0919048685325067	0.00383418173704156	0.135983538363618	0.64169772256179	0.293669998127816	-0.416787153576641	0.328060681935227
SRR4409230	-0.382347478699805	0.0840528023224831	0.0129954302782519	-0.0724771661471863	0.0230512725692962	0.0946802081172594	0.443354656130185	0.18755728783691	-0.224342362062267	0.170367427341098
SRR4409231	-0.44548201405222	0.164220596541207	0.0111824594340933	-0.079405974925933	-0.0259981452341913	0.125379207248552	0.592597437263845	0.276276719638801	-0.403846787093755	0.319387282306405
SRR4409232	-0.395175030145909	0.0944040990561316	0.0140471290483508	-0.0834001266850293	0.0058579098017094	0.118662784330189	0.55857449066733	0.250096287138315	-0.341748623998313	0.267206612175491
SRR7146574	-0.13703137581933	-0.398099749436052	0.0128020213333235	0.0320640253576248	-0.0044341907464592	0.0790743594709441	0.00366259721881242	-0.407530041034714	-0.0213018870454616	0.166787010996614
SRR7146575	-0.205477614272595	-0.195418896839821	-0.158062877397902	-0.263099222746083	0.02251796522346	-0.0177492579726149	0.354482177898338	-0.454483126137459	0.0220864211444571	-0.337246275596233
SRR7146576	0.651698060703623	0.354707513317088	0.152199840639738	0.12552858028264	0.0186578370241414	-0.0166753025204954	0.170340554967473	0.0770658076219447	0.0632364052462861	-0.0291549236440791
SRR7146577	0.633065318635282	0.372600054661445	0.19487196220038	0.145969326068152	0.0225836770452353	-0.0259327907215629	0.213936407273765	0.0688193442006247	0.120382637007171	-0.00499817313966036
SRR7146578	0.458483097213361	0.0513783520738526	-0.191333192602134	0.124404249536528	-0.0104458575316265	-0.272542685181397	-0.0965596108574931	0.272301589383974	-0.244409024252457	-0.111773074116202
SRR7146580	0.152413429257993	-0.271265123312995	0.101955073621501	0.0246900279220751	-0.0211393828546514	0.145568697434877	-0.231141315316864	-0.166008144400893	-0.16297138056425	0.0102153711901214
SRR7146581	-0.137397854398296	-0.270771397365108	-0.195285583652464	-0.0112909470199512	-0.0129747271371506	-0.400247739479698	-0.0751834553773717	0.254655488662686	-0.429498379835841	-0.08730414491667
SRR7146582	0.526751190812489	0.0610425614625777	-0.117278301120163	0.0205114034949096	-0.0192873998576006	-0.230644810417991	-0.176523807718908	0.107533851549872	-0.346717012825248	-0.0316358385594663
SRR7146583	-0.37390183506559	-0.48036647405256	0.652430328601028	-0.0521958994654151	-0.0146512599473301	-0.248798583861895	-0.0611981168675788	0.122373967376991	0.204651575578754	0.0797924232856383
SRR7146584	0.158309848681747	-0.347306474680526	-0.20358259859542	0.0685760271097931	-0.0255352799082504	0.126974445477165	-0.278841965018209	-0.153641543231267	-0.198210483442499	0.0410447480982774
SRR7146585	-0.302195706169503	-0.370856698104996	-0.00213618841520516	0.233887675791273	0.00840006825501144	0.309915442193847	0.027103403759423	-0.335037670817349	-0.105388946141007	0.290089766388301
SRR7146587	-0.297915510721809	-0.159847882478287	0.0207380999436294	-0.265583461906396	0.023196698555934	0.0472590629800933	0.302961148244019	-0.183555348205304	-0.00870330563392658	-0.477341461635217
SRR7146588	0.00861323101181602	-0.449900023218692	0.0143404983683452	0.00601165604436584	-0.0216748302463757	0.0299780983678653	-0.165946096642411	-0.368099938037613	-0.207917008790235	0.126685400791408
SRR7146589	0.560187124243826	0.0374858015906288	-0.00848099860203889	0.130429546066827	-0.00631590435118848	0.124366870398555	-0.093901489442112	-0.0953611330847242	-0.013572993381373	0.0607107859395098
SRR7146590	0.216274041534333	-0.341563386870243	-0.170095104885676	0.175093579050224	-0.0209928634018917	0.122420398165653	-0.264744748306674	0.205964110360731	0.0653156945432321	-0.108361864897715
SRR7146591	-0.148911197205485	-0.0502368305364152	-0.316164406646572	-0.788090095330325	0.00477252996334375	0.332945326971558	0.014170990698573	0.268793366223185	0.368664497658726	0.12475091670329
SRR7146592	0.645846417061083	0.248026178093164	0.0377925970893599	-0.0647279408304154	0.00514954796429002	0.128365544390645	0.0222985508264308	0.047757277379652	0.141261824455045	0.0870765953088056
SRR7146593	0.641840224666243	0.411544141549719	0.1836106656767	0.134897799121385	0.0237008404058325	0.00401839337178449	0.211588325624487	0.0819479243146165	0.0993223946511963	-0.00903563193817566
SRR7146595	0.424198439450892	0.185679262010905	0.0104121134708795	-0.0131575230572399	0.000763569778452852	0.0108965583307438	-0.00504752487622394	-0.0694129248140075	-0.048290245583463	0.021607692730121
SRR7146596	0.511266966910965	0.0860790809004548	0.0681338552897654	-0.0293473527066671	-0.0145970443923961	-0.0286864132719577	-0.150632659919899	-0.0446625567310517	-0.21597844407777	-0.0407600636287805
SRR7146598	0.443602056870218	0.0885113782834586	-0.260459223819229	-0.494169911947585	-0.0176069461886797	0.123145575416661	-0.199235673032637	0.231539697807905	0.0844797330201941	0.0715688009050779
SRR7146599	0.53943036302238	0.182758012244497	0.0234070484580847	0.102838156691311	0.00251277419781879	0.0795752131946942	-0.011959977913865	-0.00818646986441192	0.0115002997462907	-0.0424559054869462
SRR7146601	0.666119939672139	0.296531930379853	0.0845406675848579	0.0346380212833249	0.00534938225030446	-0.0205809021737246	0.03620294352689	0.0933915839069988	-0.00685084335213204	-0.00139358138917976
SRR7146602	0.19137683289521	0.036706009960121	-0.292105933764841	-0.656958305103369	-0.0124540053432464	0.297909338818109	-0.1813108795935	0.261198789842854	0.251657816738726	0.236206203008629
SRR7146603	0.558962464834182	0.138198617863891	-0.0347074991472304	0.274862225148023	0.00830404564431116	0.240474395311435	-0.0203522143202568	0.186011420835588	0.109034436306397	-0.143423018936109
SRR7146604	0.274569596313346	-0.00363763263542233	-0.0924346733658354	-0.0337752442406839	0.00478984077739722	0.0194314169131759	0.0871528039361368	-0.289443885068091	-0.0216557598255446	-0.11037504390614
SRR7146605	0.587494470416248	0.309801377862295	0.186955172497572	0.0825255351752283	0.0113609176399469	-0.00341946477590137	0.0916414929978976	0.0619417383525531	0.00207751689295877	-0.0212794365685584
SRR7146606	0.294661066032938	-0.174256724770704	-0.0714958433611595	-0.187293768508679	-0.0288862655433324	0.0204036741826704	-0.276565949759655	-0.0874943286728633	-0.297511562150921	-0.133529086321442
SRR7146607	-0.094967833010224	-0.16224296873327	-0.205030440997971	-0.277365785949402	0.0210445142019193	0.0180299168447686	0.324159330530862	-0.34994415876723	0.0261116007409174	-0.586392086902272
SRR7146608	0.635683742932438	0.409224093981024	0.182766305141384	0.132735113965063	0.023922508784247	0.00138929849732546	0.214366127060959	0.088767174048434	0.0990678317299594	-0.0152760124625294
SRR7146610	0.340975084841451	-0.0492527245581218	-0.214704619943213	-0.118993659785566	-0.000959745780896272	0.0333945001763493	0.032589017333045	-0.12135939335021	-0.0606295181265362	-0.451124873692485
SRR7146611	0.257006603991648	-0.0391493235399153	-0.199276782126709	-0.10759032093858	-0.0118780939122383	0.201974262061792	-0.183497862779675	0.103033680801846	-0.00390585778410873	-0.067063960915108
SRR7146612	0.5884482749988	0.17220412204673	0.264843282048986	0.0958514799741119	0.00415955288358059	0.0583728729955758	0.0432461016716763	-0.210343004895621	-0.0292670407675345	0.195334711789571
SRR7146613	0.607589312773196	0.210213068165762	0.148156959323592	-0.144478514108232	0.00116836985999668	0.105309166559974	-0.00785195357101806	0.107614448616099	0.120734967259099	0.0150670177489279
SRR7146614	0.631044906676175	0.284371203479198	0.180020204947109	0.139345944851395	0.0158207913731288	0.0318797534082845	0.157321182617035	-0.154195444769755	0.0462597409435985	0.159325958934805
SRR7146615	-0.32646753836065	-0.470042353107083	0.763473134797826	-0.146900089441226	-0.0215541542364837	-0.0367613450110024	-0.186905111594611	0.103725874834407	-0.0593755171293336	-0.04245971509082
SRR7146616	0.348128338871192	-0.163840232815483	-0.345503740633422	0.260584763769352	-0.0150498148933851	-0.150915571008817	-0.16626244284237	0.212915674161545	-0.1855278196283	-0.106911534261281
SRR7146617	-0.235081960279774	-0.263886293420218	-0.119817580051254	-0.208942253023637	0.0180707724147619	-0.244670635787311	0.347698691757331	-0.20134519194583	0.272834478714687	-0.363597235921312
SRR7146618	-0.0985848372618514	-0.354355101381492	-0.256322091317734	-0.0948020802626962	-0.00420968622139454	-0.605146541484967	0.176529815472422	-0.104959014612377	0.191740603595076	-0.0133565125790195
SRR7146619	0.0732241836645358	-0.273814532946855	-0.228938188167744	0.0613656321825934	0.00242849888229164	0.158227793517173	0.0559709965440496	-0.406044172561102	0.0577364574694123	0.0613242852362797
SRR7146620	-0.289053190985547	-0.393185394235892	-0.451512048295674	0.415432649608382	0.00480520816594208	-0.07902397941256	-0.0154299418099549	0.358017676528947	-0.237627048575633	-0.156748124052505
SRR7146622	0.603656789686587	0.237540780669036	0.166453433953387	0.175281908747616	0.0157103203977353	-0.137985685660479	0.187340226504982	0.0624073299844207	0.230079332435703	0.0083264534873873
SRR7146623	0.371629334481292	-0.149731602182142	-0.27494211623304	0.270639223131237	-0.00667451263191151	0.314669580906781	-0.16533044615638	0.00746004416256408	0.0593309286038977	0.0139605327817549
SRR7146624	-0.339237446295498	-0.307580262080328	-0.252532791663835	0.540705973994791	0.0269924058741871	0.500328940423787	0.0833629994760842	0.179769033563955	0.150067660069028	-0.115269535519495
SRR7146625	0.4619499274798	-0.0669781995637552	-0.190027917075193	0.310934718398968	-0.00534381113272695	0.0708654074162045	-0.107421606165956	0.105579857352662	-0.0157275617980894	-0.0735593081712096
SRR7146626	-0.314866489732857	-0.389613493349093	-0.281380860701349	0.490265620339171	0.0197423571430321	0.503601143301526	0.0239601795202473	0.188010551785608	0.237620043814507	-0.0715985701175346
SRR7146627	-0.327030511359719	-0.347323881377681	-0.0601938647771093	0.225881078483062	0.0101021796252017	-0.362980091742777	0.191498475344402	0.141393452047984	0.539941918446203	0.182750316812764
SRR7146628	0.139662916788372	-0.337829241251063	-0.473980951055846	0.0919350722033274	-0.0190374339372701	0.221629778712316	-0.262997814877712	0.0908659786135038	-0.0551070393826352	0.00552245749787163
SRR7146629	0.652015201764278	0.313715326914801	0.143657182733991	0.122640125995962	0.0170661341329783	0.00432734970608638	0.171131566854879	-0.0747996675443783	0.0871703220881696	0.0503913124351099
SRR7146630	0.57750645825383	0.149668756235894	-0.0619000782461373	0.0749182218571425	-0.00603041408900164	-0.0618844904063498	-0.0778296078694197	0.119985208650742	-0.116663641666622	-0.0859677513715539
SRR7146631	0.19540942021189	-0.169976117381787	-0.115812484327155	-0.0118656771908947	-0.00590241085944248	-0.241971712550797	0.0493440307671114	-0.154388383247891	0.19425318963203	0.00567236635889052
SRR7146632	0.263759309823539	-0.0779448642406588	-0.169068892237181	-0.371833823413492	-0.0104548007887098	0.11637065046094	-0.0695658697040709	-0.160958950901177	0.0741638783784354	0.00177516123349944
SRR7146633	0.0839010664038712	-0.181715533855393	-0.178610049350558	-0.216314948673629	-0.0269377235808891	-0.177667645289077	-0.244092033707167	0.0957484453768293	-0.363092917357003	-0.0328280815130766
SRR7146635	0.39971777565486	-0.143231491068078	0.388059364215331	-0.0324092654082889	-0.0247965974015118	-0.0130311898668251	-0.225514690232477	-0.0911221685124391	-0.126760600347293	0.00828228412248163
SRR7146636	-0.108922325008388	-0.307439460129145	-0.424068579108707	0.0578822865383757	-0.00995242693615724	-0.180042743261009	-0.0978721458105981	0.260473185946838	-0.265945868448643	-0.130481502707277
SRR7146637	0.235989547248151	-0.363959263479819	-0.0568618467457482	0.0196796863366516	-0.0294191157771425	0.0493835390496188	-0.268822771258323	-0.247335219984278	-0.0410088426148909	0.212661631709336
SRR7146638	0.329462286869087	-0.133188663778511	-0.174386453193457	-0.319481950173241	-0.035058463490049	-0.0752621573938185	-0.336871537032364	0.117783630486562	-0.242976759095556	0.0161349819814152
SRR7146639	0.582882120541402	0.206683090826462	0.0406003843020041	-0.0384657178700078	0.012193728572289	-0.000751850335795346	0.166769369345037	-0.181415716067892	0.0653428501895394	-0.112742926531722
SRR7146640	0.530449541153573	0.0315301668796343	0.326666496236102	-0.113462462920397	-0.0145846993378109	0.05819938295655	-0.153541356230029	0.100674903827643	0.0359417209056784	0.000346636100853194
SRR7146641	-0.329292994095844	-0.410385624951283	0.288826478859183	0.15434878984503	0.00163416372028533	0.254109936259644	-0.0231267002231937	-0.234574964716846	-0.0690480439044003	0.196108630205245
SRR7146642	-0.232845335491543	-0.184166574994369	-0.29238122248833	0.0791300162351396	0.00824422738632853	-0.153999347621378	0.0883554794223524	0.118754156859758	-0.186710221234487	-0.0183176433354371
SRR7146643	0.0400124787703155	-0.284556505780675	-0.364974052175731	-0.0155681064067064	-0.0190236526344805	-0.155719033370315	-0.179882329157018	0.1879150518856	-0.227052079229068	-0.0384580508008744
SRR7146644	-0.166279319135989	-0.384902153867775	-0.413917520623838	0.293155547719701	-0.00244289743188229	-0.199415667002737	-0.0413498282549554	0.405828009341152	-0.148520852340484	-0.223284064937307
SRR7146645	-0.311513186385483	-0.473017284534926	0.64578339424517	-0.0878853109481905	-0.0184965924028525	0.066536611421128	-0.164466019922602	-0.146455781122483	-0.129117497544775	0.145182730657713
SRR7146646	-0.154602794334162	-0.0877027164530202	-0.330982758237423	-0.815709587926022	0.0118028584919538	0.25889192966243	0.155431545198758	0.0871504042686496	0.338411410339209	-0.226050800648675
SRR7146648	0.522311071294857	0.0192670528389389	0.0953614331941409	0.0444220656296582	-0.014952933074466	-0.00599995654540372	-0.158919363787182	0.0233172558085529	-0.100318920079866	-0.0657197125522109
SRR7146649	-0.307690951192194	-0.282386582409341	0.198760348186929	-0.0516849935324877	0.00365716628536757	0.0945511608433825	0.0716367901515384	-0.492981025355948	-0.140943231312436	0.387205567096633
SRR7146650	-0.308469694957433	-0.212492370273951	0.266805222799123	-0.117154935009432	0.00679722882825964	0.0304481799782872	0.0923818959699976	-0.146797202939746	-0.0987357470455985	-0.0266168772914712
SRR7146651	0.608255522551791	0.19054404371952	0.00976010458620838	0.0489583853295075	0.00116330260801398	-0.00729897819330844	0.00627806754460474	0.00350437456128746	0.0360411281782077	0.0335277198344337
SRR7146653	0.621272033126155	0.211383526980806	0.0615038605129431	0.0912092347519036	0.0100028991227769	-0.0243269323604907	0.115757019343352	-0.056284550105224	0.0528288069652556	-0.0525484070961641
SRR7146654	0.17677812237446	-0.158227404965971	-0.213193359271772	-0.0181146881924293	-0.0217823784794487	-0.382506878602978	-0.168593312202114	0.233340405899449	-0.419058056256763	-0.0854451310356644
SRR7146655	-0.317785031392138	-0.450592320158405	0.722671282986974	-0.129655291505447	-0.0181936366287844	-0.0755996216265373	-0.139178339926449	0.0897392689278058	0.0082047845892136	-0.017132530164419
SRR7146656	0.433642905451925	-0.0505880794205731	0.0336846222945396	0.0544523450022417	-0.0151761182012255	0.0864195803659403	-0.165585114052081	-0.173531392954126	-0.135154001656834	0.0663558071450764
SRR7146657	-0.217161384779986	-0.346519783411497	-0.353880895590416	0.22203033232028	0.0046253335083475	0.00664679764654924	0.0494501926556211	-0.270734152130587	-0.22194928737805	0.346182696821942
SRR7146658	0.507813497768388	0.0751116763660363	-0.148468891080333	0.0677063930331337	-0.0112147412590518	-0.300240340958544	-0.0802182065103794	0.187906830607854	-0.238517763698486	-0.061053121506132
SRR7146659	0.405859069351578	-0.124415830697023	0.0542601728375003	0.0603263787014131	-0.0217054581680368	-0.263405566072251	-0.15569946319228	0.0541775922043669	0.0270386440261234	-0.00497657383234444
SRR7146660	0.0679315943350257	-0.328761252330222	-0.386541870836099	-0.149444081274355	-0.0120065266275036	-0.261030568257837	0.00858670887207287	-0.181652972945758	-0.200239773528093	-0.283143009754322
SRR7146661	0.644342369830103	0.401306455028577	0.174569730554946	0.123938024661493	0.0219251104632258	0.0122514334216895	0.196138852181357	0.0421386568316138	0.100324243308352	0.0117417949234917
SRR7146662	0.611801872466975	0.185367042148487	0.133046369738641	-0.109721932653622	-0.00161001557243795	0.0445444388726401	-0.0201007891415608	0.0723779808820642	0.0456988527061343	-0.032838048015547
SRR7146663	-0.221135267564844	-0.0208214127885782	-0.268907235639741	-0.72722435775023	0.00551463796320443	0.356738379203288	-0.0194292097462901	0.373290684916144	0.358634013441024	0.266289970502259
SRR7146665	-0.313732572269009	-0.421679160494276	-0.360889520526271	0.579933633289034	0.0188317922510398	0.400440171699391	0.0295439971133899	0.190238660926631	0.103497746375805	-0.121689931558747
SRR7146666	-0.356669311610694	-0.0649289903942721	0.210910016053468	-0.0787149202211633	0.0258527545113092	0.143296629876059	0.205341083593111	0.186390932367859	-0.0340072837057858	-0.209143530910107
SRR7146667	-0.360499935570009	-0.364094768310539	0.645460901164851	-0.12536783532358	-0.00600264798748958	-0.00394732093562526	-0.0464717057977068	0.139686135802965	-0.0164083638100721	-0.092976070661213
SRR7146668	-0.417586690789971	-0.381521629225673	0.847195690004034	-0.14642806197904	-0.0124792468393739	0.0535858922952093	-0.135948469356026	0.150455903757335	-0.101378364808318	-0.0539905057354151
SRR7146671	-0.35669604470396	-0.472276739885476	0.738986651580394	-0.10016431145154	-0.018766318008754	-0.0186607633646957	-0.17018566594253	0.12585233443059	-0.0273326390617327	-0.0417884451778071
SRR7146672	-0.0863745983186852	-0.395511103571752	-0.288925775810307	0.445306063663513	0.00575729712324437	0.310569237443612	-0.0487203068978578	0.0976096134661609	0.130091835330745	-0.142857165252376
SRR7146674	-0.259447952529037	-0.334961660546206	-0.0516741559586817	0.0854129823283429	0.00646111409619932	-0.45063194054449	0.233912911476896	-0.25483258728862	0.462599805345166	0.509823546427562
SRR7146675	0.645678728052875	0.332508035851339	0.0666615495842274	0.142173648419397	0.0148252428198186	-0.117381903797873	0.140304828059915	0.170030702041538	0.000293453512425881	-0.0338922778733248
SRR7146676	0.655345700472936	0.355351026667854	0.156150511089106	0.137528799608505	0.0198388245713717	-0.0257153084715123	0.188599218914965	0.0509226162843959	0.0890883764330208	-0.00372787065481643
SRR7146677	-0.256465957455983	-0.162381783253007	-0.0559593596148439	-0.212302811429696	0.0281273277094	-0.17012167973512	0.432040116799094	-0.331664345923022	0.195367667846334	-0.307711511069845
SRR7146678	0.650215743465007	0.364032796925999	0.14446046782375	0.127381659855549	0.0195763860074778	-0.0368937237829002	0.183450191116331	0.0853023615057698	0.0694274241427	-0.0204908812636048
SRR7146679	0.616060072189371	0.134188822941765	-0.00296099261958012	0.10851276575434	0.00444862215253494	-0.102573881490303	0.0753683738305179	0.019246994389426	0.0596214664654088	-0.114750823292666
SRR7146680	0.651471522084362	0.292406121288728	0.0252608919096798	-0.0399055221659664	0.00747049262766708	0.0435358840767444	0.0509077082785964	0.131836255794585	0.109056034979094	0.0456590017155742
SRR7146683	0.643435132582987	0.348420265048726	0.153653199439513	0.121292394147916	0.0201032914402518	0.000759000145016781	0.19086823552584	0.0175706453829186	0.0780215944510498	-0.0142519854759544
SRR7146684	0.0871905989742058	-0.239303742625555	-0.239609989951544	0.176665676019395	-0.00661889417206996	0.232849303890578	-0.107458656095739	-0.364169002191575	-0.136842743803188	0.248664276173719
SRR7146685	0.644675267844228	0.37550362921529	0.163180869261082	0.124158254958741	0.0222014118918927	-0.00468805445845488	0.206410238179932	0.068180657978871	0.096317081141773	-0.0367053737347235
SRR7146686	0.122852639811957	-0.294118106111873	-0.124922446731447	0.203068839890957	-0.0127372775739771	0.213950309629674	-0.183039129703	-0.123995769668405	-0.0748053999111038	-0.0227435085888985
SRR7146687	-0.164833709662096	-0.31329266261628	-0.118403918983715	0.0733698644658275	6.89079645999196e-05	-0.0865819852018	0.0525497677893043	-0.174712212778217	0.0828751539961108	0.134181360337492
SRR7146688	0.186672540030301	-0.279232475494764	-0.0135541486091855	0.265526055969536	-0.012080337690999	0.290350822370273	-0.210080938358348	-0.00417843361791851	-0.0563945441555309	-0.0576313869415577
SRR7146690	-0.264155430113899	-0.327080614000561	-0.238593982105846	0.095481473101486	-0.00186329353836417	-0.75397748847511	0.142689673418838	0.323225289195628	0.171627339752319	0.0967513220285628
SRR7146691	0.574029036135015	0.133710150818968	0.252616895935712	0.130986814521142	0.00358438097026133	0.0242758898390864	0.0262053882141181	0.0160205489905676	0.030088606777679	-0.00955027167592208
SRR7146692	0.550307257348219	0.0659709494632387	0.183661839690655	0.00149327548491805	-0.0172854349286915	-0.152197676946373	-0.164228968737068	0.139505536582038	-0.244196025324743	-0.050024099528624
SRR7146693	0.373810498842551	-0.0758390996814854	-0.128573509650338	-0.105137450610467	-0.0202015405731205	-0.110478330175364	-0.167473408918969	-0.0228423133968564	-0.0907674448083268	0.0549942287819521
SRR7146694	-0.310496374275584	-0.445728036863427	-0.274258176562783	0.570074040514462	0.0199456481063966	0.416888016918626	0.0637746771506142	0.0504456236662386	0.200825687122271	-0.0466179570919564
SRR7146696	-0.22606463115916	-0.267932444394895	-0.184184789200798	0.0786170027121958	0.00370704901158302	-0.0272905957522129	0.0700702801837516	-0.353298051361786	-0.143296946996157	0.349017433924824
SRR7146697	0.200899604645991	-0.332901289526447	-0.219306547830745	0.0437136135680002	-0.0274301624934713	0.0728398299591626	-0.276068459350716	-0.22318968900268	-0.222570110541951	0.14040445656012
SRR7146698	0.0500875038719361	-0.266323173217801	-0.022354781887874	-0.0183777971248415	-0.0122717929125859	-0.0939056707911898	-0.0491435562994259	-0.336894302474782	-0.0335335729352165	0.186114019274777
SRR7146699	0.146417139941388	-0.295689152109652	-0.332002877347659	0.186392665275102	-0.0129764322071997	-0.0040915372202742	-0.118062612136201	-0.237899124913978	-0.171739363708158	0.200162508480155
SRR7146700	-0.241883785866676	-0.445654374579763	-0.0815150544944686	0.442439686705179	0.0095693028633897	0.440792698814613	-0.0390108532237798	0.0616214466811025	0.119786642742584	-0.0939360280271766
SRR7146701	-0.0907814871733484	-0.326911884779551	0.00760283704728957	0.0883006426804348	-0.00689702123767539	-0.035805202102804	-0.0469016668982126	-0.0395729404397443	0.0582139545952396	-0.040374015498529
SRR7146702	-0.0648134353617408	-0.206183250901603	-0.219269901182865	0.0449223705833447	0.00805248290304775	0.111765780706455	0.085807434123606	-0.182690678529172	-0.00797040481536936	-0.140728842707283
SRR7146703	-0.245630280882316	-0.225065438137424	-0.210789710773383	-0.273963427578046	0.0199216642110039	-0.199153689109931	0.355868034665057	-0.256858761295096	0.0422638533254671	-0.457616024024998
SRR7146704	0.499930567021301	0.0911492170492577	0.0138739433864578	0.225321698190122	0.00661368866966524	0.0449607891812636	0.0419208558487231	0.0125029810871908	0.0935287809412597	-0.00908326372173319
SRR7146705	0.641705609139266	0.365725883396624	0.180153966455453	0.147299580163992	0.0214219101737285	-0.0355380827341088	0.204079963829371	0.0735312847566895	0.118130007969172	-0.00392111002541886
SRR7146707	-0.373118503801983	-0.197298181062724	0.159630502883141	-0.168992154424348	0.0247572054641263	0.0328207045543516	0.28951557190442	-0.00547603443838958	0.0689109924861716	-0.419049774264462
SRR7146710	0.235672757377022	-0.0960614323180116	-0.237254201552307	0.0483702294987235	-0.00875414860664575	-0.0500672999783067	-0.0690865226003129	-0.174425930170756	-0.166374029671913	0.0990588123243421
SRR7146711	-0.369811066487854	-0.0782747740355927	0.141348754928946	-0.191387186214268	0.0317850802377285	0.146327132339262	0.307398645560882	0.0881432543846877	-0.00487866217815473	-0.446879595744609
SRR7146713	-0.0610346373557879	-0.36746435380341	-0.468137645262095	0.327813002610793	-0.00746314362774052	-0.153311103941932	-0.102485496005146	0.308314471476751	-0.21494652310156	-0.158725878550744
SRR7146714	0.58503810282515	0.136092840524784	0.34097810825842	-0.0109763722647993	-0.00459025569204994	0.0442638867912876	-0.0599644077054915	0.0697851409872014	-0.0251634916374136	-0.052430937568135
SRR7146716	0.528441573478387	0.125292294780493	0.117615935148869	-0.0428638067056001	-0.0130255209374566	-0.0201670680396195	-0.141148082613461	-0.014758075105367	-0.225046274075599	-0.048501847094028
SRR7146717	0.514937378566754	0.106017294638475	-0.0445500286529676	-0.400512756156511	-0.0162035891777408	0.175861156946846	-0.198763113572677	0.192139529243963	0.100298094536207	0.106479316586249
SRR7146718	-0.017946668329099	-0.369052777231438	0.094438941581219	-0.441864950246712	-0.0231493140670455	0.150133357193669	-0.179801660699301	-0.215672203571619	-0.107980785315428	-0.0857118784916471
SRR7146719	-0.328257272518845	-0.405736612850472	0.348563013285664	-0.179456083168948	0.00293272390398749	0.108346686080945	0.0800010895073781	-0.136591076584304	-0.0193274659174795	-0.350061311085508
SRR7146720	-0.13304938204545	-0.347519099496123	-0.317259389298179	-0.414173026847636	-0.0175522412165592	0.0754200458911219	-0.153068977772707	-0.0258889691408717	0.00536476995407924	0.432340712803106
SRR7146721	-0.275259730534044	-0.489721707467218	0.50420647453422	-0.0214591421605072	-0.0190255050390113	0.199475171512633	-0.22756111341432	0.0355186638043862	-0.0499318520013057	0.0236383760783287
SRR7146723	-0.418530386742224	-0.469022564529628	0.702218558787541	-0.062823044745865	-0.0140393315084857	-0.349664305904989	-0.0332882031399587	0.162783254771015	0.283494756103284	0.139405283493287
SRR7146724	-0.052593805116989	-0.243264362375854	-0.338721539949464	-0.473253223330192	-0.0073326864626662	0.380894150797236	-0.115385793727616	0.0139907148752941	0.268481847104578	0.348595819320117
SRR7146725	0.630509034980643	0.303193561997197	0.275390963497543	0.102886255417875	0.014005888879863	0.0309370647788747	0.115986595866806	0.0808541470895559	0.0538691637209493	-0.0294999229657921
SRR7146726	-0.190979831135342	-0.248672145782281	-0.357866221875365	-0.0874510625173303	-0.00351978938116416	-0.380126307655193	0.0361453143317747	0.222794080791068	-0.398165296614251	-0.259850146014877
SRR7146727	0.523074203648757	0.12074315911307	-0.123119397960351	-0.33818004345257	-0.00998276932475737	0.197613477495603	-0.144109158288858	0.221177115660783	0.182770003530295	0.055890015299663
SRR7146728	0.430675658852992	-0.123260133748763	-0.0871662062917533	0.285997836580199	-0.000984003800362075	0.114939856164665	-0.0283956793968019	-0.0787644841691329	0.134458285071512	-0.097613542853499
SRR7146729	-0.284276665555052	-0.376447494233534	-0.229465292458783	0.422373770246347	0.0128786086347498	0.437041618337168	0.00534122771533318	-0.211301246540729	-0.00660046251298645	0.199508359156291
SRR7146730	-0.22971125835779	-0.0973196674003982	-0.256404240272213	-0.593351341724645	0.01234451468554	0.246745946619067	0.139355952009911	-0.0537776314294907	0.224917008785175	0.00782175498143551
SRR7146731	0.649940796366846	0.271740562891275	0.135329922060985	0.203876350386431	0.0149942906690817	0.0134458308124938	0.12478224499359	0.0774695550397782	0.0902448983817022	-0.0368441588775684
SRR7146732	-0.0704629930661153	-0.284949475170297	0.199692576114264	-0.0917861425034396	-0.0104407561612869	-0.122003372306484	-0.0339041148459436	-0.131359812781138	0.0219481283114613	0.0295842065680283
SRR7146733	0.601446285847732	0.12898502543407	-0.0540742188238625	0.0708101501443952	-0.00858825157963766	-0.139860124945194	-0.0779379651863919	0.0769179014993581	-0.176952938756251	-0.0807964029042412
SRR7146734	0.453811449188668	0.0707696796366638	0.107228129376114	0.044169481408048	-0.00381471283858875	-0.120347347308584	0.00323366424080565	-0.100916590762606	0.0877518091706233	0.0608085564192574
SRR7146735	0.0943788545508809	-0.285559932173169	-0.185735463958067	0.123804690191314	-0.0098987549681415	-0.0778977383577728	-0.052661455440021	-0.206364761558125	0.0599667807810644	0.114233448582265
SRR7146736	0.471309769831856	0.160894254533729	0.0603745866301239	-0.0445732677186793	0.00163696357210142	-0.00934851474924293	0.0319590570841366	-0.108804301091058	-0.0532716615958477	-0.0675113546259462
SRR7146738	0.628742439776784	0.312388313583146	0.0926629971936758	-0.004230278345586	0.0155213456669784	0.0318364086082024	0.158306957167984	-0.0471627164023776	0.0884329640135275	-0.0473414979293798
SRR7146739	-0.0773754838867334	-0.332607033310565	-0.439358159231921	0.224303435702022	-0.00522768435676081	0.00714969150625417	-0.105043551293756	0.268678843254258	-0.0859016223944191	-0.0985545944101388
SRR7146740	0.547849419959426	0.0922395608723024	0.0733199367806616	0.0705912358199068	-0.00296971123624257	0.0259484582840946	-0.0104329573958199	-0.310085644168083	-0.0890348174515689	0.200702453439975
SRR7146741	0.107000439344216	-0.355787826943793	-0.169228915967733	0.192656344592184	-0.011462110628368	-0.16190446298278	-0.0322886178518079	-0.252939731802421	0.244318383208636	0.258855812432053
SRR7146743	-0.31874986883942	-0.352181444016935	-0.234126379191828	0.479061121389657	0.0197361049038803	0.39322942495237	0.07525156408524	-0.0977323765427242	0.116201978450129	0.116539010256489
SRR7146744	0.612966938076557	0.141645431420871	0.135092349721261	0.0440261441170251	-0.00355108406632774	0.0482503986921189	-0.0385314177591417	-0.139841586825307	-0.072485030027295	0.0813627084351935
SRR7146745	0.576185619441334	0.0726996092467412	-0.0696115267105393	0.229429809558138	-0.00239313434999926	0.179782213934246	-0.102326848773063	0.0890953473546365	0.00820592436606327	-0.0565562000067608
SRR7146746	-0.297150915834914	-0.382529240432919	-0.24192794589867	0.439803695677508	0.0209881239148337	0.405959456531723	0.108414085508232	-0.181033686952236	0.116919603402488	0.0831679123839111
SRR7146747	0.641000236261236	0.372027763790931	0.180435233635956	0.143157887632038	0.0220757825329426	-0.0189406187370012	0.208214119574954	0.0543420446581021	0.105054300003858	-0.00284274379638561
SRR7146748	0.586905219446423	0.188367974429229	0.0336255856117621	0.0330855228664948	0.0067271667842048	0.0357263110289335	0.0880427460163349	-0.239464906638413	0.0309365639946727	0.0781442267575532
SRR7146749	0.326712086201269	-0.182772141730307	0.161852225768365	-0.0292479823924562	-0.0242419869217607	-0.0343935080637118	-0.223344639233405	-0.0559692185355921	-0.183356188434831	0.00161572887953343
SRR7146750	0.270190851749419	0.0255607535753766	-0.175500690555013	-0.609809554333099	-0.016038257755314	0.300194614814346	-0.215701946538052	0.233796575928942	0.216462090092387	0.205693779967791
SRR7146751	-0.341633792733566	-0.504081543530089	0.638308533753769	-0.0424037935190405	-0.0220506721414189	-0.0647299299525264	-0.20216025222803	0.145489504800054	-0.0948368557631294	-0.0411481928907094
SRR7146753	0.629454412900931	0.230659773883979	0.312793951795821	0.0750836819190815	0.00701858840328259	0.00708401474827809	0.0617836361100132	0.0561407806658759	0.0503087317955926	-0.00972329847326926
SRR7146754	0.610128925345416	0.148438312941117	0.0299411485383207	-0.107485024470471	-0.00887354677668834	-0.0421550932953004	-0.0938286116205837	0.18946575227542	-0.0238778902801501	0.00646685332036705
SRR7146755	-0.131119724343843	-0.04446785533801	-0.26450599419056	-0.722336930854404	0.00167599724762975	0.334668977829499	-0.0327774068909294	0.254209403062929	0.351386262939419	0.254392061330435
SRR7146756	0.260951339572216	-0.0821211991565379	-0.280686705048187	-0.513707139371812	-0.0211721454949829	0.22768399531893	-0.223531462262799	-0.0356080838175797	0.0966353522509068	0.186863124914155
SRR7146757	0.658633226368362	0.286936731782348	0.0483087865778137	-0.0924354197844056	0.00397663885542881	0.0904575842738732	0.0129269490441071	0.0726551743510535	0.0955264239514074	0.0685441990653776
SRR7146758	-0.148548352628939	-0.287018719417883	0.109370943087194	-0.0730005890410675	-0.00133435511403464	0.0644952121901181	0.0453441338410212	-0.570437554033663	-0.145135665560857	0.328970519355822
SRR7146759	0.600518602096256	0.271144793532397	0.0371300551524773	-0.196185713792323	0.00697185991846465	0.110593012651397	0.055501495326992	0.0726346992199655	0.143963268155726	-0.00640921526055277
SRR7146761	-0.194374733826179	-0.232581214852154	0.183540921607187	-0.330916192881136	0.00831400394156155	0.0160471103866541	0.174298255630457	-0.194042854267935	-0.0594582604337233	-0.488874986217536
SRR7146762	0.00950534499481178	-0.428752481996439	0.242471521831958	-0.00865818762095715	-0.0239855091682446	-0.0503671696945126	-0.191749788592982	-0.0861690203630929	-0.0169927795820072	-0.0037550357903562
SRR7146763	0.345891526480155	-0.113709860929461	-0.100703228583228	0.0505185363406492	-0.0149332938382409	-0.41667161858751	-0.0309217505061725	-0.0422674798610763	0.17182436558656	0.159302111764597
SRR7146764	0.404432419883107	-0.0738776300198391	-0.00844027474199933	-0.0404906094142485	-0.0226577440179731	-0.145343857904129	-0.195418361773389	-0.0205951740062231	-0.232029303579952	0.0041150551682411
SRR7146765	0.121822394530694	-0.339271289210912	-0.0527303506250804	0.216286497219641	-0.0156268543196644	0.220660603670387	-0.217744654820413	-0.0536732837041448	-0.0590520858646284	-0.0700710507224749
SRR7146766	0.0939430099002523	-0.181508134521824	-0.232715600769529	-0.114684665180037	-0.0244870545219039	-0.291652901364012	-0.191592964689202	0.0168403411159093	-0.41281500272872	-0.00934644416843013
SRR7146767	0.639023028345352	0.228911860753691	0.110253893790215	0.0652976011157932	0.00881840979889182	0.0403716167062499	0.0956573045319693	-0.162621821709662	0.042183612082575	0.122973308282621
SRR7146769	-0.181100047160406	-0.123805454674049	-0.021024119768642	-0.191578836168708	0.0088298081043446	-0.0671265299020953	0.146479862797165	-0.217701179411967	-0.160749028094923	-0.124419148846097
SRR7146770	-0.292529661415373	-0.0768745751940399	-0.00636119785426242	-0.150704652511036	0.0313979178417251	0.0262859718575905	0.368721082301136	-0.261380717839801	-0.0125039086613567	-0.248217730973459
SRR7146772	0.636758576901342	0.28502181107112	0.136363903894074	0.138752082898086	0.0177695799962145	0.00644800876324252	0.188231721438243	-0.153401698171772	0.0774028723225679	0.116901113067928
SRR7146773	-0.169850337969206	-0.325468121160863	-0.180144723176765	0.00452368461310992	-0.00557158516141433	-0.695255664307143	0.127756608575904	0.17884584130554	0.356623767083789	0.20035739094998
SRR7146774	0.191595885490413	-0.167145243550401	-0.277968643266659	-0.0630564363597778	-0.0266559538891402	-0.352602642702725	-0.199391631145439	0.00799639201640245	-0.37616232459541	0.0197726743610446
SRR7146775	0.357486476273526	-0.0736856283785985	0.222781200496221	0.0193281703412536	-0.0136651716473806	0.0535628702103052	-0.143162134668748	-0.0684639887333685	-0.12214968225163	-0.0272614667085837
SRR7146776	0.0918827651107153	-0.390291260422894	-0.374418099471559	0.365149053030842	-0.0137301149322224	-0.170010242947553	-0.140496558287873	0.241759522271941	0.00504904929534713	-0.0974264562417811
SRR7146777	0.624503428610344	0.19600350917283	0.111075530767683	0.118664915210734	0.0107344948557725	-0.0330378291493994	0.133245728744347	-0.113679211543576	0.106130408317152	0.00885455059402068
SRR7146778	0.582468904300541	0.141047277210858	0.0171764057055542	0.0197091293865591	-0.00235958310578693	-0.265721854984397	0.0296677238583649	0.203738770198632	0.1972618546072	0.0511230731127167
SRR7146780	0.151517951858456	-0.362379720459096	-0.220404328501433	0.0293266974408378	-0.0230737386883723	-0.0328637269303178	-0.179315930318945	-0.294781258828748	0.028495334035204	0.296647837533141
SRR7146781	0.147970446320425	-0.195556762416772	-0.371653363839589	-0.501707141029859	-0.0238551043021984	-0.0656418197229747	-0.188459213167177	0.166284244001657	0.194892217863197	0.234398406469641
SRR7146782	0.487729659716509	-0.0439110811157042	-0.142359874902824	-0.147845956708974	-0.0191802812633511	-0.12376018467231	-0.138181717214411	-0.0116632579862323	-0.00658840663519115	-0.0458039011928906
SRR7146783	0.0161529068457757	-0.12868071145085	-0.309487096681116	-0.472125370811334	0.00283787436469657	-0.0246827649022592	0.124983637773931	-0.111560352765868	-0.00382802093136798	-0.457440278920898
SRR7146784	0.434763195176437	0.0860305824218403	-0.145491108542746	-0.0199738814805192	-0.0165280177979748	-0.115263869685548	-0.177561496755737	0.0701070026101976	-0.317277727436235	-0.0527849061751527
SRR7146785	0.639678594509438	0.311160174562497	0.162491192586117	0.0939083349183803	0.0181859963236532	-0.0220857741076986	0.187894572638038	0.0145966195391741	0.127306716470952	-0.0393885160866141
SRR7146786	0.170616299687316	-0.183828607492717	-0.323720968081779	-0.0699201788705124	-0.0253024608856095	-0.247279278986591	-0.207311926638623	-0.0314611944421743	-0.416946757318563	-0.0292265579634701
SRR7146787	-0.309464582779327	-0.330286887962354	-0.259398405024976	0.533607525084138	0.0248120068128687	0.521289061028581	0.0617393945421313	0.151844612910847	0.117116541353388	-0.108865618852656
SRR7146788	0.188159469239137	-0.199960530878878	-0.194361103151761	0.160402871006999	-0.00162293247101822	0.155798189925299	-0.00808804161772107	-0.469705357083836	-0.0273579166070331	0.298151224103451
SRR7146789	0.644762838909196	0.304846805794928	0.148995573193075	0.11409357840218	0.0157050857677799	-0.0168344417569707	0.155587930942961	0.00242263134450963	0.106598808421576	0.00796789576244514
SRR7146790	0.38121445491636	-0.107028424894468	-0.293305772432878	-0.379926148787202	-0.0226276362628734	-0.0420043675769894	-0.170431748095827	-0.00364949437957692	0.0372436881978433	0.0137499769632862
SRR7146792	-0.378210349239631	-0.322952429940906	0.328373292101999	0.211184043176317	0.0138877052660009	0.407269477792471	-0.0136291762396408	0.370247710098101	0.0185641187140613	-0.336038459599351
SRR7146794	-0.282620981941675	-0.491181239904951	0.671638939126361	-0.0675510421829112	-0.017710697031107	0.0311150865459343	-0.16364131376174	0.103313545932754	-0.01748957438345	-0.108333966311672
SRR7146797	-0.38285099687184	-0.483405687823809	0.685378919057967	-0.0669704587813794	-0.0154022181271802	-0.248051069440199	-0.0730663201857323	0.176471598344415	0.230377389073719	0.0608535841296313
SRR7146798	-0.385123941815045	-0.473801881474575	0.737159323385621	-0.103597906092887	-0.019654913778671	-0.179024554530759	-0.136233419757595	0.141176503572796	0.104651842830719	0.0548643831776618
SRR7146800	0.239241133088706	-0.084231668586565	-0.269149448305005	-0.271873523123195	-0.00514983546738018	-0.160763939808415	0.0584760544303586	-0.205179305579647	-0.18794577641819	-0.415689808303806
SRR7146802	0.397077625641642	-0.0469774493724733	-0.315716069533968	-0.288934180399743	-0.0251380861650323	0.112677219207155	-0.296656374345004	0.248496704482181	-0.00907271842316653	0.034068333529611
SRR7146803	0.470008340838468	0.0393272077453712	-0.136794966022964	-0.324606616272446	-0.0196574780033266	0.172233901797318	-0.231768463104839	0.102987958783091	0.039864248748201	0.0587486897538645
SRR7146804	-0.030120470439333	-0.0377731719476861	-0.30853221075465	-0.716384921234438	-0.00513289914773397	0.309856273130439	-0.101748161913529	0.287790487534252	0.303431788348075	0.238753404678081
SRR7146806	0.661670423781364	0.277417985812073	0.116637148982648	0.128039194309879	0.0112432603562282	-0.0428776403735638	0.110476026331824	0.0169658991588437	0.0153983099947771	0.0156843440774492
SRR7146807	0.547740025178167	0.118780228445551	-0.121964774147082	-0.246535314106898	-0.00910095574040441	0.0604926779903294	-0.0818653059629307	-0.00214272025057025	-0.00805931604123016	-0.109211875957104
SRR7146809	0.66133467639607	0.344306764330966	0.123706560615454	0.113457313272428	0.014339013454844	-0.0451590991533121	0.127022780975159	0.107939952251665	0.0168091624376491	-0.0268809790109015
SRR7146810	0.0295173132658874	-0.234656108263077	-0.245066441079023	-0.142508564204175	0.00385530498493684	-0.000257856999748061	0.119392565915024	-0.217595604532582	-0.00394618375971805	-0.487615726860763
SRR7146811	0.448814239298569	0.00811730354711921	-0.215152652375487	-0.11314440341354	-0.019598961070487	0.0930357329230596	-0.242684283824682	0.149766402979147	-0.0724867504088876	-0.0368265907096591
SRR7146814	0.503041734990888	-0.00247085347937729	0.150459739650849	0.0351019691771261	-0.0148666859422809	0.0289326739543888	-0.150229464542222	-0.112776222065425	-0.112722450517408	0.0609316137070455
SRR7146815	-0.158293593879576	-0.191036132581522	-0.0728208383662219	-0.0812688702044261	0.0160179174662144	-0.171595672773644	0.275518132564127	-0.31267879784156	0.106821916678789	-0.0472709310825993
SRR7146816	0.623311015736612	0.237308713472865	0.127168809837091	0.143050714781107	0.01324232241847	0.0194938252027323	0.147564869069069	-0.245603852653266	0.0553328687259159	0.205554029764966
SRR7146817	0.39036310392924	-0.115516592369204	-0.014548376371395	0.0462604905438652	-0.0170905231167231	-0.400332816128861	-0.0585629696242238	0.0300648885765489	0.228659585031729	0.0918678420523023
SRR7146819	-0.401530308209932	-0.311633301946223	0.321505109073141	0.23888294834853	0.0152202719752629	0.433385343474422	-0.0143945004657882	0.380590966504264	0.0139819525794754	-0.32871277546492
SRR7146820	-0.38601783969325	-0.331625867961418	0.308298509704831	0.247309774999259	0.0146798271297248	0.43665756596294	-0.0166634482159323	0.371015794328819	0.0286553525763406	-0.329443031846981
SRR7146821	-0.300999636535646	-0.393218059061135	-0.259408073483592	0.201456122628403	0.000200939678426633	-0.643044462613935	0.151225306821751	0.151782441234277	0.264008777034213	0.253381062702279
SRR7146822	-0.2647870238089	-0.445696029774944	-0.138882856696959	0.106543818676158	-0.00284744930368497	-0.227747991877702	0.0459254639087436	0.108104225462627	0.529855762931695	0.247779678124768
SRR7146823	-0.247600018635286	-0.360191164728405	-0.126139816188466	0.205463698829508	0.00508024111309451	-0.416988707693561	0.157383043951937	0.161543768900062	0.53535314342639	0.15739915051111
SRR7146826	-0.347622842046693	-0.394038081573566	-0.287391698651901	0.453081406094167	0.0239459159168218	0.326183471629627	0.140989333613875	0.0689790873839843	0.227227540185767	-0.192047510443523
SRR7146827	-0.238005197607417	-0.488119635869694	-0.139602188576329	0.452561152738926	0.00749876704112485	0.283562177085808	-0.00322355548784444	-0.0290535899142226	0.164329542870048	-0.0194557509739552
SRR7146828	0.566580831772832	0.156787721742638	0.16890787365895	-0.0173597853204734	0.00350442863848498	-0.00813988986120504	0.0614477461111451	-0.0837335089823698	0.018853197967705	-0.0930426718157158
SRR7146829	-0.165024595942728	-0.304697496244866	-0.104189500665779	-0.341639817332311	-0.0263366270383456	-0.0365068532290513	-0.265283119316056	0.155599916740653	-0.29584629427356	0.055297841538531
SRR7146831	0.261013279600958	-0.0597302849608843	-0.267626905710883	-0.503227458212049	-0.0189294738766714	0.186364207749035	-0.196704401747365	0.0317018816383007	-0.019469501057925	-0.0776287696069526
SRR7146832	0.42590532227683	0.198195095507797	0.0141112485796952	-0.0135685304401326	0.0013704472181034	0.0139189550898805	-0.00259644469321069	-0.0522929784747484	-0.0430247354119155	0.0192974880677909
SRR7146833	0.585316826412843	0.117585194461638	0.353728557286719	0.0617815890879682	-0.00457690309367981	0.00526513454835715	-0.0599297333708705	0.0976221846164742	-0.0576928119048179	-0.0741285119335004
SRR7146834	-0.393343281264587	-0.310583489453892	0.309319438210425	0.230135024201054	0.0158466087646709	0.425227081359079	-0.00330998423776259	0.379462422103663	0.022290067038533	-0.336951043794233
SRR7146835	-0.364737424281644	-0.465046651756056	0.768223025005713	-0.166608888342658	-0.0199902789377309	-0.119169425221711	-0.146727894312627	0.117065122718331	0.0230326742852759	-0.0059870627472715
SRR7146836	-0.382690939948259	-0.463875498240436	0.803660204418546	-0.145230047365481	-0.0197308433921198	-0.0768047181939042	-0.161592634592722	0.129902179695607	-0.000410399727328048	-0.00525893174927752
SRR7146837	-0.339115194901921	-0.49976665623739	0.660432902452231	-0.0370053825353556	-0.023236343972446	0.0701115088955543	-0.251193967806044	0.113528584339006	-0.133015835244142	-0.0673982995547309
SRR7146838	-0.223990770589876	-0.097577501437572	-0.189063294690089	-0.4345585188029	0.0254029719981934	0.0395043927135705	0.349433905361751	-0.17240455473234	0.108943457303783	-0.52162116038642
SRR7146839	0.000370060783879726	-0.215295496529081	-0.065500804949228	-0.0937833297321702	0.00537096553800318	-0.11627905240554	0.175568061315698	-0.499444365350182	-0.00222210221109688	0.0245920374678627
SRR7146840	0.603694750613026	0.236171058821133	0.0844706316155018	0.309763414634837	0.0186465727632434	0.12559403153062	0.122706445969378	0.09715222447172	0.119160840815081	-0.0449339647361279
SRR7146841	0.642104001263059	0.401164539933787	0.170308468404061	0.130395442690116	0.0225877843797356	-0.00656526288856194	0.201285936455123	0.103103833616939	0.0918687086945629	-0.0155159195515003
SRR7146843	-0.24397161634441	-0.20038039836435	-0.246933025745538	0.0278163599169041	0.00315094046000277	-0.17888019038524	0.0535815094959799	0.0249509674100561	-0.234577160312529	0.0850237367949419
SRR7146844	-0.241642686523846	-0.305850732140144	-0.262590523326861	0.0607636711731373	-0.0042255493862725	-0.713837687355344	0.0965612238029278	0.364283197177237	-0.0288992839257248	0.00703036345497497
SRR7146846	-0.267893073498448	-0.310895738220734	-0.191495840237833	-0.0958388904589409	0.012114518300846	-0.113470941571292	0.231254353870775	-0.345598645123577	-0.102308068769787	-0.169764655307712
SRR7146848	-0.284798856841951	-0.426146845732953	-0.185298896040612	0.207663834127984	-0.00297236053485074	-0.571506434869166	0.0991289018979508	0.223049510697599	0.352875671746442	0.168290479369436
SRR7146849	-0.158058573196599	-0.467457865764341	-0.382942850681306	0.27715256218985	-0.0151839560742174	-0.392384967850048	-0.109246010433164	0.342722388896663	-0.0647935824365832	-0.0887462388242416
SRR7146850	-0.310765943280512	-0.467932690944997	-0.305831591057926	0.37708019775412	0.002667584249253	-0.164329006462484	0.017664863311715	0.398317015485317	0.420224360796644	0.0403471982285101
SRR7146851	-0.193979528335189	-0.371784998765875	-0.251554582046525	0.067413958261892	-0.0100703742745252	-0.630088221842477	0.0382852246585778	0.198989153361239	-0.098229373005146	0.0389742137014148
SRR7146852	-0.419362664157279	-0.452807367494242	0.793250002232375	-0.0815929541903492	-0.011226989201591	-0.0966055895449972	-0.0764731753668337	0.188132350578111	0.0891494286857478	-0.0511212630516204
SRR7146853	-0.301251986211876	-0.397192887804948	0.260011788444628	0.142917705195329	-0.00393980893587365	0.246337166927407	-0.11413958707728	0.0349416610345484	-0.115292459671796	-0.0110078610574224
SRR7146854	0.544008420056721	0.115437430441491	-0.0257950791920957	0.127256732333488	-0.0082027295186963	0.0558871820402151	-0.136372216347674	0.0792727464725671	-0.158856730556213	-0.0885027973013122
SRR7146855	-0.287762027447174	-0.181665157402432	-0.00810742118452384	-0.038953241979593	0.0258340659234142	-0.134133183015721	0.353479988845303	-0.23787827526751	0.155553540726752	-0.130598326681833
SRR7146856	-0.275403571958795	-0.0909087039597917	-0.0427956466483849	-0.0888399391491227	0.0292173465491749	0.0122225081115355	0.347535644322632	-0.327416934001533	-0.021805251782393	-0.128822011276105
SRR7146857	0.593697673434302	0.148919611985063	0.00592480534135491	0.0617222189701333	0.00796147214237665	-0.0484992022671324	0.124541528920082	-0.183420602943338	0.0304288334477935	-0.0184030807982717
SRR7146858	0.649498265296362	0.295295849934242	0.119900344130816	0.129638181504599	0.0141378737036486	0.0437141871826979	0.118535514269803	0.0227504023951336	0.0649513379112924	-0.0471783195925243
SRR7146859	0.499830442444054	0.0521542614982654	-0.104647435950404	0.0781815379967042	0.00011956164920012	-0.00802842374426765	0.0172974082897003	-0.124197437744888	-0.0580959268732281	-0.134649175029701
SRR7146860	-0.293458672670605	-0.0852454022038953	-0.121191146077888	-0.327950878160735	0.0406241105310441	0.00111319120115061	0.534212615587543	-0.391970246126171	0.0463991301075457	-0.628767203614716
SRR7146861	0.638982221260853	0.250220713206979	0.105868676244412	0.144870341938617	0.0145098479119284	0.0163218302693269	0.152331421016545	-0.149370439816015	0.0626812630053096	0.109449515359192
SRR7146862	0.413730220024788	0.172343608452817	-0.0123856741175739	-0.0496611714794899	0.00868596227456409	-0.0197034142397839	0.111333596474503	-0.152418425227003	-0.0613590215921577	-0.140339294404484
SRR7146863	-0.2905109117176	-0.400741149620449	-0.301585549680255	0.404159255735549	0.0156213438029427	0.582456912714136	-0.0316304459870145	0.188010214476219	0.19762881663804	-0.0428055871914843
SRR7146865	0.189102314209157	-0.185726862814535	-0.138692538142128	0.0478074336086308	-0.0138010092339231	0.142845697208984	-0.142850736002748	-0.42814835707652	-0.202626895853431	0.296548000793446
SRR7146866	-0.140578147728015	-0.0948465144315057	-0.3593568556535	-0.762946900031156	-0.00143704014347223	0.269943876022544	-0.0446512445948054	0.325099156953097	0.30080476905143	0.116024546742273
SRR7146868	0.606051637127342	0.202155842777126	-0.062238819486068	-0.18153395943142	-0.00603692257977622	0.00719332278505032	-0.0814525089037104	0.252559094173119	0.0607036377337871	0.04490188190296
SRR7146869	0.532569770935462	-0.0679855207127064	-0.0118063007287543	0.065398747263027	-0.018206661840008	-0.00654755918913679	-0.187988316382881	0.0620540699669404	-0.0489976772406391	-0.0669893269647489
SRR7146871	-0.270446675868368	-0.221524105242828	-0.107584731327813	0.00378062894676293	0.0172325833311025	0.134099104273827	0.169274098959747	-0.117103742624945	0.0167990865687046	-0.190100242659063
SRR7146872	0.566164981525291	0.191667633439139	0.461280691379248	0.0437333533864646	0.00297945417690978	0.0337415854766716	0.017917490598584	0.0303542870140987	-0.0166633632023456	-0.035050740301632
SRR7146874	0.629397493378305	0.223015417954556	-0.102215646093651	-0.148923106852	-0.0035568242848369	-0.0250943436067782	-0.0487649654748736	0.230835521607889	0.0498992440362611	0.0536450720758636
SRR7146875	-0.181949942149649	-0.199651047412635	-0.0515207568489123	-0.0793118604425406	0.0167878905040894	-0.175350509999537	0.284892758304068	-0.311616078596752	0.112863815020622	-0.0498746372459086
SRR7146877	0.347913498051062	-0.14579593346302	0.103587459356424	-0.0182172880817223	-0.0141497597870539	0.0628249291379032	-0.114934283744443	-0.24739663634278	-0.0649274159886272	-0.0169003980260131
SRR7146878	0.141173480573827	-0.212229431292753	-0.0942479722296505	-0.0443262821725549	-0.00525556208126931	-0.358212240384582	0.0945565500374773	-0.0847476433366733	0.367592121717364	-0.0383244115985402
SRR7146880	0.157590927570493	-0.241055993731345	-0.145425125327602	-0.311183402630351	-0.0240620322923379	0.136566023803189	-0.239583874509007	-0.0220499941277926	-0.00807799101232856	0.0783465775823794
SRR7146881	-0.301155341358886	-0.26675870485196	0.218305084431105	-0.119526718037372	0.00762034365117791	-0.0531693577707699	0.148682983446586	-0.241426111926412	0.00286452735148661	0.00380060685054613
SRR7146882	-0.302089872850443	-0.464421174537404	0.648757741208063	-0.110034105165137	-0.0170660642939069	0.0779205467432581	-0.139030539887556	-0.246613552168721	-0.141534422476069	0.227905492477802
SRR7146883	-0.296179663802693	-0.25093287922111	0.138937079624279	-0.014872046608555	0.00535870488867661	0.089562279497469	0.0773281685831416	-0.468022183179862	-0.144303644134125	0.429143069639322
SRR7146884	-0.324623094308613	-0.497543422696736	0.561484396309205	-0.0429156733347216	-0.0197871725751057	-0.173782863798618	-0.127581179117535	0.0119918674584773	0.079413831926443	0.0742127806068551
SRR7146886	0.519727043502809	0.0319899667707005	0.33717303410146	0.0675605925613222	-0.00814660576402471	0.0171996779679147	-0.0801134085676163	-0.0324454699384273	-0.0325591376602891	0.000409803994870892
SRR7146887	-0.366741175490091	-0.435779597375648	0.661799809425224	-0.0907299630344288	-0.0133312992156007	-0.120234863215727	-0.0804740007577271	0.0727530675256416	0.0693489262235156	0.00296012322189549
SRR7146888	-0.303518531345026	-0.443492035396155	-0.117715259737368	0.297583589654953	0.00921962017685023	-0.276515374013024	0.192045270536751	-0.0948957509154496	0.522950512850411	0.273671713105682
