SampleID	HostGroup	HostSpecies	SampleContext	Infection	Observed_Genera	Chao1_Genus	Shannon_Genus	Simpson_Genus	InvSimpson_Genus	Pielou_Genus	SequencingDepth
SRR5364033	Poultry	Chicken	Experimental	Pos	24	24.6	1.3815011992173	0.610888237691397	2.56995572189078	0.434700377326851	4540
SRR5364035	Poultry	Chicken	Experimental	Pos	21	21	1.37599838202463	0.662638930674309	2.96418315841474	0.45195869308605	4861
SRR5364037	Poultry	Chicken	Experimental	Pos	29	30.5	1.94545245675251	0.790223696376833	4.76698265117853	0.577749195490295	4936
SRR5364039	Poultry	Chicken	Experimental	Neg	30	30.3333333333333	1.18655793979577	0.410569124818269	1.69655177919155	0.34886476927014	4857
SRR5364041	Poultry	Chicken	Experimental	Neg	31	31	1.86123968272071	0.762092253002481	4.20330994942518	0.542005421653794	4930
SRR5364043	Poultry	Chicken	Experimental	Neg	35	35	2.19630487148275	0.84247370692649	6.34814658866723	0.617746795390453	4831
SRR12148748_merged	Poultry	Turkey	Experimental	Neg	35	37	1.48540338859761	0.604485819252364	2.52835435156765	0.417794084547475	4964
SRR12148807_merged	Poultry	Turkey	Experimental	Pos	37	37.8571428571429	1.62372042692659	0.741374591888955	3.86659612179572	0.449669714517979	4188
SRR12148808_merged	Poultry	Turkey	Experimental	Pos	13	16	1.22154508478068	0.668293932886047	3.01471724258955	0.476245303334024	4991
SRR12148809_merged	Poultry	Turkey	Experimental	Pos	39	49	2.29816521295323	0.821264681419626	5.59486512202858	0.627303546367539	4907
SRR12148810_merged	Poultry	Turkey	Experimental	Pos	14	15.5	1.04021096630825	0.60988416	2.56334118604361	0.394160048982302	5000
SRR12148811_merged	Poultry	Turkey	Experimental	Pos	33	36.5	1.34188875893921	0.620821389940508	2.63727956554064	0.383779738882191	3440
SRR12148812_merged	Poultry	Turkey	Experimental	Pos	18	39	1.12745777196402	0.614071425899587	2.59115304517415	0.390073619036697	3571
SRR12148813_merged	Poultry	Turkey	Experimental	Pos	37	38	1.51424893596201	0.583964372064488	2.40364029629454	0.419352910421924	3374
SRR12148814_merged	Poultry	Turkey	Experimental	Pos	36	36.75	1.49673016631975	0.598309283859427	2.48947750052069	0.417670505451434	4882
SRR12148815_merged	Poultry	Turkey	Experimental	Pos	31	33	1.89404312648694	0.769711030979534	4.34237038905293	0.551558003481527	4272
SRR12148817_merged	Poultry	Turkey	Experimental	Pos	15	15.2	0.796506147128385	0.513576525452748	2.05582183493666	0.294125325595588	4472
SRR12148818_merged	Poultry	Turkey	Experimental	Pos	16	18	0.827054317168013	0.518680330663433	2.07762130597813	0.298296790481025	4116
SRR12148819_merged	Poultry	Turkey	Experimental	Pos	31	31.5	1.74645926360573	0.651522713905096	2.86962749052075	0.508580597308189	4995
SRR12148820_merged	Poultry	Turkey	Experimental	Pos	25	25.5	1.03044426747205	0.529282373953185	2.12441588048914	0.320125510748536	4422
SRR12148821_merged	Poultry	Turkey	Experimental	Pos	30	30.75	1.20146378223432	0.513921556954741	2.05728111235513	0.353247297176023	4617
SRR12148822_merged	Poultry	Turkey	Experimental	Pos	18	20.5	0.779634308091755	0.507536537465772	2.03060749898881	0.269734959166371	4630
SRR12148823_merged	Poultry	Turkey	Experimental	Pos	37	40	1.36409534507987	0.572099336508261	2.33699100122873	0.377769691275247	4638
SRR12148824_merged	Poultry	Turkey	Experimental	Pos	19	20	1.34050634299822	0.673245848959832	3.06040488488567	0.455267150205202	4998
SRR12148825_merged	Poultry	Turkey	Experimental	Pos	45	46.2	2.08075244716529	0.763029242002696	4.21992995444348	0.546608072755836	4463
SRR12148826_merged	Poultry	Turkey	Experimental	Pos	47	48	2.87526524789646	0.889276721668443	9.03152449122337	0.746793511661578	4983
SRR12148828_merged	Poultry	Turkey	Experimental	Pos	44	45	2.08271116683478	0.769235846056517	4.33342866693633	0.550371775285025	4868
SRR12148829_merged	Poultry	Turkey	Experimental	Pos	47	47.5	1.77399614882576	0.670462357779417	3.03455469688233	0.460760555786961	4918
SRR12148830_merged	Poultry	Turkey	Experimental	Pos	42	42.25	2.41481543075971	0.859542294202828	7.11958090390605	0.646075142368732	4893
SRR12148831_merged	Poultry	Turkey	Experimental	Pos	36	36	2.1777949178782	0.747436784816455	3.95940477425928	0.607725243058562	4999
SRR12148832_merged	Poultry	Turkey	Experimental	Pos	41	43.1428571428571	1.95749705379949	0.765659062307164	4.26728684217675	0.527119716175783	4982
SRR12148833_merged	Poultry	Turkey	Experimental	Pos	34	34.25	0.728059261989866	0.246241961706942	1.32668568585295	0.206461947639093	4997
SRR12148834_merged	Poultry	Turkey	Experimental	Pos	34	36	1.66793889781119	0.684931962332359	3.17391763189537	0.472991597475061	4692
SRR12148835_merged	Poultry	Turkey	Experimental	Pos	49	50.25	1.93500952539402	0.71325492679569	3.48741824515146	0.497199093784833	3601
SRR12148836_merged	Poultry	Turkey	Experimental	Pos	35	36.5	1.60200290547646	0.67851504	3.11056542116309	0.450589612541436	5000
SRR12148837_merged	Poultry	Turkey	Experimental	Pos	46	46	2.74403037925362	0.874147513154967	7.94581040922406	0.716711254746899	4742
SRR12148839_merged	Poultry	Turkey	Experimental	Pos	25	39	1.41340205886775	0.699226182504502	3.32475748164139	0.439098037876506	4659
SRR12148840_merged	Poultry	Turkey	Experimental	Pos	42	42	1.85307757657884	0.731887141134897	3.72977261975762	0.495784209367847	4601
SRR12148841_merged	Poultry	Turkey	Experimental	Pos	44	44.6	2.07892687041993	0.783228624674572	4.61315521248482	0.549371747067376	4522
SRR12148845_merged	Poultry	Turkey	Experimental	Neg	42	43.5	2.64744984969966	0.892311535131986	9.2860456431023	0.708315640512811	4906
SRR12148846_merged	Poultry	Turkey	Experimental	Neg	46	47.5	2.47821165625525	0.857569656967569	7.02097585886107	0.647282260106103	4826
SRR12148847_merged	Poultry	Turkey	Experimental	Neg	46	47	2.29171527595	0.771294419072818	4.37243374624247	0.598571409182256	4957
SRR12148848_merged	Poultry	Turkey	Experimental	Neg	37	37	2.20133755336697	0.822727223680948	5.64102408031463	0.609633784711256	4993
SRR12148849_merged	Poultry	Turkey	Experimental	Neg	43	46.3333333333333	2.26720378724825	0.826960684283917	5.7790334864752	0.602787333167511	3564
SRR12148850_merged	Poultry	Turkey	Experimental	Neg	38	38.1428571428571	1.77041783053635	0.687010405338544	3.19499439296583	0.486701277384868	2524
SRR12148851_merged	Poultry	Turkey	Experimental	Neg	41	42	2.19431369229531	0.785313369429404	4.65795190572507	0.590890294541316	4900
SRR12148852_merged	Poultry	Turkey	Experimental	Neg	47	50	2.44723838595156	0.828758414149632	5.83970298472831	0.63562196547078	4783
SRR12148853_merged	Poultry	Turkey	Experimental	Neg	44	46.5	2.21017071713915	0.834193644650324	6.03113190619899	0.584053900821738	4685
SRR12148854_merged	Poultry	Turkey	Experimental	Neg	42	42	2.46578960431574	0.831039143858721	5.9185306161318	0.659713098304346	4986
SRR12148855_merged	Poultry	Turkey	Experimental	Neg	41	41.75	2.10437926046205	0.808577003751921	5.22403274214781	0.566672525175909	4707
SRR12148856_merged	Poultry	Turkey	Experimental	Neg	20	20	1.34410597989109	0.618250584235643	2.61951939860275	0.448673598691283	4957
SRR4409218	Swan	WhooperSwan	Wild	Pos	23	26	0.845105260381826	0.36302408	1.56991805906886	0.269528566210859	5000
SRR4409219	Swan	WhooperSwan	Wild	Pos	33	40.5	0.987589975309092	0.37077606239145	1.58925930853908	0.282450404567375	4982
SRR4409220	Swan	WhooperSwan	Wild	Neg	53	54	2.37144232549267	0.850740708773779	6.69975042615187	0.597296716999078	4942
SRR4409221	Swan	WhooperSwan	Wild	Neg	46	49	2.07595055030583	0.758600536822545	4.14251128332001	0.542215980898471	4970
SRR4409222	Swan	WhooperSwan	Wild	Neg	69	70	2.65965719498897	0.848087824989208	6.5827508554134	0.628150754380222	4821
SRR4409223	Swan	WhooperSwan	Wild	Neg	52	52	2.39743672279529	0.831825432534412	5.94620230080046	0.606754959589284	4862
SRR4409224	Swan	WhooperSwan	Wild	Neg	46	47.6666666666667	2.12921500540692	0.816584482890507	5.45210141300659	0.556128084327625	4943
SRR4409225	Swan	WhooperSwan	Wild	Pos	34	34	2.00636848432705	0.772170008847616	4.38923775988364	0.568962949284785	4972
SRR4409226	Swan	WhooperSwan	Wild	Pos	36	39.75	1.40910954047584	0.524684763148981	2.10386691288299	0.393219504257155	4980
SRR4409227	Swan	WhooperSwan	Wild	Pos	30	30.5	1.88495517130367	0.756017947500141	4.09866213417718	0.554203405384986	4887
SRR4409228	Swan	WhooperSwan	Wild	Pos	43	43.8571428571429	0.939188898817311	0.306992862608245	1.44298658129794	0.249704580965675	4970
SRR4409229	Swan	WhooperSwan	Wild	Pos	41	45.6666666666667	0.717948301753298	0.233726136618546	1.30501645402226	0.193330919356698	4979
SRR4409230	Swan	WhooperSwan	Wild	Pos	28	29.6666666666667	1.24683608621923	0.515403331259187	2.06357175875439	0.374177539947473	4995
SRR4409231	Swan	WhooperSwan	Wild	Pos	27	27.6	0.745310121808651	0.273558885657578	1.3765740680925	0.226136836290754	4991
SRR4409232	Swan	WhooperSwan	Wild	Pos	24	24.25	1.13911464898868	0.580620130866197	2.38447306034365	0.358431514945096	4901
SRR7146574	Duck	Duck	Wild	Pos	41	41	2.57197241839955	0.89132736	9.20194816284945	0.692587183499069	5000
SRR7146575	Duck	Duck	Wild	Pos	32	32	2.76435071647975	0.91115488	11.2555422289936	0.797623013988637	5000
SRR7146576	Duck	Duck	Wild	Neg	25	25.6	0.522440270509186	0.173004	1.20919569139391	0.162305195644065	5000
SRR7146577	Duck	Duck	Wild	Neg	12	12	0.254027675156705	0.0848123199999999	1.09267205170419	0.102228256815353	5000
SRR7146578	Duck	Duck	Wild	Pos	12	12	1.32552790562735	0.64328952	2.80339394570073	0.53343167065871	5000
SRR7146580	Duck	Duck	Wild	Neg	25	25	2.10975677675656	0.82987472	5.87802118532883	0.655432794411367	5000
SRR7146581	Duck	Duck	Wild	Neg	25	25	1.40973641859624	0.55004672	2.22245296222754	0.437959242697399	5000
SRR7146582	Duck	Duck	Wild	Neg	24	24.5	1.45007316623345	0.65107536	2.86594836065461	0.456277093983237	5000
SRR7146583	Duck	Duck	Wild	Neg	33	33	2.20635938825172	0.79881776	4.97061768474195	0.631018051431397	5000
SRR7146584	Duck	Duck	Wild	Neg	41	44	2.63461976886762	0.89700208	9.70893392798612	0.709457019156698	5000
SRR7146585	Duck	Duck	Wild	Neg	22	22	2.1455229584203	0.841352	6.30326256870556	0.694109832134224	5000
SRR7146587	Duck	Duck	Wild	Neg	28	28	1.06853664196668	0.38323712	1.62136865305513	0.320669586366564	5000
SRR7146588	Duck	Duck	Wild	Pos	43	43	2.79778700631001	0.89783048	9.78765487006301	0.743854865535145	5000
SRR7146589	Duck	Duck	Wild	Pos	25	26	1.55612295326571	0.62592056	2.67322898045399	0.483436776667031	5000
SRR7146590	Duck	Duck	Wild	Pos	25	25	2.12014115989687	0.807904893897933	5.20575469251497	0.65865888442083	4983
SRR7146591	Duck	Duck	Wild	Pos	20	20.5	0.793817271881302	0.32173256	1.47434469211732	0.264982715207576	5000
SRR7146592	Duck	Duck	Wild	Pos	26	28.5	0.962116540838121	0.42395032	1.7359613844417	0.295300194334443	5000
SRR7146593	Duck	Duck	Wild	Pos	15	20	0.190788398489014	0.06807768	1.07305080964259	0.0704523122988491	5000
SRR7146595	Duck	Duck	Wild	Pos	13	13	0.897106076880872	0.53512736	2.15112681185109	0.349755863316036	5000
SRR7146596	Duck	Duck	Wild	Pos	29	29	1.54040085115411	0.65878848	2.93073340548408	0.457459317187555	5000
SRR7146598	Duck	Duck	Wild	Pos	27	27.6	1.34165428651936	0.64550368	2.82090375437466	0.407075453387322	5000
SRR7146599	Duck	Duck	Wild	Pos	23	23	1.23207864449743	0.59160432	2.44860572472265	0.39294559633953	5000
SRR7146601	Duck	Duck	Wild	Pos	17	20	0.905248242687083	0.38406544	1.62354909911209	0.319512910874219	5000
SRR7146602	Duck	Duck	Wild	Pos	11	11.3333333333333	0.753397801421762	0.443478	1.79687415771524	0.314191286820687	5000
SRR7146603	Duck	Duck	Wild	Neg	23	23	1.17833724513038	0.539976	2.1737996278455	0.375805906177123	5000
SRR7146604	Duck	Duck	Wild	Neg	26	26.5	1.68856156520049	0.747079892705518	3.95381771222987	0.518266277716219	4995
SRR7146605	Duck	Duck	Wild	Neg	19	20	0.873934104474594	0.43861584	1.78131139289716	0.296808359982383	5000
SRR7146606	Duck	Duck	Wild	Neg	24	24.5	2.13852917933504	0.82445232	5.69645807908142	0.672905272690396	5000
SRR7146607	Duck	Duck	Wild	Neg	27	27	2.27301363018522	0.8346736	6.04864074945078	0.689662056284019	5000
SRR7146608	Duck	Duck	Wild	Neg	11	11	0.136053241777596	0.0387544	1.04031685554659	0.056738608779532	5000
SRR7146610	Duck	Duck	Wild	Neg	32	32	2.12264288854772	0.78749504	4.70577251467448	0.612465273777205	5000
SRR7146611	Duck	Duck	Wild	Neg	18	18	1.44529457802286	0.69243824	3.25137949529226	0.500037607298952	5000
SRR7146612	Duck	Duck	Wild	Pos	18	18	1.04323424394226	0.4539292	1.83126437084715	0.360934278122621	5000
SRR7146613	Duck	Duck	Wild	Pos	19	19	1.15615603069683	0.49053192	1.96283150850197	0.392657493966519	5000
SRR7146614	Duck	Duck	Wild	Neg	16	17.5	0.580468319412461	0.27551728	1.38029517115329	0.209359691452377	5000
SRR7146615	Duck	Duck	Wild	Neg	20	20	2.22525182809465	0.83505544	6.06264310869058	0.742807308830278	5000
SRR7146616	Duck	Duck	Wild	Pos	27	27.25	1.79643999384534	0.743209974261306	3.89423225112951	0.545063383559767	4999
SRR7146617	Duck	Duck	Wild	Pos	30	30	2.17397176158348	0.797913709017634	4.94838118478439	0.639178359158052	4935
SRR7146618	Duck	Duck	Wild	Pos	22	22	2.25283957146854	0.844604526516253	6.43519388037125	0.728828414834905	4982
SRR7146619	Duck	Duck	Wild	Pos	20	20	1.89297319979472	0.79599064	4.901735881138	0.631889977787965	5000
SRR7146620	Duck	Duck	Wild	Pos	22	22	1.68511277268539	0.69974368	3.33048776458727	0.54516002226193	5000
SRR7146622	Duck	Duck	Wild	Pos	26	26	0.904177704072357	0.333887201399447	1.50124723935783	0.277517161790863	4981
SRR7146623	Duck	Duck	Wild	Pos	24	24.3333333333333	1.9133620342073	0.76710392	4.29376054762279	0.602054633542132	5000
SRR7146624	Duck	Duck	Wild	Pos	21	21	1.06407702823623	0.44992664	1.81793933812755	0.349505398630566	5000
SRR7146625	Duck	Duck	Wild	Pos	27	27	1.76714614833515	0.703186116383328	3.36911463781619	0.536175247799061	4998
SRR7146626	Duck	Duck	Wild	Pos	20	20	1.75296449194816	0.752293140234441	4.03702990279092	0.585153922940024	4994
SRR7146627	Duck	Duck	Wild	Neg	21	21	1.35402152690487	0.519064287271005	2.07927998177897	0.444740202971654	4871
SRR7146628	Duck	Duck	Wild	Pos	26	26.3333333333333	2.39121708300616	0.88216456	8.48641121889985	0.733930703127125	5000
SRR7146629	Duck	Duck	Wild	Neg	28	30	0.750194159869178	0.30830072	1.44571496445681	0.225134489068239	5000
SRR7146630	Duck	Duck	Wild	Neg	16	16	1.31226150586362	0.5887816	2.43179779893118	0.473298291714731	5000
SRR7146631	Duck	Duck	Wild	Pos	30	30	2.218643996297	0.834891048280655	6.05660680167006	0.652312626211877	4968
SRR7146632	Duck	Duck	Wild	Neg	25	25	2.14900273886391	0.83072664	5.90760412624881	0.667625238060218	5000
SRR7146633	Duck	Duck	Wild	Pos	26	26	1.89012112030532	0.79333688	4.83879271734599	0.580130483626835	5000
SRR7146635	Duck	Duck	Wild	Neg	31	31	2.11268588692458	0.75514752	4.08409177640349	0.615228235028131	5000
SRR7146636	Duck	Duck	Wild	Neg	31	31	1.99634769903207	0.78573096	4.66702982381402	0.581349778014499	5000
SRR7146637	Duck	Duck	Wild	Pos	36	36	2.26859895082547	0.837731919693706	6.16264146412788	0.633064590919352	4974
SRR7146638	Duck	Duck	Wild	Pos	30	30	2.07324571269774	0.80885912	5.23174320427948	0.609563480166078	5000
SRR7146639	Duck	Duck	Wild	Pos	32	32	1.38587347684018	0.54083872	2.17788398882414	0.399878558467374	5000
SRR7146640	Duck	Duck	Wild	Pos	28	28	1.58749507927341	0.61337416	2.58647999316342	0.476409858526342	5000
SRR7146641	Duck	Duck	Wild	Neg	25	25	1.83197678678062	0.69923992	3.32490934302185	0.569135588464534	5000
SRR7146642	Duck	Duck	Wild	Pos	17	17	1.94411393208489	0.80326768	5.08304888591768	0.686186917820161	5000
SRR7146643	Duck	Duck	Wild	Neg	22	22	1.99679722671371	0.8159428	5.43309362524259	0.645994759646299	5000
SRR7146644	Duck	Duck	Wild	Pos	30	33	1.54539246872305	0.657809280752224	2.92234693622977	0.454367181703468	4995
SRR7146645	Duck	Duck	Wild	Neg	23	23	2.40151161000609	0.87302384	7.87549410850037	0.765911669619981	5000
SRR7146646	Duck	Duck	Wild	Neg	21	21	1.36136767784575	0.63849968	2.76624928022194	0.447153110444385	5000
SRR7146648	Duck	Duck	Wild	Pos	27	27.25	1.65226351514957	0.660310273810351	2.94386295169168	0.501318354737828	4994
SRR7146649	Duck	Duck	Wild	Neg	28	28.5	1.20088574263746	0.43326888	1.76450518545726	0.360387767008428	5000
SRR7146650	Duck	Duck	Wild	Neg	31	31	1.47055175089944	0.54459928	2.19586828936063	0.428234487588872	5000
SRR7146651	Duck	Duck	Wild	Pos	24	24.3333333333333	1.24331890587084	0.548413263368817	2.21441401813515	0.391220215969317	4999
SRR7146653	Duck	Duck	Wild	Pos	33	33.5	1.37959464174647	0.4812016	1.92753100240864	0.394563608827961	5000
SRR7146654	Duck	Duck	Wild	Neg	31	31.6	1.32687584912099	0.58549128	2.41249448262512	0.386395105779064	5000
SRR7146655	Duck	Duck	Wild	Neg	22	22	2.16834440785531	0.84027104	6.26060546565883	0.701492923689701	5000
SRR7146656	Duck	Duck	Wild	Neg	30	30	1.93593724505418	0.73809184	3.818132279651	0.569192854108364	5000
SRR7146657	Duck	Duck	Wild	Pos	31	34	1.69879090411843	0.7308808	3.71582555239463	0.494699252781032	5000
SRR7146658	Duck	Duck	Wild	Pos	26	26	1.48695637841848	0.63796424	2.76215808073766	0.456388066180953	5000
SRR7146659	Duck	Duck	Wild	Pos	31	31	1.97513500117406	0.741959532067017	3.87536113234655	0.575172498777611	4988
SRR7146660	Duck	Duck	Wild	Pos	43	43	2.66277393930921	0.8853264	8.72040295237962	0.70795859231175	5000
SRR7146661	Duck	Duck	Wild	Pos	9	9.33333333333333	0.425454674204891	0.23433176	1.30604868761436	0.193632766806517	5000
SRR7146662	Duck	Duck	Wild	Pos	32	32	1.4347831443126	0.51948848	2.08111555785385	0.413990905410174	5000
SRR7146663	Duck	Duck	Wild	Pos	13	13	0.302236450629594	0.11033864	1.12402319012708	0.117833301367287	5000
SRR7146665	Duck	Duck	Wild	Pos	26	26	1.83906489848448	0.7580012	4.13225189546394	0.564459916096063	5000
SRR7146666	Duck	Duck	Wild	Neg	9	9	0.296342140778393	0.10004944	1.1111721515013	0.134871120519533	5000
SRR7146667	Duck	Duck	Wild	Neg	25	25	2.05368029164826	0.81265752	5.33781766954297	0.638011654808819	5000
SRR7146668	Duck	Duck	Wild	Neg	15	15	1.8869087960171	0.7770988	4.48629258164604	0.696777628143344	5000
SRR7146671	Duck	Duck	Wild	Neg	22	22	2.39069609755814	0.87421832	7.95028337990079	0.773427131342285	5000
SRR7146672	Duck	Duck	Wild	Pos	27	27	2.05234318191282	0.79582344	4.89772185406591	0.622707756892396	5000
SRR7146674	Duck	Duck	Wild	Pos	19	19	1.64868498246335	0.697257455430514	3.30313666822761	0.559931788068531	4890
SRR7146675	Duck	Duck	Wild	Neg	17	17	0.518373420983833	0.22015656	1.28230866441603	0.18296307338497	5000
SRR7146676	Duck	Duck	Wild	Neg	19	20.6666666666667	0.486130529514679	0.17372728	1.21025416402468	0.165101241001877	5000
SRR7146677	Duck	Duck	Wild	Neg	32	32	2.77600176015711	0.91651232	11.977815169855	0.800984794575539	5000
SRR7146678	Duck	Duck	Wild	Neg	18	19.5	0.349814965950988	0.11923704	1.13537926254301	0.12102767230386	5000
SRR7146679	Duck	Duck	Wild	Neg	22	22	1.36506590197132	0.51128144	2.04616743018722	0.441619913854052	5000
SRR7146680	Duck	Duck	Wild	Pos	12	12	0.871881783647393	0.39091992	1.64182023486961	0.350871041260957	5000
SRR7146683	Duck	Duck	Wild	Neg	25	25	0.538452391006407	0.18239008	1.22307713683317	0.167279640564716	5000
SRR7146684	Duck	Duck	Wild	Neg	21	21	1.53512466371498	0.70884488	3.43459527690944	0.504225110872522	5000
SRR7146685	Duck	Duck	Wild	Neg	24	34	0.447942480914481	0.14430536	1.16864118723474	0.140948676399682	5000
SRR7146686	Duck	Duck	Wild	Pos	26	26.5	2.16368108601403	0.846430368866234	6.51170412155874	0.664093608266118	4998
SRR7146687	Duck	Duck	Wild	Pos	25	25	2.32356538320664	0.867539287839868	7.5494083014675	0.721856172659838	4984
SRR7146688	Duck	Duck	Wild	Neg	27	27	2.19318550699072	0.8352452	6.06962589253849	0.665441159910806	5000
SRR7146690	Duck	Duck	Wild	Pos	23	23	1.91071567490662	0.784367706266835	4.63752429048246	0.609382618280611	4942
SRR7146691	Duck	Duck	Wild	Pos	28	28	1.31193613950715	0.484001325197239	1.93798947329128	0.39371417195464	4992
SRR7146692	Duck	Duck	Wild	Neg	24	24	1.45614469239185	0.60412808	2.5260695428966	0.458187548142452	5000
SRR7146693	Duck	Duck	Wild	Pos	40	41	2.14195969258803	0.79730448	4.93350815055014	0.58065320898444	5000
SRR7146694	Duck	Duck	Wild	Pos	30	30	1.8091140594137	0.730615626661968	3.71216781288634	0.531905048841827	4988
SRR7146696	Duck	Duck	Wild	Pos	27	27	1.96868950866412	0.806821537883398	5.17656051841018	0.597326138611598	4987
SRR7146697	Duck	Duck	Wild	Neg	37	37	2.48269529611619	0.87239808	7.83687267401619	0.687552405282497	5000
SRR7146698	Duck	Duck	Wild	Pos	27	27	1.79114200974552	0.72821909654092	3.67943437994555	0.543455905909866	4987
SRR7146699	Duck	Duck	Wild	Pos	24	24	2.14666721056522	0.85242256	6.77610344778985	0.675465969162074	5000
SRR7146700	Duck	Duck	Wild	Pos	22	22	1.88988231810371	0.75646296	4.10615157349371	0.611406134538984	5000
SRR7146701	Duck	Duck	Wild	Pos	26	26	2.05022156169279	0.8120688	5.32109623096112	0.62926974009733	5000
SRR7146702	Duck	Duck	Wild	Pos	24	25	1.7663318696211	0.70219384	3.35788890330543	0.555790418889071	5000
SRR7146703	Duck	Duck	Wild	Pos	23	23	2.21222972783018	0.83810944	6.17701242123074	0.705544190319811	5000
SRR7146704	Duck	Duck	Wild	Pos	29	31	1.441950927037	0.606924441959477	2.54404014583096	0.428222229302256	4995
SRR7146705	Duck	Duck	Wild	Pos	12	12.2	0.321202843839357	0.122962390602262	1.14020195859867	0.129261533372596	4997
SRR7146707	Duck	Duck	Wild	Pos	19	19	1.61027835682757	0.71668888	3.52968849228368	0.546888004207657	5000
SRR7146710	Duck	Duck	Wild	Pos	25	25	1.9073188080226	0.788303850007849	4.72375147132849	0.592541903383521	4999
SRR7146711	Duck	Duck	Wild	Neg	6	6	0.749072091392325	0.36709552	1.58001725631647	0.418065094259024	5000
SRR7146713	Duck	Duck	Wild	Pos	20	21	1.73627396375471	0.73967136	3.84129844491947	0.579582487755115	5000
SRR7146714	Duck	Duck	Wild	Neg	27	27	1.46584941220913	0.51507584	2.06217813523665	0.444757878440215	5000
SRR7146716	Duck	Duck	Wild	Neg	26	26.5	1.44636735394074	0.62911128	2.69622651236198	0.443930171209434	5000
SRR7146717	Duck	Duck	Wild	Neg	27	27	1.41740769567454	0.62343792	2.65560462168681	0.430060028241906	5000
SRR7146718	Duck	Duck	Wild	Neg	34	34	2.5518079786375	0.89622656	9.63637709225019	0.723637858586584	5000
SRR7146719	Duck	Duck	Wild	Neg	41	41	2.95127754102724	0.921131692309934	12.6793642375308	0.794727418241925	4943
SRR7146720	Duck	Duck	Wild	Neg	39	39	1.95913777574666	0.77721368	4.48860594312972	0.534763152632187	5000
SRR7146721	Duck	Duck	Wild	Neg	27	27	2.06775826571433	0.77387176	4.42226941668144	0.627384894878353	5000
SRR7146723	Duck	Duck	Wild	Neg	23	23	2.22813957774292	0.83393808	6.021850162879	0.710618302666091	5000
SRR7146724	Duck	Duck	Wild	Neg	33	40.5	1.71132156993739	0.6762764	3.08905498394309	0.489437399992249	5000
SRR7146725	Duck	Duck	Wild	Neg	22	22	0.717370775767166	0.2491084	1.33175014875649	0.232080531597929	5000
SRR7146726	Duck	Duck	Wild	Neg	29	29	1.66500678820739	0.64063112	2.78265608307542	0.49446406620415	5000
SRR7146727	Duck	Duck	Wild	Pos	30	33	1.28623581974351	0.59956256	2.49726898663621	0.37817147181118	5000
SRR7146728	Duck	Duck	Wild	Pos	26	26	1.79749524044444	0.700001158650942	3.33334620728241	0.551701037543839	1787
SRR7146729	Duck	Duck	Wild	Pos	23	23	1.26553488158753	0.600678195713231	2.50424592212315	0.403615760207202	4995
SRR7146730	Duck	Duck	Wild	Pos	22	22	1.59531510440204	0.71836808	3.55073387988123	0.516109088915549	5000
SRR7146731	Duck	Duck	Wild	Pos	15	15	0.690503849254286	0.264813674877404	1.36019940228519	0.254981923515761	4999
SRR7146732	Duck	Duck	Wild	Pos	29	29	2.16697264159396	0.78916490602838	4.74304339549186	0.643534976136227	4989
SRR7146733	Duck	Duck	Wild	Pos	32	32.3333333333333	1.3873008553901	0.569888416738194	2.3249780729372	0.400290412858462	4996
SRR7146734	Duck	Duck	Wild	Pos	21	21	1.45752854535076	0.651510298220996	2.86952525396046	0.478737987702481	4980
SRR7146735	Duck	Duck	Wild	Pos	26	26	2.33413768114334	0.859761194834813	7.13069395323284	0.716411454941347	4992
SRR7146736	Duck	Duck	Wild	Pos	22	22	1.43614674825517	0.64223664	2.79514369498319	0.464615666049763	5000
SRR7146738	Duck	Duck	Wild	Pos	22	22	1.08824733932163	0.4631036	1.86255672416503	0.352064831118476	5000
SRR7146739	Duck	Duck	Wild	Neg	24	24.75	1.99362823961793	0.81063704	5.28086379722835	0.627311035634554	5000
SRR7146740	Duck	Duck	Wild	Pos	28	28	1.54427188118135	0.6236484	2.65708980644695	0.463438506389921	5000
SRR7146741	Duck	Duck	Wild	Neg	32	32	2.36182543712324	0.8544712	6.87149210328127	0.681478769116621	5000
SRR7146743	Duck	Duck	Wild	Pos	14	14.3333333333333	1.48239176361598	0.719846194287771	3.56946784091589	0.561712603580345	4994
SRR7146744	Duck	Duck	Wild	Pos	20	20	1.31876229096616	0.53072512	2.13094721797169	0.44021366749227	5000
SRR7146745	Duck	Duck	Wild	Pos	13	13	1.225699948561	0.56638176	2.30617605015878	0.477865165249907	5000
SRR7146746	Duck	Duck	Wild	Pos	25	25	1.65408432044596	0.68919856	3.21748831022147	0.513870186500186	5000
SRR7146747	Duck	Duck	Wild	Pos	9	9	0.257066322256481	0.0889769599999999	1.09766707985783	0.116995925181272	5000
SRR7146748	Duck	Duck	Wild	Neg	27	28	1.26184704697336	0.56256176	2.28603699575968	0.382860893386129	5000
SRR7146749	Duck	Duck	Wild	Pos	30	30	2.2335333264397	0.8024612	5.0622966222332	0.656690299269893	5000
SRR7146750	Duck	Duck	Wild	Pos	20	20	1.01175307651566	0.53363024	2.14422135774841	0.337731474019662	5000
SRR7146751	Duck	Duck	Wild	Neg	22	22	2.22709111723643	0.8127948	5.341731960437	0.720498391996128	5000
SRR7146753	Duck	Duck	Wild	Pos	28	28	0.974164811834103	0.34698264	1.53135285714303	0.292348446459213	5000
SRR7146754	Duck	Duck	Wild	Neg	34	34.25	1.37119956543244	0.54118928	2.17954802799725	0.388842705066774	5000
SRR7146755	Duck	Duck	Wild	Neg	22	22	1.06238028404913	0.45610664	1.83859571295373	0.343696439010368	5000
SRR7146756	Duck	Duck	Wild	Neg	31	31.1666666666667	1.82101419958949	0.76635104	4.27992489245405	0.530291492411811	5000
SRR7146757	Duck	Duck	Wild	Neg	20	20.25	1.00391490668826	0.43540296	1.77117471249938	0.335115028652833	5000
SRR7146758	Duck	Duck	Wild	Pos	25	25	2.00827768266016	0.78568728	4.66607861633225	0.62390654126659	5000
SRR7146759	Duck	Duck	Wild	Pos	26	26.3333333333333	1.08768688268962	0.51065968	2.0435675523325	0.333841207587461	5000
SRR7146761	Duck	Duck	Wild	Neg	19	19	1.40808681568359	0.55880408	2.26656674431622	0.478219051454826	5000
SRR7146762	Duck	Duck	Wild	Pos	35	35	2.7604910133758	0.910026908382996	11.1144341272253	0.776433408384599	4991
SRR7146763	Duck	Duck	Wild	Pos	25	25	1.85813099910465	0.767262382209875	4.29668400620035	0.577260851365937	4933
SRR7146764	Duck	Duck	Wild	Pos	33	33.5	1.9031752580467	0.74674872	3.9486473671525	0.544307491000674	5000
SRR7146765	Duck	Duck	Wild	Pos	34	34	2.26709383907156	0.84221632	6.33779108206882	0.642899052222781	5000
SRR7146766	Duck	Duck	Wild	Pos	20	20	1.77716699049563	0.79077248	4.7794859873118	0.593232915432487	5000
SRR7146767	Duck	Duck	Wild	Pos	33	34.2	1.14339000140952	0.44548088	1.80336432763581	0.327009160229006	5000
SRR7146769	Duck	Duck	Wild	Pos	24	24	1.5421255584337	0.6553564	2.90154815003093	0.485242113808016	5000
SRR7146770	Duck	Duck	Wild	Pos	31	32	0.98469140581252	0.31707824	1.46429658355007	0.286748711389026	5000
SRR7146772	Duck	Duck	Wild	Pos	23	25	0.657602603151359	0.28217152	1.39309044968514	0.20972853332357	5000
SRR7146773	Duck	Duck	Wild	Neg	17	17	1.81085766299063	0.726118	3.65120745430514	0.639153301599972	5000
SRR7146774	Duck	Duck	Wild	Pos	20	20	1.4611000017853	0.70425768	3.38132195622189	0.4877271626319	5000
SRR7146775	Duck	Duck	Wild	Neg	33	33	2.15174552306133	0.76860824	4.32167506742677	0.615398504145907	5000
SRR7146776	Duck	Duck	Wild	Pos	28	28	1.8573839530178	0.785402621309924	4.65988916595394	0.557403949051177	4951
SRR7146777	Duck	Duck	Wild	Neg	34	34	1.27964221738443	0.453788697327383	1.83079331223464	0.362879010371102	4999
SRR7146778	Duck	Duck	Wild	Neg	15	15	1.187701362554	0.5184536	2.07664308153898	0.438581737543341	5000
SRR7146780	Duck	Duck	Wild	Pos	27	27	2.08562137026156	0.819006437214007	5.5250583755976	0.632804794367763	4969
SRR7146781	Duck	Duck	Wild	Neg	27	27.3333333333333	1.79493822564479	0.756726	4.11059134967156	0.544607727451287	5000
SRR7146782	Duck	Duck	Wild	Neg	27	27	1.91929345328221	0.73212952	3.73314745245538	0.582338729528516	5000
SRR7146783	Duck	Duck	Wild	Neg	26	26	2.08975200111473	0.7957828	4.89674718877744	0.64140272601737	5000
SRR7146784	Duck	Duck	Wild	Pos	19	26.5	1.18362601182294	0.61690272	2.61030305409634	0.401986938835464	5000
SRR7146785	Duck	Duck	Wild	Neg	32	33.2	0.843580221286036	0.3008368	1.4302812276161	0.243405800368276	5000
SRR7146786	Duck	Duck	Wild	Pos	43	46.5	1.73258862883794	0.73397456	3.75903898514368	0.460647818659991	5000
SRR7146787	Duck	Duck	Wild	Pos	15	15	1.35804257394839	0.6524992	2.87769121682598	0.501483529882735	5000
SRR7146788	Duck	Duck	Wild	Pos	37	38.5	2.01546003799035	0.80282408	5.07161320712996	0.558157257170784	5000
SRR7146789	Duck	Duck	Wild	Pos	24	24	0.906338985828512	0.3584272	1.55866956953287	0.285186794878576	5000
SRR7146790	Duck	Duck	Wild	Pos	30	30	1.97410142454665	0.78448232	4.63999055669122	0.580413661138922	5000
SRR7146792	Duck	Duck	Wild	Pos	9	9	1.71135349824731	0.77911552	4.52725334075078	0.778870542364882	5000
SRR7146794	Duck	Duck	Wild	Neg	21	21	2.34133020910718	0.85476736	6.88550452570442	0.769030367487762	5000
SRR7146797	Duck	Duck	Wild	Pos	21	21	2.25122764020934	0.86240432	7.26767003150099	0.739435391349166	5000
SRR7146798	Duck	Duck	Wild	Neg	21	21	2.09382191279994	0.81917112	5.53009010507614	0.687734104651768	5000
SRR7146800	Duck	Duck	Wild	Pos	22	22	1.92460025450536	0.79744192	4.93685564160166	0.622637923466352	5000
SRR7146802	Duck	Duck	Wild	Pos	20	20	1.74373888713445	0.75525944	4.08595943394099	0.582074340396837	5000
SRR7146803	Duck	Duck	Wild	Pos	26	26.5	1.71923747645525	0.71424592	3.49951258788676	0.527681563880019	5000
SRR7146804	Duck	Duck	Wild	Neg	20	20.75	0.782739447638174	0.36080736	1.56447358342549	0.261284846629359	5000
SRR7146806	Duck	Duck	Wild	Pos	20	20	0.73998426091113	0.2741372	1.37767082153817	0.247012814677611	5000
SRR7146807	Duck	Duck	Wild	Pos	26	26	1.7744815307285	0.6805688	3.13056457853835	0.544637493094687	5000
SRR7146809	Duck	Duck	Wild	Pos	19	24	0.550277461425091	0.20679888	1.26071430660612	0.186887031899324	5000
SRR7146810	Duck	Duck	Wild	Pos	42	42	2.52292412387543	0.877142	8.13947809666444	0.67499923255233	5000
SRR7146811	Duck	Duck	Wild	Pos	19	19	1.70952350638363	0.73910864	3.83301309786572	0.580593966619607	5000
SRR7146814	Duck	Duck	Wild	Neg	26	26	1.78430905829638	0.68056912	3.13056771468056	0.547653833296151	5000
SRR7146815	Duck	Duck	Wild	Neg	27	27	1.9521773509779	0.78375144	4.62430824972892	0.592316134064184	5000
SRR7146816	Duck	Duck	Wild	Neg	12	12	0.834553532290483	0.40083056	1.66897697586179	0.33584904783513	5000
SRR7146817	Duck	Duck	Wild	Pos	30	30	1.91887149039076	0.727450079731497	3.66905262351516	0.564175281545411	4952
SRR7146819	Duck	Duck	Wild	Pos	9	9	1.668295228864	0.77648856	4.47404392365778	0.759273879453204	5000
SRR7146820	Duck	Duck	Wild	Pos	13	13	1.71943422494885	0.78032936	4.5522697070487	0.670357962408478	5000
SRR7146821	Duck	Duck	Wild	Pos	22	22	1.79389513221296	0.729438096104674	3.69601183907575	0.580352796599073	4945
SRR7146822	Duck	Duck	Wild	Pos	25	25	2.12073197829058	0.781912755113094	4.58532089081401	0.658842432474827	4918
SRR7146823	Duck	Duck	Wild	Pos	21	21	1.83635834861638	0.692596600849331	3.2530544644689	0.603167947085172	4906
SRR7146826	Duck	Duck	Wild	Pos	31	31	2.2481804480665	0.864575247067149	7.38417444627602	0.654685155824152	4996
SRR7146827	Duck	Duck	Wild	Pos	29	29	2.40974767971906	0.845278030783536	6.46320626000404	0.715632899925143	4995
SRR7146828	Duck	Duck	Wild	Neg	37	37	1.62934783635408	0.57323704	2.34322116427349	0.45122815743018	5000
SRR7146829	Duck	Duck	Wild	Neg	20	20	2.13922551507122	0.83168456	5.94122559403938	0.714091020067472	5000
SRR7146831	Duck	Duck	Wild	Neg	31	31.25	1.99590811007663	0.8029396	5.07458626898149	0.581221766775881	5000
SRR7146832	Duck	Duck	Wild	Neg	15	15	0.863838120932332	0.52695216	2.11395109636269	0.31898896134966	5000
SRR7146833	Duck	Duck	Wild	Pos	19	19	1.32434662215321	0.49763272	1.99057550085666	0.44977893293891	5000
SRR7146834	Duck	Duck	Wild	Pos	8	8	1.63051667694096	0.76311984	4.22154392330704	0.78411277463649	5000
SRR7146835	Duck	Duck	Wild	Neg	26	26	2.34119597766183	0.85773672	7.0292207518342	0.718577841491325	5000
SRR7146836	Duck	Duck	Wild	Neg	25	25	2.19713053888837	0.82204736	5.6194726866654	0.682576979799565	5000
SRR7146837	Duck	Duck	Wild	Neg	23	23	2.47814211078624	0.88241464	8.50446007904385	0.790351357752986	5000
SRR7146838	Duck	Duck	Wild	Neg	22	22	2.24116814657662	0.83699584	6.134812755699	0.725052528522105	5000
SRR7146839	Duck	Duck	Wild	Pos	28	28	1.9009343805651	0.740680731601675	3.85625027471525	0.570473503280011	4974
SRR7146840	Duck	Duck	Wild	Pos	13	13	0.795007796072374	0.341804	1.51930428018402	0.309950679439212	5000
SRR7146841	Duck	Duck	Wild	Pos	11	11	0.221485780197905	0.0723108000000001	1.07794722629087	0.0923667445823975	5000
SRR7146843	Duck	Duck	Wild	Pos	21	21	1.21060136833918	0.5187416	2.07788580936977	0.397632598577406	5000
SRR7146844	Duck	Duck	Wild	Pos	23	23	1.09420511142691	0.504875559018778	2.01969427729771	0.348973729840755	4957
SRR7146846	Duck	Duck	Wild	Pos	30	30	2.61860821380409	0.89178624	9.24096898582953	0.769907747172375	5000
SRR7146848	Duck	Duck	Wild	Pos	22	22	1.90157500346916	0.73093083215737	3.71651649283306	0.615188898943513	4912
SRR7146849	Duck	Duck	Wild	Pos	26	26	1.99800459648018	0.806220835909741	5.16051353970243	0.613242908294392	4986
SRR7146850	Duck	Duck	Wild	Pos	18	18	2.00408373531346	0.814825711261834	5.40031775909227	0.693365387977701	4947
SRR7146851	Duck	Duck	Wild	Pos	20	20	1.68955879294631	0.709897577108345	3.44705842175428	0.563988580642389	4983
SRR7146852	Duck	Duck	Wild	Neg	18	18	2.09123049224745	0.83667096	6.12260991676679	0.723516096687027	5000
SRR7146853	Duck	Duck	Wild	Neg	26	26	1.94984604118368	0.70085944	3.3429101021941	0.598461714817003	5000
SRR7146854	Duck	Duck	Wild	Pos	19	19.5	1.22162741973753	0.58563288	2.41331889460727	0.414893101328041	5000
SRR7146855	Duck	Duck	Wild	Neg	19	19	1.24118605679626	0.47347064	1.89922932312834	0.421535669639735	5000
SRR7146856	Duck	Duck	Wild	Neg	27	27	1.00146499328836	0.35641384	1.55379351227814	0.30385757366155	5000
SRR7146857	Duck	Duck	Wild	Neg	25	25	1.37015801317681	0.53820952	2.16548422566009	0.425663519726771	5000
SRR7146858	Duck	Duck	Wild	Neg	20	21.5	0.930502973742102	0.3526176	1.544682092068	0.310609523406509	5000
SRR7146859	Duck	Duck	Wild	Neg	20	26	1.54416093191508	0.66971032	3.02764530820339	0.515453582266602	5000
SRR7146860	Duck	Duck	Wild	Neg	27	27	1.8778511649134	0.72989856	3.70231273109836	0.569764597357028	5000
SRR7146861	Duck	Duck	Wild	Neg	26	26.25	0.905144835373906	0.35095696	1.54072987208984	0.27781400115405	5000
SRR7146862	Duck	Duck	Wild	Neg	15	16	1.280336205196	0.65738184	2.91870109862244	0.472788947810086	5000
SRR7146863	Duck	Duck	Wild	Neg	35	35	2.00947519143161	0.79657496	4.91581567342939	0.565197881241985	5000
SRR7146865	Duck	Duck	Wild	Pos	33	33	1.4427463588186	0.64351432	2.80516176694671	0.412624978912814	5000
SRR7146866	Duck	Duck	Wild	Pos	17	20	1.15654821721215	0.46767592	1.87855488333348	0.4082107758099	5000
SRR7146868	Duck	Duck	Wild	Pos	28	28.4285714285714	1.14786988572896	0.53163424	2.13508348688854	0.344477622013844	5000
SRR7146869	Duck	Duck	Wild	Pos	39	39	1.97067017265637	0.695748715037941	3.28675686653124	0.537911017476197	4994
SRR7146871	Duck	Duck	Wild	Pos	27	27	1.89247679639883	0.75481784	4.07860017221481	0.574202205187768	5000
SRR7146872	Duck	Duck	Wild	Pos	19	19.5	1.18593335251367	0.46065328	1.85409489465329	0.402770565430228	5000
SRR7146874	Duck	Duck	Wild	Pos	18	18	1.01322207485777	0.49841616	1.99368464502365	0.35055078022049	5000
SRR7146875	Duck	Duck	Wild	Pos	38	38.3333333333333	1.99263431202891	0.77822648	4.50910460365151	0.547790272046447	5000
SRR7146877	Duck	Duck	Wild	Pos	40	40.3333333333333	2.34205209988762	0.8106216	5.28043324898721	0.634895265356448	5000
SRR7146878	Duck	Duck	Wild	Pos	35	35	2.33328930650052	0.826284080234868	5.7565247983721	0.656275916210311	4969
SRR7146880	Duck	Duck	Wild	Pos	33	33	2.50375326208127	0.86949464	7.66252052789249	0.716072600463978	5000
SRR7146881	Duck	Duck	Wild	Neg	30	30	2.10632853881484	0.77818216	4.50820366837942	0.619290297637911	5000
SRR7146882	Duck	Duck	Wild	Neg	22	22	2.1161524246389	0.82660696	5.76724417542942	0.684608010588714	5000
SRR7146883	Duck	Duck	Wild	Neg	29	29	0.967899425640738	0.32798024	1.4880514822957	0.2874411618431	5000
SRR7146884	Duck	Duck	Wild	Neg	26	26	2.63193934870902	0.90482608	10.5070800908484	0.807815028804303	5000
SRR7146886	Duck	Duck	Wild	Neg	29	29	1.69556554950483	0.61489032	2.59666285199583	0.503539230027093	5000
SRR7146887	Duck	Duck	Wild	Neg	27	27	2.23014023310484	0.80376768	5.09600049573893	0.676653707016915	5000
SRR7146888	Duck	Duck	Wild	Pos	24	24	1.9841332305358	0.750879486615714	4.01412146440718	0.624323355252472	4996
