SampleID	HostGroup	HostSpecies	SampleContext	Infection	BaselineCoreSize	CoreTaxaPresent	CoreTaxaLost	CoreRetentionProportion	CoreAbundanceRetention	NonCoreTaxaPresent	TotalTaxaPresent	CoreMembershipProportion
SRR5364033	Poultry	Chicken	Experimental	Pos	24	8	16	0.333333333333333	0.695814977973568	6	14	0.571428571428571
SRR5364035	Poultry	Chicken	Experimental	Pos	24	11	13	0.458333333333333	0.580950421723925	4	15	0.733333333333333
SRR5364037	Poultry	Chicken	Experimental	Pos	24	13	11	0.541666666666667	0.931523500810373	7	20	0.65
SRR5364039	Poultry	Chicken	Experimental	Neg	24	22	2	0.916666666666667	0.993617459337039	1	23	0.956521739130435
SRR5364041	Poultry	Chicken	Experimental	Neg	24	19	5	0.791666666666667	0.99290060851927	2	21	0.904761904761905
SRR5364043	Poultry	Chicken	Experimental	Neg	24	24	0	1	0.979093355412958	8	32	0.75
SRR12148748_merged	Poultry	Turkey	Experimental	Neg	32	22	10	0.6875	0.991337630942788	3	25	0.88
SRR12148807_merged	Poultry	Turkey	Experimental	Pos	32	18	14	0.5625	0.990210124164279	3	21	0.857142857142857
SRR12148808_merged	Poultry	Turkey	Experimental	Pos	32	7	25	0.21875	0.981566820276498	1	8	0.875
SRR12148809_merged	Poultry	Turkey	Experimental	Pos	32	26	6	0.8125	0.954554717750153	6	32	0.8125
SRR12148810_merged	Poultry	Turkey	Experimental	Pos	32	5	27	0.15625	0.999	0	5	1
SRR12148811_merged	Poultry	Turkey	Experimental	Pos	32	8	24	0.25	0.990697674418605	3	11	0.727272727272727
SRR12148812_merged	Poultry	Turkey	Experimental	Pos	32	6	26	0.1875	0.988798655838701	5	11	0.545454545454545
SRR12148813_merged	Poultry	Turkey	Experimental	Pos	32	19	13	0.59375	0.975400118553646	6	25	0.76
SRR12148814_merged	Poultry	Turkey	Experimental	Pos	32	22	10	0.6875	0.992421138877509	4	26	0.846153846153846
SRR12148815_merged	Poultry	Turkey	Experimental	Pos	32	18	14	0.5625	0.991338951310861	3	21	0.857142857142857
SRR12148817_merged	Poultry	Turkey	Experimental	Pos	32	5	27	0.15625	0.99731663685152	0	5	1
SRR12148818_merged	Poultry	Turkey	Experimental	Pos	32	5	27	0.15625	0.995869776482021	1	6	0.833333333333333
SRR12148819_merged	Poultry	Turkey	Experimental	Pos	32	25	7	0.78125	0.982582582582583	2	27	0.925925925925926
SRR12148820_merged	Poultry	Turkey	Experimental	Pos	32	14	18	0.4375	0.995929443690638	2	16	0.875
SRR12148821_merged	Poultry	Turkey	Experimental	Pos	32	15	17	0.46875	0.983539094650206	6	21	0.714285714285714
SRR12148822_merged	Poultry	Turkey	Experimental	Pos	32	5	27	0.15625	0.996760259179266	2	7	0.714285714285714
SRR12148823_merged	Poultry	Turkey	Experimental	Pos	32	15	17	0.46875	0.984691677447176	4	19	0.789473684210526
SRR12148824_merged	Poultry	Turkey	Experimental	Pos	32	7	25	0.21875	0.806122448979592	2	9	0.777777777777778
SRR12148825_merged	Poultry	Turkey	Experimental	Pos	32	25	7	0.78125	0.975352901635671	8	33	0.757575757575758
SRR12148826_merged	Poultry	Turkey	Experimental	Pos	32	30	2	0.9375	0.881396748946418	12	42	0.714285714285714
SRR12148828_merged	Poultry	Turkey	Experimental	Pos	32	27	5	0.84375	0.976170912078883	7	34	0.794117647058823
SRR12148829_merged	Poultry	Turkey	Experimental	Pos	32	26	6	0.8125	0.97844652297682	6	32	0.8125
SRR12148830_merged	Poultry	Turkey	Experimental	Pos	32	28	4	0.875	0.973022685469037	6	34	0.823529411764706
SRR12148831_merged	Poultry	Turkey	Experimental	Pos	32	26	6	0.8125	0.954590918183637	6	32	0.8125
SRR12148832_merged	Poultry	Turkey	Experimental	Pos	32	16	16	0.5	0.889201124046568	8	24	0.666666666666667
SRR12148833_merged	Poultry	Turkey	Experimental	Pos	32	20	12	0.625	0.992195317190314	2	22	0.909090909090909
SRR12148834_merged	Poultry	Turkey	Experimental	Pos	32	21	11	0.65625	0.97229326513214	5	26	0.807692307692308
SRR12148835_merged	Poultry	Turkey	Experimental	Pos	32	22	10	0.6875	0.931407942238267	15	37	0.594594594594595
SRR12148836_merged	Poultry	Turkey	Experimental	Pos	32	20	12	0.625	0.8244	4	24	0.833333333333333
SRR12148837_merged	Poultry	Turkey	Experimental	Pos	32	25	7	0.78125	0.91269506537326	11	36	0.694444444444444
SRR12148839_merged	Poultry	Turkey	Experimental	Pos	32	10	22	0.3125	0.991843743292552	3	13	0.769230769230769
SRR12148840_merged	Poultry	Turkey	Experimental	Pos	32	25	7	0.78125	0.977830906324712	8	33	0.757575757575758
SRR12148841_merged	Poultry	Turkey	Experimental	Pos	32	27	5	0.84375	0.962848297213622	6	33	0.818181818181818
SRR12148845_merged	Poultry	Turkey	Experimental	Neg	32	28	4	0.875	0.978597635548308	5	33	0.848484848484849
SRR12148846_merged	Poultry	Turkey	Experimental	Neg	32	28	4	0.875	0.902196435971819	7	35	0.8
SRR12148847_merged	Poultry	Turkey	Experimental	Neg	32	32	0	1	0.958240871494856	7	39	0.82051282051282
SRR12148848_merged	Poultry	Turkey	Experimental	Neg	32	26	6	0.8125	0.941317844982976	6	32	0.8125
SRR12148849_merged	Poultry	Turkey	Experimental	Neg	32	26	6	0.8125	0.985690235690236	5	31	0.838709677419355
SRR12148850_merged	Poultry	Turkey	Experimental	Neg	32	24	8	0.75	0.971473851030111	6	30	0.8
SRR12148851_merged	Poultry	Turkey	Experimental	Neg	32	27	5	0.84375	0.990408163265306	3	30	0.9
SRR12148852_merged	Poultry	Turkey	Experimental	Neg	32	31	1	0.96875	0.976583734058122	9	40	0.775
SRR12148853_merged	Poultry	Turkey	Experimental	Neg	32	27	5	0.84375	0.985912486659552	5	32	0.84375
SRR12148854_merged	Poultry	Turkey	Experimental	Neg	32	31	1	0.96875	0.95146409947854	8	39	0.794871794871795
SRR12148855_merged	Poultry	Turkey	Experimental	Neg	32	28	4	0.875	0.993838963246229	2	30	0.933333333333333
SRR12148856_merged	Poultry	Turkey	Experimental	Neg	32	16	16	0.5	0.998184385717168	1	17	0.941176470588235
SRR4409218	Swan	WhooperSwan	Wild	Pos	31	8	23	0.258064516129032	0.952	3	11	0.727272727272727
SRR4409219	Swan	WhooperSwan	Wild	Pos	31	14	17	0.451612903225806	0.974708952228021	6	20	0.7
SRR4409220	Swan	WhooperSwan	Wild	Neg	31	25	6	0.806451612903226	0.916025900445164	12	37	0.675675675675676
SRR4409221	Swan	WhooperSwan	Wild	Neg	31	26	5	0.838709677419355	0.954929577464789	15	41	0.634146341463415
SRR4409222	Swan	WhooperSwan	Wild	Neg	31	31	0	1	0.858742999377722	29	60	0.516666666666667
SRR4409223	Swan	WhooperSwan	Wild	Neg	31	26	5	0.838709677419355	0.899218428630193	20	46	0.565217391304348
SRR4409224	Swan	WhooperSwan	Wild	Neg	31	17	14	0.548387096774194	0.95650414727898	11	28	0.607142857142857
SRR4409225	Swan	WhooperSwan	Wild	Pos	31	14	17	0.451612903225806	0.43141592920354	10	24	0.583333333333333
SRR4409226	Swan	WhooperSwan	Wild	Pos	31	13	18	0.419354838709677	0.256827309236948	12	25	0.52
SRR4409227	Swan	WhooperSwan	Wild	Pos	31	18	13	0.580645161290323	0.966850828729282	8	26	0.692307692307692
SRR4409228	Swan	WhooperSwan	Wild	Pos	31	13	18	0.419354838709677	0.920523138832998	11	24	0.541666666666667
SRR4409229	Swan	WhooperSwan	Wild	Pos	31	11	20	0.354838709677419	0.953404298051818	3	14	0.785714285714286
SRR4409230	Swan	WhooperSwan	Wild	Pos	31	10	21	0.32258064516129	0.222422422422422	6	16	0.625
SRR4409231	Swan	WhooperSwan	Wild	Pos	31	7	24	0.225806451612903	0.947505509917852	7	14	0.5
SRR4409232	Swan	WhooperSwan	Wild	Pos	31	8	23	0.258064516129032	0.507855539685778	8	16	0.5
SRR7146574	Duck	Duck	Wild	Pos	14	10	4	0.714285714285714	0.659	27	37	0.27027027027027
SRR7146575	Duck	Duck	Wild	Pos	14	7	7	0.5	0.3662	23	30	0.233333333333333
SRR7146576	Duck	Duck	Wild	Neg	14	8	6	0.571428571428571	0.9694	4	12	0.666666666666667
SRR7146577	Duck	Duck	Wild	Neg	14	4	10	0.285714285714286	0.9878	5	9	0.444444444444444
SRR7146578	Duck	Duck	Wild	Pos	14	6	8	0.428571428571429	0.8554	4	10	0.6
SRR7146580	Duck	Duck	Wild	Neg	14	11	3	0.785714285714286	0.8376	11	22	0.5
SRR7146581	Duck	Duck	Wild	Neg	14	12	2	0.857142857142857	0.8556	8	20	0.6
SRR7146582	Duck	Duck	Wild	Neg	14	11	3	0.785714285714286	0.9434	4	15	0.733333333333333
SRR7146583	Duck	Duck	Wild	Neg	14	11	3	0.785714285714286	0.811	17	28	0.392857142857143
SRR7146584	Duck	Duck	Wild	Neg	14	12	2	0.857142857142857	0.7996	14	26	0.461538461538462
SRR7146585	Duck	Duck	Wild	Neg	14	9	5	0.642857142857143	0.335	11	20	0.45
SRR7146587	Duck	Duck	Wild	Neg	14	10	4	0.714285714285714	0.89	12	22	0.454545454545455
SRR7146588	Duck	Duck	Wild	Pos	14	14	0	1	0.734	28	42	0.333333333333333
SRR7146589	Duck	Duck	Wild	Pos	14	12	2	0.857142857142857	0.8974	9	21	0.571428571428571
SRR7146590	Duck	Duck	Wild	Pos	14	12	2	0.857142857142857	0.903873168773831	12	24	0.5
SRR7146591	Duck	Duck	Wild	Pos	14	6	8	0.428571428571429	0.9592	8	14	0.428571428571429
SRR7146592	Duck	Duck	Wild	Pos	14	7	7	0.5	0.977	7	14	0.5
SRR7146593	Duck	Duck	Wild	Pos	14	5	9	0.357142857142857	0.9968	1	6	0.833333333333333
SRR7146595	Duck	Duck	Wild	Pos	14	8	6	0.571428571428571	0.993	2	10	0.8
SRR7146596	Duck	Duck	Wild	Pos	14	14	0	1	0.974	6	20	0.7
SRR7146598	Duck	Duck	Wild	Pos	14	9	5	0.642857142857143	0.9722	8	17	0.529411764705882
SRR7146599	Duck	Duck	Wild	Pos	14	8	6	0.571428571428571	0.9442	8	16	0.5
SRR7146601	Duck	Duck	Wild	Pos	14	11	3	0.785714285714286	0.9978	1	12	0.916666666666667
SRR7146602	Duck	Duck	Wild	Pos	14	4	10	0.285714285714286	0.9938	1	5	0.8
SRR7146603	Duck	Duck	Wild	Neg	14	8	6	0.571428571428571	0.894	8	16	0.5
SRR7146604	Duck	Duck	Wild	Neg	14	9	5	0.642857142857143	0.558558558558559	14	23	0.391304347826087
SRR7146605	Duck	Duck	Wild	Neg	14	6	8	0.428571428571429	0.7354	5	11	0.545454545454545
SRR7146606	Duck	Duck	Wild	Neg	14	13	1	0.928571428571429	0.8356	5	18	0.722222222222222
SRR7146607	Duck	Duck	Wild	Neg	14	8	6	0.571428571428571	0.5232	18	26	0.307692307692308
SRR7146608	Duck	Duck	Wild	Neg	14	4	10	0.285714285714286	0.9938	2	6	0.666666666666667
SRR7146610	Duck	Duck	Wild	Neg	14	8	6	0.571428571428571	0.7582	19	27	0.296296296296296
SRR7146611	Duck	Duck	Wild	Neg	14	7	7	0.5	0.5528	5	12	0.583333333333333
SRR7146612	Duck	Duck	Wild	Pos	14	9	5	0.642857142857143	0.9614	8	17	0.529411764705882
SRR7146613	Duck	Duck	Wild	Pos	14	12	2	0.857142857142857	0.9694	4	16	0.75
SRR7146614	Duck	Duck	Wild	Neg	14	8	6	0.571428571428571	0.9952	2	10	0.8
SRR7146615	Duck	Duck	Wild	Neg	14	11	3	0.785714285714286	0.8094	9	20	0.55
SRR7146616	Duck	Duck	Wild	Pos	14	7	7	0.5	0.83876775355071	10	17	0.411764705882353
SRR7146617	Duck	Duck	Wild	Pos	14	6	8	0.428571428571429	0.622087132725431	20	26	0.230769230769231
SRR7146618	Duck	Duck	Wild	Pos	14	7	7	0.5	0.751505419510237	14	21	0.333333333333333
SRR7146619	Duck	Duck	Wild	Pos	14	8	6	0.571428571428571	0.5838	10	18	0.444444444444444
SRR7146620	Duck	Duck	Wild	Pos	14	8	6	0.571428571428571	0.6822	12	20	0.4
SRR7146622	Duck	Duck	Wild	Pos	14	8	6	0.571428571428571	0.915880345312186	16	24	0.333333333333333
SRR7146623	Duck	Duck	Wild	Pos	14	7	7	0.5	0.7582	11	18	0.388888888888889
SRR7146624	Duck	Duck	Wild	Pos	14	6	8	0.428571428571429	0.7616	9	15	0.4
SRR7146625	Duck	Duck	Wild	Pos	14	8	6	0.571428571428571	0.764705882352941	11	19	0.421052631578947
SRR7146626	Duck	Duck	Wild	Pos	14	6	8	0.428571428571429	0.512014417300761	12	18	0.333333333333333
SRR7146627	Duck	Duck	Wild	Neg	14	7	7	0.5	0.798398686101417	11	18	0.388888888888889
SRR7146628	Duck	Duck	Wild	Pos	14	8	6	0.571428571428571	0.6614	11	19	0.421052631578947
SRR7146629	Duck	Duck	Wild	Neg	14	7	7	0.5	0.9774	9	16	0.4375
SRR7146630	Duck	Duck	Wild	Neg	14	7	7	0.5	0.7976	5	12	0.583333333333333
SRR7146631	Duck	Duck	Wild	Pos	14	7	7	0.5	0.592391304347826	19	26	0.269230769230769
SRR7146632	Duck	Duck	Wild	Neg	14	10	4	0.714285714285714	0.7042	14	24	0.416666666666667
SRR7146633	Duck	Duck	Wild	Pos	14	12	2	0.857142857142857	0.6614	8	20	0.6
SRR7146635	Duck	Duck	Wild	Neg	14	13	1	0.928571428571429	0.8608	16	29	0.448275862068966
SRR7146636	Duck	Duck	Wild	Neg	14	12	2	0.857142857142857	0.5854	16	28	0.428571428571429
SRR7146637	Duck	Duck	Wild	Pos	14	14	0	1	0.930840369923603	16	30	0.466666666666667
SRR7146638	Duck	Duck	Wild	Pos	14	13	1	0.928571428571429	0.9018	11	24	0.541666666666667
SRR7146639	Duck	Duck	Wild	Pos	14	10	4	0.714285714285714	0.8374	16	26	0.384615384615385
SRR7146640	Duck	Duck	Wild	Pos	14	13	1	0.928571428571429	0.9518	10	23	0.565217391304348
SRR7146641	Duck	Duck	Wild	Neg	14	9	5	0.642857142857143	0.3582	15	24	0.375
SRR7146642	Duck	Duck	Wild	Pos	14	6	8	0.428571428571429	0.198	10	16	0.375
SRR7146643	Duck	Duck	Wild	Neg	14	10	4	0.714285714285714	0.65	8	18	0.555555555555556
SRR7146644	Duck	Duck	Wild	Pos	14	8	6	0.571428571428571	0.915715715715716	13	21	0.380952380952381
SRR7146645	Duck	Duck	Wild	Neg	14	10	4	0.714285714285714	0.6916	13	23	0.434782608695652
SRR7146646	Duck	Duck	Wild	Neg	14	6	8	0.428571428571429	0.9106	11	17	0.352941176470588
SRR7146648	Duck	Duck	Wild	Pos	14	11	3	0.785714285714286	0.799559471365639	10	21	0.523809523809524
SRR7146649	Duck	Duck	Wild	Neg	14	10	4	0.714285714285714	0.9468	14	24	0.416666666666667
SRR7146650	Duck	Duck	Wild	Neg	14	10	4	0.714285714285714	0.2314	14	24	0.416666666666667
SRR7146651	Duck	Duck	Wild	Pos	14	8	6	0.571428571428571	0.967793558711742	5	13	0.615384615384615
SRR7146653	Duck	Duck	Wild	Pos	14	11	3	0.785714285714286	0.8382	17	28	0.392857142857143
SRR7146654	Duck	Duck	Wild	Neg	14	13	1	0.928571428571429	0.9562	8	21	0.619047619047619
SRR7146655	Duck	Duck	Wild	Neg	14	10	4	0.714285714285714	0.758	9	19	0.526315789473684
SRR7146656	Duck	Duck	Wild	Neg	14	14	0	1	0.8646	12	26	0.538461538461538
SRR7146657	Duck	Duck	Wild	Pos	14	6	8	0.428571428571429	0.6608	12	18	0.333333333333333
SRR7146658	Duck	Duck	Wild	Pos	14	9	5	0.642857142857143	0.8776	12	21	0.428571428571429
SRR7146659	Duck	Duck	Wild	Pos	14	9	5	0.642857142857143	0.888933440256616	22	31	0.290322580645161
SRR7146660	Duck	Duck	Wild	Pos	14	10	4	0.714285714285714	0.7726	32	42	0.238095238095238
SRR7146661	Duck	Duck	Wild	Pos	14	3	11	0.214285714285714	0.998	1	4	0.75
SRR7146662	Duck	Duck	Wild	Pos	14	13	1	0.928571428571429	0.9096	16	29	0.448275862068966
SRR7146663	Duck	Duck	Wild	Pos	14	5	9	0.357142857142857	0.9958	3	8	0.625
SRR7146665	Duck	Duck	Wild	Pos	14	7	7	0.5	0.5472	11	18	0.388888888888889
SRR7146666	Duck	Duck	Wild	Neg	14	7	7	0.5	0.9924	1	8	0.875
SRR7146667	Duck	Duck	Wild	Neg	14	13	1	0.928571428571429	0.5836	11	24	0.541666666666667
SRR7146668	Duck	Duck	Wild	Neg	14	7	7	0.5	0.861	8	15	0.466666666666667
SRR7146671	Duck	Duck	Wild	Neg	14	11	3	0.785714285714286	0.7156	11	22	0.5
SRR7146672	Duck	Duck	Wild	Pos	14	8	6	0.571428571428571	0.6282	17	25	0.32
SRR7146674	Duck	Duck	Wild	Pos	14	5	9	0.357142857142857	0.772597137014315	13	18	0.277777777777778
SRR7146675	Duck	Duck	Wild	Neg	14	4	10	0.285714285714286	0.9756	5	9	0.444444444444444
SRR7146676	Duck	Duck	Wild	Neg	14	6	8	0.428571428571429	0.9754	3	9	0.666666666666667
SRR7146677	Duck	Duck	Wild	Neg	14	5	9	0.357142857142857	0.2526	27	32	0.15625
SRR7146678	Duck	Duck	Wild	Neg	14	8	6	0.571428571428571	0.9926	2	10	0.8
SRR7146679	Duck	Duck	Wild	Neg	14	9	5	0.642857142857143	0.9362	11	20	0.45
SRR7146680	Duck	Duck	Wild	Pos	14	5	9	0.357142857142857	0.9374	4	9	0.555555555555556
SRR7146683	Duck	Duck	Wild	Neg	14	7	7	0.5	0.9532	8	15	0.466666666666667
SRR7146684	Duck	Duck	Wild	Neg	14	6	8	0.428571428571429	0.845	6	12	0.5
SRR7146685	Duck	Duck	Wild	Neg	14	9	5	0.642857142857143	0.9618	6	15	0.6
SRR7146686	Duck	Duck	Wild	Pos	14	11	3	0.785714285714286	0.832533013205282	9	20	0.55
SRR7146687	Duck	Duck	Wild	Pos	14	7	7	0.5	0.307784911717496	18	25	0.28
SRR7146688	Duck	Duck	Wild	Neg	14	12	2	0.857142857142857	0.5962	12	24	0.5
SRR7146690	Duck	Duck	Wild	Pos	14	8	6	0.571428571428571	0.667745851881829	14	22	0.363636363636364
SRR7146691	Duck	Duck	Wild	Pos	14	8	6	0.571428571428571	0.837540064102564	14	22	0.363636363636364
SRR7146692	Duck	Duck	Wild	Neg	14	11	3	0.785714285714286	0.923	6	17	0.647058823529412
SRR7146693	Duck	Duck	Wild	Pos	14	10	4	0.714285714285714	0.687	17	27	0.37037037037037
SRR7146694	Duck	Duck	Wild	Pos	14	8	6	0.571428571428571	0.544506816359262	20	28	0.285714285714286
SRR7146696	Duck	Duck	Wild	Pos	14	6	8	0.428571428571429	0.382394224984961	14	20	0.3
SRR7146697	Duck	Duck	Wild	Neg	14	13	1	0.928571428571429	0.8436	17	30	0.433333333333333
SRR7146698	Duck	Duck	Wild	Pos	14	9	5	0.642857142857143	0.922197714056547	14	23	0.391304347826087
SRR7146699	Duck	Duck	Wild	Pos	14	9	5	0.642857142857143	0.6142	11	20	0.45
SRR7146700	Duck	Duck	Wild	Pos	14	9	5	0.642857142857143	0.7504	11	20	0.45
SRR7146701	Duck	Duck	Wild	Pos	14	8	6	0.571428571428571	0.7492	14	22	0.363636363636364
SRR7146702	Duck	Duck	Wild	Pos	14	7	7	0.5	0.3296	10	17	0.411764705882353
SRR7146703	Duck	Duck	Wild	Pos	14	5	9	0.357142857142857	0.5174	17	22	0.227272727272727
SRR7146704	Duck	Duck	Wild	Pos	14	7	7	0.5	0.680680680680681	15	22	0.318181818181818
SRR7146705	Duck	Duck	Wild	Pos	14	4	10	0.285714285714286	0.997198318991395	0	4	1
SRR7146707	Duck	Duck	Wild	Pos	14	6	8	0.428571428571429	0.8994	11	17	0.352941176470588
SRR7146710	Duck	Duck	Wild	Pos	14	8	6	0.571428571428571	0.468493698739748	11	19	0.421052631578947
SRR7146711	Duck	Duck	Wild	Neg	14	5	9	0.357142857142857	0.9484	1	6	0.833333333333333
SRR7146713	Duck	Duck	Wild	Pos	14	8	6	0.571428571428571	0.802	10	18	0.444444444444444
SRR7146714	Duck	Duck	Wild	Neg	14	14	0	1	0.9304	8	22	0.636363636363636
SRR7146716	Duck	Duck	Wild	Neg	14	14	0	1	0.9776	7	21	0.666666666666667
SRR7146717	Duck	Duck	Wild	Neg	14	13	1	0.928571428571429	0.9658	11	24	0.541666666666667
SRR7146718	Duck	Duck	Wild	Neg	14	13	1	0.928571428571429	0.858	19	32	0.40625
SRR7146719	Duck	Duck	Wild	Neg	14	13	1	0.928571428571429	0.463888326926967	26	39	0.333333333333333
SRR7146720	Duck	Duck	Wild	Neg	14	11	3	0.785714285714286	0.9072	20	31	0.354838709677419
SRR7146721	Duck	Duck	Wild	Neg	14	14	0	1	0.8586	7	21	0.666666666666667
SRR7146723	Duck	Duck	Wild	Neg	14	8	6	0.571428571428571	0.7614	15	23	0.347826086956522
SRR7146724	Duck	Duck	Wild	Neg	14	11	3	0.785714285714286	0.8096	12	23	0.478260869565217
SRR7146725	Duck	Duck	Wild	Neg	14	9	5	0.642857142857143	0.9446	10	19	0.473684210526316
SRR7146726	Duck	Duck	Wild	Neg	14	11	3	0.785714285714286	0.7948	13	24	0.458333333333333
SRR7146727	Duck	Duck	Wild	Pos	14	11	3	0.785714285714286	0.977	10	21	0.523809523809524
SRR7146728	Duck	Duck	Wild	Pos	14	7	7	0.5	0.858981533296027	19	26	0.269230769230769
SRR7146729	Duck	Duck	Wild	Pos	14	10	4	0.714285714285714	0.943143143143143	6	16	0.625
SRR7146730	Duck	Duck	Wild	Pos	14	7	7	0.5	0.4572	12	19	0.368421052631579
SRR7146731	Duck	Duck	Wild	Pos	14	7	7	0.5	0.98879775955191	4	11	0.636363636363636
SRR7146732	Duck	Duck	Wild	Pos	14	12	2	0.857142857142857	0.84505913008619	16	28	0.428571428571429
SRR7146733	Duck	Duck	Wild	Pos	14	8	6	0.571428571428571	0.952962369895917	14	22	0.363636363636364
SRR7146734	Duck	Duck	Wild	Pos	14	7	7	0.5	0.936546184738956	12	19	0.368421052631579
SRR7146735	Duck	Duck	Wild	Pos	14	9	5	0.642857142857143	0.65604967948718	16	25	0.36
SRR7146736	Duck	Duck	Wild	Pos	14	8	6	0.571428571428571	0.6196	7	15	0.533333333333333
SRR7146738	Duck	Duck	Wild	Pos	14	8	6	0.571428571428571	0.8514	5	13	0.615384615384615
SRR7146739	Duck	Duck	Wild	Neg	14	9	5	0.642857142857143	0.5262	9	18	0.5
SRR7146740	Duck	Duck	Wild	Pos	14	13	1	0.928571428571429	0.8542	9	22	0.590909090909091
SRR7146741	Duck	Duck	Wild	Neg	14	9	5	0.642857142857143	0.7244	22	31	0.290322580645161
SRR7146743	Duck	Duck	Wild	Pos	14	4	10	0.285714285714286	0.48037645174209	6	10	0.4
SRR7146744	Duck	Duck	Wild	Pos	14	12	2	0.857142857142857	0.9778	5	17	0.705882352941177
SRR7146745	Duck	Duck	Wild	Pos	14	8	6	0.571428571428571	0.9906	3	11	0.727272727272727
SRR7146746	Duck	Duck	Wild	Pos	14	7	7	0.5	0.7658	16	23	0.304347826086957
SRR7146747	Duck	Duck	Wild	Pos	14	4	10	0.285714285714286	0.9934	3	7	0.571428571428571
SRR7146748	Duck	Duck	Wild	Neg	14	7	7	0.5	0.9654	10	17	0.411764705882353
SRR7146749	Duck	Duck	Wild	Pos	14	12	2	0.857142857142857	0.7112	17	29	0.413793103448276
SRR7146750	Duck	Duck	Wild	Pos	14	12	2	0.857142857142857	0.9906	4	16	0.75
SRR7146751	Duck	Duck	Wild	Neg	14	10	4	0.714285714285714	0.786	10	20	0.5
SRR7146753	Duck	Duck	Wild	Pos	14	13	1	0.928571428571429	0.974	7	20	0.65
SRR7146754	Duck	Duck	Wild	Neg	14	14	0	1	0.9586	10	24	0.583333333333333
SRR7146755	Duck	Duck	Wild	Neg	14	8	6	0.571428571428571	0.942	5	13	0.615384615384615
SRR7146756	Duck	Duck	Wild	Neg	14	10	4	0.714285714285714	0.9512	10	20	0.5
SRR7146757	Duck	Duck	Wild	Neg	14	8	6	0.571428571428571	0.97	3	11	0.727272727272727
SRR7146758	Duck	Duck	Wild	Pos	14	12	2	0.857142857142857	0.8222	9	21	0.571428571428571
SRR7146759	Duck	Duck	Wild	Pos	14	12	2	0.857142857142857	0.8668	4	16	0.75
SRR7146761	Duck	Duck	Wild	Neg	14	10	4	0.714285714285714	0.9364	7	17	0.588235294117647
SRR7146762	Duck	Duck	Wild	Pos	14	13	1	0.928571428571429	0.629332799038269	22	35	0.371428571428571
SRR7146763	Duck	Duck	Wild	Pos	14	7	7	0.5	0.885667950537198	16	23	0.304347826086957
SRR7146764	Duck	Duck	Wild	Pos	14	12	2	0.857142857142857	0.7068	16	28	0.428571428571429
SRR7146765	Duck	Duck	Wild	Pos	14	13	1	0.928571428571429	0.8628	15	28	0.464285714285714
SRR7146766	Duck	Duck	Wild	Pos	14	7	7	0.5	0.6716	6	13	0.538461538461538
SRR7146767	Duck	Duck	Wild	Pos	14	11	3	0.785714285714286	0.9312	8	19	0.578947368421053
SRR7146769	Duck	Duck	Wild	Pos	14	10	4	0.714285714285714	0.2722	11	21	0.476190476190476
SRR7146770	Duck	Duck	Wild	Pos	14	11	3	0.785714285714286	0.0878	16	27	0.407407407407407
SRR7146772	Duck	Duck	Wild	Pos	14	7	7	0.5	0.9758	6	13	0.538461538461538
SRR7146773	Duck	Duck	Wild	Neg	14	7	7	0.5	0.767	10	17	0.411764705882353
SRR7146774	Duck	Duck	Wild	Pos	14	7	7	0.5	0.979	8	15	0.466666666666667
SRR7146775	Duck	Duck	Wild	Neg	14	13	1	0.928571428571429	0.652	17	30	0.433333333333333
SRR7146776	Duck	Duck	Wild	Pos	14	7	7	0.5	0.902443950717027	14	21	0.333333333333333
SRR7146777	Duck	Duck	Wild	Neg	14	9	5	0.642857142857143	0.873574714942989	18	27	0.333333333333333
SRR7146778	Duck	Duck	Wild	Neg	14	6	8	0.428571428571429	0.9468	9	15	0.4
SRR7146780	Duck	Duck	Wild	Pos	14	9	5	0.642857142857143	0.92412960354196	15	24	0.375
SRR7146781	Duck	Duck	Wild	Neg	14	7	7	0.5	0.87	14	21	0.333333333333333
SRR7146782	Duck	Duck	Wild	Neg	14	8	6	0.571428571428571	0.8956	16	24	0.333333333333333
SRR7146783	Duck	Duck	Wild	Neg	14	7	7	0.5	0.748	14	21	0.333333333333333
SRR7146784	Duck	Duck	Wild	Pos	14	5	9	0.357142857142857	0.9478	6	11	0.454545454545455
SRR7146785	Duck	Duck	Wild	Neg	14	8	6	0.571428571428571	0.9274	11	19	0.421052631578947
SRR7146786	Duck	Duck	Wild	Pos	14	8	6	0.571428571428571	0.9384	12	20	0.4
SRR7146787	Duck	Duck	Wild	Pos	14	7	7	0.5	0.4792	4	11	0.636363636363636
SRR7146788	Duck	Duck	Wild	Pos	14	8	6	0.571428571428571	0.6562	20	28	0.285714285714286
SRR7146789	Duck	Duck	Wild	Pos	14	8	6	0.571428571428571	0.9494	10	18	0.444444444444444
SRR7146790	Duck	Duck	Wild	Pos	14	9	5	0.642857142857143	0.9178	13	22	0.409090909090909
SRR7146792	Duck	Duck	Wild	Pos	14	4	10	0.285714285714286	0.7396	4	8	0.5
SRR7146794	Duck	Duck	Wild	Neg	14	10	4	0.714285714285714	0.8344	11	21	0.476190476190476
SRR7146797	Duck	Duck	Wild	Pos	14	9	5	0.642857142857143	0.779	11	20	0.45
SRR7146798	Duck	Duck	Wild	Neg	14	10	4	0.714285714285714	0.8862	10	20	0.5
SRR7146800	Duck	Duck	Wild	Pos	14	8	6	0.571428571428571	0.789	10	18	0.444444444444444
SRR7146802	Duck	Duck	Wild	Pos	14	7	7	0.5	0.91	7	14	0.5
SRR7146803	Duck	Duck	Wild	Pos	14	11	3	0.785714285714286	0.856	10	21	0.523809523809524
SRR7146804	Duck	Duck	Wild	Neg	14	7	7	0.5	0.9488	3	10	0.7
SRR7146806	Duck	Duck	Wild	Pos	14	9	5	0.642857142857143	0.9806	6	15	0.6
SRR7146807	Duck	Duck	Wild	Pos	14	9	5	0.642857142857143	0.8796	13	22	0.409090909090909
SRR7146809	Duck	Duck	Wild	Pos	14	8	6	0.571428571428571	0.9894	3	11	0.727272727272727
SRR7146810	Duck	Duck	Wild	Pos	14	10	4	0.714285714285714	0.5866	26	36	0.277777777777778
SRR7146811	Duck	Duck	Wild	Pos	14	7	7	0.5	0.7572	9	16	0.4375
SRR7146814	Duck	Duck	Wild	Neg	14	12	2	0.857142857142857	0.793	12	24	0.5
SRR7146815	Duck	Duck	Wild	Neg	14	9	5	0.642857142857143	0.2424	16	25	0.36
SRR7146816	Duck	Duck	Wild	Neg	14	6	8	0.428571428571429	0.9848	4	10	0.6
SRR7146817	Duck	Duck	Wild	Pos	14	11	3	0.785714285714286	0.872374798061389	19	30	0.366666666666667
SRR7146819	Duck	Duck	Wild	Pos	14	4	10	0.285714285714286	0.7246	5	9	0.444444444444444
SRR7146820	Duck	Duck	Wild	Pos	14	7	7	0.5	0.7402	4	11	0.636363636363636
SRR7146821	Duck	Duck	Wild	Pos	14	5	9	0.357142857142857	0.745803842264914	17	22	0.227272727272727
SRR7146822	Duck	Duck	Wild	Pos	14	8	6	0.571428571428571	0.754371695811305	17	25	0.32
SRR7146823	Duck	Duck	Wild	Pos	14	5	9	0.357142857142857	0.740521810028536	15	20	0.25
SRR7146826	Duck	Duck	Wild	Pos	14	4	10	0.285714285714286	0.345676541232986	22	26	0.153846153846154
SRR7146827	Duck	Duck	Wild	Pos	14	9	5	0.642857142857143	0.629229229229229	19	28	0.321428571428571
SRR7146828	Duck	Duck	Wild	Neg	14	13	1	0.928571428571429	0.7838	19	32	0.40625
SRR7146829	Duck	Duck	Wild	Neg	14	11	3	0.785714285714286	0.902	9	20	0.55
SRR7146831	Duck	Duck	Wild	Neg	14	12	2	0.857142857142857	0.8196	11	23	0.521739130434783
SRR7146832	Duck	Duck	Wild	Neg	14	7	7	0.5	0.9926	3	10	0.7
SRR7146833	Duck	Duck	Wild	Pos	14	12	2	0.857142857142857	0.9576	6	18	0.666666666666667
SRR7146834	Duck	Duck	Wild	Pos	14	4	10	0.285714285714286	0.7632	4	8	0.5
SRR7146835	Duck	Duck	Wild	Neg	14	9	5	0.642857142857143	0.7788	13	22	0.409090909090909
SRR7146836	Duck	Duck	Wild	Neg	14	11	3	0.785714285714286	0.8224	9	20	0.55
SRR7146837	Duck	Duck	Wild	Neg	14	10	4	0.714285714285714	0.7572	13	23	0.434782608695652
SRR7146838	Duck	Duck	Wild	Neg	14	7	7	0.5	0.4034	14	21	0.333333333333333
SRR7146839	Duck	Duck	Wild	Pos	14	9	5	0.642857142857143	0.416566143948532	14	23	0.391304347826087
SRR7146840	Duck	Duck	Wild	Pos	14	4	10	0.285714285714286	0.8686	5	9	0.444444444444444
SRR7146841	Duck	Duck	Wild	Pos	14	5	9	0.357142857142857	0.9884	2	7	0.714285714285714
SRR7146843	Duck	Duck	Wild	Pos	14	6	8	0.428571428571429	0.2666	8	14	0.428571428571429
SRR7146844	Duck	Duck	Wild	Pos	14	7	7	0.5	0.959249546096429	11	18	0.388888888888889
SRR7146846	Duck	Duck	Wild	Pos	14	6	8	0.428571428571429	0.436	22	28	0.214285714285714
SRR7146848	Duck	Duck	Wild	Pos	14	7	7	0.5	0.732288273615635	14	21	0.333333333333333
SRR7146849	Duck	Duck	Wild	Pos	14	7	7	0.5	0.870236662655435	14	21	0.333333333333333
SRR7146850	Duck	Duck	Wild	Pos	14	5	9	0.357142857142857	0.709723064483525	12	17	0.294117647058824
SRR7146851	Duck	Duck	Wild	Pos	14	7	7	0.5	0.917720248846077	10	17	0.411764705882353
SRR7146852	Duck	Duck	Wild	Neg	14	8	6	0.571428571428571	0.86	10	18	0.444444444444444
SRR7146853	Duck	Duck	Wild	Neg	14	11	3	0.785714285714286	0.3268	14	25	0.44
SRR7146854	Duck	Duck	Wild	Pos	14	9	5	0.642857142857143	0.9562	7	16	0.5625
SRR7146855	Duck	Duck	Wild	Neg	14	4	10	0.285714285714286	0.1424	14	18	0.222222222222222
SRR7146856	Duck	Duck	Wild	Neg	14	6	8	0.428571428571429	0.087	11	17	0.352941176470588
SRR7146857	Duck	Duck	Wild	Neg	14	7	7	0.5	0.882	10	17	0.411764705882353
SRR7146858	Duck	Duck	Wild	Neg	14	7	7	0.5	0.9014	6	13	0.538461538461538
SRR7146859	Duck	Duck	Wild	Neg	14	8	6	0.571428571428571	0.7342	7	15	0.533333333333333
SRR7146860	Duck	Duck	Wild	Neg	14	8	6	0.571428571428571	0.3322	19	27	0.296296296296296
SRR7146861	Duck	Duck	Wild	Neg	14	9	5	0.642857142857143	0.9364	10	19	0.473684210526316
SRR7146862	Duck	Duck	Wild	Neg	14	8	6	0.571428571428571	0.5156	4	12	0.666666666666667
SRR7146863	Duck	Duck	Wild	Neg	14	9	5	0.642857142857143	0.4804	17	26	0.346153846153846
SRR7146865	Duck	Duck	Wild	Pos	14	14	0	1	0.9652	11	25	0.56
SRR7146866	Duck	Duck	Wild	Pos	14	8	6	0.571428571428571	0.8974	6	14	0.571428571428571
SRR7146868	Duck	Duck	Wild	Pos	14	10	4	0.714285714285714	0.9806	4	14	0.714285714285714
SRR7146869	Duck	Duck	Wild	Pos	14	14	0	1	0.932519022827393	17	31	0.451612903225806
SRR7146871	Duck	Duck	Wild	Pos	14	8	6	0.571428571428571	0.5292	18	26	0.307692307692308
SRR7146872	Duck	Duck	Wild	Pos	14	8	6	0.571428571428571	0.9048	7	15	0.533333333333333
SRR7146874	Duck	Duck	Wild	Pos	14	7	7	0.5	0.9888	5	12	0.583333333333333
SRR7146875	Duck	Duck	Wild	Pos	14	10	4	0.714285714285714	0.2174	20	30	0.333333333333333
SRR7146877	Duck	Duck	Wild	Pos	14	13	1	0.928571428571429	0.7696	21	34	0.382352941176471
SRR7146878	Duck	Duck	Wild	Pos	14	9	5	0.642857142857143	0.6896759911451	23	32	0.28125
SRR7146880	Duck	Duck	Wild	Pos	14	14	0	1	0.658	17	31	0.451612903225806
SRR7146881	Duck	Duck	Wild	Neg	14	11	3	0.785714285714286	0.2894	18	29	0.379310344827586
SRR7146882	Duck	Duck	Wild	Neg	14	10	4	0.714285714285714	0.8284	11	21	0.476190476190476
SRR7146883	Duck	Duck	Wild	Neg	14	11	3	0.785714285714286	0.9428	12	23	0.478260869565217
SRR7146884	Duck	Duck	Wild	Neg	14	10	4	0.714285714285714	0.6796	15	25	0.4
SRR7146886	Duck	Duck	Wild	Neg	14	13	1	0.928571428571429	0.8662	14	27	0.481481481481481
SRR7146887	Duck	Duck	Wild	Neg	14	9	5	0.642857142857143	0.7952	18	27	0.333333333333333
SRR7146888	Duck	Duck	Wild	Pos	14	5	9	0.357142857142857	0.756004803843074	19	24	0.208333333333333
