SampleID,label,Influenza,BioProject,HostGroup,HostType,SampleContext,Season,Age,Sex,Feeding,Species,Location,month
SRR5364033,1,Pos,PRJNA379944,Poultry,Chicken,Experimental,__missing__,__missing__,__missing__,__missing__,__missing__,__missing__,
SRR5364035,1,Pos,PRJNA379944,Poultry,Chicken,Experimental,__missing__,__missing__,__missing__,__missing__,__missing__,__missing__,
SRR5364037,1,Pos,PRJNA379944,Poultry,Chicken,Experimental,__missing__,__missing__,__missing__,__missing__,__missing__,__missing__,
SRR5364039,0,Neg,PRJNA379944,Poultry,Chicken,Experimental,__missing__,__missing__,__missing__,__missing__,__missing__,__missing__,
SRR5364041,0,Neg,PRJNA379944,Poultry,Chicken,Experimental,__missing__,__missing__,__missing__,__missing__,__missing__,__missing__,
SRR5364043,0,Neg,PRJNA379944,Poultry,Chicken,Experimental,__missing__,__missing__,__missing__,__missing__,__missing__,__missing__,
SRR12148748_merged,0,Neg,PRJNA644054,Poultry,Turkey,Experimental,__missing__,__missing__,__missing__,__missing__,__missing__,__missing__,
SRR12148807_merged,1,Pos,PRJNA644054,Poultry,Turkey,Experimental,__missing__,__missing__,__missing__,__missing__,__missing__,__missing__,
SRR12148808_merged,1,Pos,PRJNA644054,Poultry,Turkey,Experimental,__missing__,__missing__,__missing__,__missing__,__missing__,__missing__,
SRR12148809_merged,1,Pos,PRJNA644054,Poultry,Turkey,Experimental,__missing__,__missing__,__missing__,__missing__,__missing__,__missing__,
SRR12148810_merged,1,Pos,PRJNA644054,Poultry,Turkey,Experimental,__missing__,__missing__,__missing__,__missing__,__missing__,__missing__,
SRR12148811_merged,1,Pos,PRJNA644054,Poultry,Turkey,Experimental,__missing__,__missing__,__missing__,__missing__,__missing__,__missing__,
SRR12148812_merged,1,Pos,PRJNA644054,Poultry,Turkey,Experimental,__missing__,__missing__,__missing__,__missing__,__missing__,__missing__,
SRR12148813_merged,1,Pos,PRJNA644054,Poultry,Turkey,Experimental,__missing__,__missing__,__missing__,__missing__,__missing__,__missing__,
SRR12148814_merged,1,Pos,PRJNA644054,Poultry,Turkey,Experimental,__missing__,__missing__,__missing__,__missing__,__missing__,__missing__,
SRR12148815_merged,1,Pos,PRJNA644054,Poultry,Turkey,Experimental,__missing__,__missing__,__missing__,__missing__,__missing__,__missing__,
SRR12148817_merged,1,Pos,PRJNA644054,Poultry,Turkey,Experimental,__missing__,__missing__,__missing__,__missing__,__missing__,__missing__,
SRR12148818_merged,1,Pos,PRJNA644054,Poultry,Turkey,Experimental,__missing__,__missing__,__missing__,__missing__,__missing__,__missing__,
SRR12148819_merged,1,Pos,PRJNA644054,Poultry,Turkey,Experimental,__missing__,__missing__,__missing__,__missing__,__missing__,__missing__,
SRR12148820_merged,1,Pos,PRJNA644054,Poultry,Turkey,Experimental,__missing__,__missing__,__missing__,__missing__,__missing__,__missing__,
SRR12148821_merged,1,Pos,PRJNA644054,Poultry,Turkey,Experimental,__missing__,__missing__,__missing__,__missing__,__missing__,__missing__,
SRR12148822_merged,1,Pos,PRJNA644054,Poultry,Turkey,Experimental,__missing__,__missing__,__missing__,__missing__,__missing__,__missing__,
SRR12148823_merged,1,Pos,PRJNA644054,Poultry,Turkey,Experimental,__missing__,__missing__,__missing__,__missing__,__missing__,__missing__,
SRR12148824_merged,1,Pos,PRJNA644054,Poultry,Turkey,Experimental,__missing__,__missing__,__missing__,__missing__,__missing__,__missing__,
SRR12148825_merged,1,Pos,PRJNA644054,Poultry,Turkey,Experimental,__missing__,__missing__,__missing__,__missing__,__missing__,__missing__,
SRR12148826_merged,1,Pos,PRJNA644054,Poultry,Turkey,Experimental,__missing__,__missing__,__missing__,__missing__,__missing__,__missing__,
SRR12148828_merged,1,Pos,PRJNA644054,Poultry,Turkey,Experimental,__missing__,__missing__,__missing__,__missing__,__missing__,__missing__,
SRR12148829_merged,1,Pos,PRJNA644054,Poultry,Turkey,Experimental,__missing__,__missing__,__missing__,__missing__,__missing__,__missing__,
SRR12148830_merged,1,Pos,PRJNA644054,Poultry,Turkey,Experimental,__missing__,__missing__,__missing__,__missing__,__missing__,__missing__,
SRR12148831_merged,1,Pos,PRJNA644054,Poultry,Turkey,Experimental,__missing__,__missing__,__missing__,__missing__,__missing__,__missing__,
SRR12148832_merged,1,Pos,PRJNA644054,Poultry,Turkey,Experimental,__missing__,__missing__,__missing__,__missing__,__missing__,__missing__,
SRR12148833_merged,1,Pos,PRJNA644054,Poultry,Turkey,Experimental,__missing__,__missing__,__missing__,__missing__,__missing__,__missing__,
SRR12148834_merged,1,Pos,PRJNA644054,Poultry,Turkey,Experimental,__missing__,__missing__,__missing__,__missing__,__missing__,__missing__,
SRR12148835_merged,1,Pos,PRJNA644054,Poultry,Turkey,Experimental,__missing__,__missing__,__missing__,__missing__,__missing__,__missing__,
SRR12148836_merged,1,Pos,PRJNA644054,Poultry,Turkey,Experimental,__missing__,__missing__,__missing__,__missing__,__missing__,__missing__,
SRR12148837_merged,1,Pos,PRJNA644054,Poultry,Turkey,Experimental,__missing__,__missing__,__missing__,__missing__,__missing__,__missing__,
SRR12148839_merged,1,Pos,PRJNA644054,Poultry,Turkey,Experimental,__missing__,__missing__,__missing__,__missing__,__missing__,__missing__,
SRR12148840_merged,1,Pos,PRJNA644054,Poultry,Turkey,Experimental,__missing__,__missing__,__missing__,__missing__,__missing__,__missing__,
SRR12148841_merged,1,Pos,PRJNA644054,Poultry,Turkey,Experimental,__missing__,__missing__,__missing__,__missing__,__missing__,__missing__,
SRR12148845_merged,0,Neg,PRJNA644054,Poultry,Turkey,Experimental,__missing__,__missing__,__missing__,__missing__,__missing__,__missing__,
SRR12148846_merged,0,Neg,PRJNA644054,Poultry,Turkey,Experimental,__missing__,__missing__,__missing__,__missing__,__missing__,__missing__,
SRR12148847_merged,0,Neg,PRJNA644054,Poultry,Turkey,Experimental,__missing__,__missing__,__missing__,__missing__,__missing__,__missing__,
SRR12148848_merged,0,Neg,PRJNA644054,Poultry,Turkey,Experimental,__missing__,__missing__,__missing__,__missing__,__missing__,__missing__,
SRR12148849_merged,0,Neg,PRJNA644054,Poultry,Turkey,Experimental,__missing__,__missing__,__missing__,__missing__,__missing__,__missing__,
SRR12148850_merged,0,Neg,PRJNA644054,Poultry,Turkey,Experimental,__missing__,__missing__,__missing__,__missing__,__missing__,__missing__,
SRR12148851_merged,0,Neg,PRJNA644054,Poultry,Turkey,Experimental,__missing__,__missing__,__missing__,__missing__,__missing__,__missing__,
SRR12148852_merged,0,Neg,PRJNA644054,Poultry,Turkey,Experimental,__missing__,__missing__,__missing__,__missing__,__missing__,__missing__,
SRR12148853_merged,0,Neg,PRJNA644054,Poultry,Turkey,Experimental,__missing__,__missing__,__missing__,__missing__,__missing__,__missing__,
SRR12148854_merged,0,Neg,PRJNA644054,Poultry,Turkey,Experimental,__missing__,__missing__,__missing__,__missing__,__missing__,__missing__,
SRR12148855_merged,0,Neg,PRJNA644054,Poultry,Turkey,Experimental,__missing__,__missing__,__missing__,__missing__,__missing__,__missing__,
SRR12148856_merged,0,Neg,PRJNA644054,Poultry,Turkey,Experimental,__missing__,__missing__,__missing__,__missing__,__missing__,__missing__,
SRR4409218,1,Pos,PRJNA347583,Swan,WhooperSwan,Wild,__missing__,__missing__,__missing__,__missing__,__missing__,__missing__,
SRR4409219,1,Pos,PRJNA347583,Swan,WhooperSwan,Wild,__missing__,__missing__,__missing__,__missing__,__missing__,__missing__,
SRR4409220,0,Neg,PRJNA347583,Swan,WhooperSwan,Wild,__missing__,__missing__,__missing__,__missing__,__missing__,__missing__,
SRR4409221,0,Neg,PRJNA347583,Swan,WhooperSwan,Wild,__missing__,__missing__,__missing__,__missing__,__missing__,__missing__,
SRR4409222,0,Neg,PRJNA347583,Swan,WhooperSwan,Wild,__missing__,__missing__,__missing__,__missing__,__missing__,__missing__,
SRR4409223,0,Neg,PRJNA347583,Swan,WhooperSwan,Wild,__missing__,__missing__,__missing__,__missing__,__missing__,__missing__,
SRR4409224,0,Neg,PRJNA347583,Swan,WhooperSwan,Wild,__missing__,__missing__,__missing__,__missing__,__missing__,__missing__,
SRR4409225,1,Pos,PRJNA347583,Swan,WhooperSwan,Wild,__missing__,__missing__,__missing__,__missing__,__missing__,__missing__,
SRR4409226,1,Pos,PRJNA347583,Swan,WhooperSwan,Wild,__missing__,__missing__,__missing__,__missing__,__missing__,__missing__,
SRR4409227,1,Pos,PRJNA347583,Swan,WhooperSwan,Wild,__missing__,__missing__,__missing__,__missing__,__missing__,__missing__,
SRR4409228,1,Pos,PRJNA347583,Swan,WhooperSwan,Wild,__missing__,__missing__,__missing__,__missing__,__missing__,__missing__,
SRR4409229,1,Pos,PRJNA347583,Swan,WhooperSwan,Wild,__missing__,__missing__,__missing__,__missing__,__missing__,__missing__,
SRR4409230,1,Pos,PRJNA347583,Swan,WhooperSwan,Wild,__missing__,__missing__,__missing__,__missing__,__missing__,__missing__,
SRR4409231,1,Pos,PRJNA347583,Swan,WhooperSwan,Wild,__missing__,__missing__,__missing__,__missing__,__missing__,__missing__,
SRR4409232,1,Pos,PRJNA347583,Swan,WhooperSwan,Wild,__missing__,__missing__,__missing__,__missing__,__missing__,__missing__,
SRR7146574,1,Pos,PRJNA464410,Duck,Duck,Wild,S,A,M,dabbling,Anasplatyrhynchos,"MandevilleIsland,SanJoaquinCounty",8.0
SRR7146575,1,Pos,PRJNA464410,Duck,Duck,Wild,S,H,M,dabbling,Anasplatyrhynchos,"GrizzlyIslandWildlifeArea(GIWA),SolanoCounty",7.0
SRR7146576,0,Neg,PRJNA464410,Duck,Duck,Wild,FW,A,M,filter,Anasclypeata,"SacramentoNationalWildlifeRefuge,GlennCounty",1.0
SRR7146577,0,Neg,PRJNA464410,Duck,Duck,Wild,FW,H,F,filter,Anasclypeata,"SacramentoNationalWildlifeRefuge,GlennCounty",1.0
SRR7146578,1,Pos,PRJNA464410,Duck,Duck,Wild,S,H,M,dabbling,Anasplatyrhynchos,"SuisunMarsh/Sunrise,SolanoCounty",7.0
SRR7146580,0,Neg,PRJNA464410,Duck,Duck,Wild,S,H,F,dabbling,Anasplatyrhynchos,"GrizzlyIslandWildlifeArea(GIWA),SolanoCounty",7.0
SRR7146581,0,Neg,PRJNA464410,Duck,Duck,Wild,S,H,F,dabbling,Anasplatyrhynchos,"GrizzlyIslandWildlifeArea(GIWA),SolanoCounty",7.0
SRR7146582,0,Neg,PRJNA464410,Duck,Duck,Wild,S,H,F,dabbling,Anasplatyrhynchos,"GrizzlyIslandWildlifeArea(GIWA),SolanoCounty",7.0
SRR7146583,0,Neg,PRJNA464410,Duck,Duck,Wild,S,H,F,dabbling,Anasplatyrhynchos,"GrizzlyIslandWildlifeArea(GIWA),SolanoCounty",7.0
SRR7146584,0,Neg,PRJNA464410,Duck,Duck,Wild,S,H,M,dabbling,Anasplatyrhynchos,"GrizzlyIslandWildlifeArea(GIWA),SolanoCounty",7.0
SRR7146585,0,Neg,PRJNA464410,Duck,Duck,Wild,S,H,F,dabbling,Anasplatyrhynchos,"GrizzlyIslandWildlifeArea(GIWA),SolanoCounty",7.0
SRR7146587,0,Neg,PRJNA464410,Duck,Duck,Wild,S,H,M,dabbling,Anasplatyrhynchos,"GrizzlyIslandWildlifeArea(GIWA),SolanoCounty",7.0
SRR7146588,1,Pos,PRJNA464410,Duck,Duck,Wild,FW,U,F,dabbling,Anasplatyrhynchos,"ConawayRanch,YoloCounty",12.0
SRR7146589,1,Pos,PRJNA464410,Duck,Duck,Wild,FW,U,M,dabbling,Anasplatyrhynchos,"ConawayRanch,YoloCounty",12.0
SRR7146590,1,Pos,PRJNA464410,Duck,Duck,Wild,FW,U,M,dabbling,Anasplatyrhynchos,"ConawayRanch,YoloCounty",12.0
SRR7146591,1,Pos,PRJNA464410,Duck,Duck,Wild,FW,H,U,dabbling,Anasamericana,"SacramentoNationalWildlifeRefuge,GlennCounty",10.0
SRR7146592,1,Pos,PRJNA464410,Duck,Duck,Wild,FW,U,M,dabbling,Anasacuta,"ConawayRanch,YoloCounty",11.0
SRR7146593,1,Pos,PRJNA464410,Duck,Duck,Wild,FW,U,F,dabbling,Anasplatyrhynchos,"ConawayRanch,YoloCounty",11.0
SRR7146595,1,Pos,PRJNA464410,Duck,Duck,Wild,FW,U,F,dabbling,Anasplatyrhynchos,"ConawayRanch,YoloCounty",11.0
SRR7146596,1,Pos,PRJNA464410,Duck,Duck,Wild,FW,U,M,dabbling,Anascarolinensis,"ConawayRanch,YoloCounty",11.0
SRR7146598,1,Pos,PRJNA464410,Duck,Duck,Wild,FW,H,M,dabbling,Anasacuta,"ConawayRanch,YoloCounty",11.0
SRR7146599,1,Pos,PRJNA464410,Duck,Duck,Wild,FW,U,M,dabbling,Anasplatyrhynchos,"ConawayRanch,YoloCounty",11.0
SRR7146601,1,Pos,PRJNA464410,Duck,Duck,Wild,FW,H,F,dabbling,Anascarolinensis,"ConawayRanch,YoloCounty",10.0
SRR7146602,1,Pos,PRJNA464410,Duck,Duck,Wild,FW,H,M,dabbling,Anasamericana,"SacramentoNationalWildlifeRefuge,GlennCounty",10.0
SRR7146603,0,Neg,PRJNA464410,Duck,Duck,Wild,FW,U,M,filter,Anasclypeata,"SacramentoNationalWildlifeRefuge,GlennCounty",1.0
SRR7146604,0,Neg,PRJNA464410,Duck,Duck,Wild,FW,U,M,filter,Anasclypeata,"SacramentoNationalWildlifeRefuge,GlennCounty",1.0
SRR7146605,0,Neg,PRJNA464410,Duck,Duck,Wild,FW,U,M,dabbling,Anasacuta,"SacramentoNationalWildlifeRefuge,GlennCounty",1.0
SRR7146606,0,Neg,PRJNA464410,Duck,Duck,Wild,FW,U,M,dabbling,Anasacuta,"SacramentoNationalWildlifeRefuge,GlennCounty",1.0
SRR7146607,0,Neg,PRJNA464410,Duck,Duck,Wild,FW,U,M,filter,Anasclypeata,"SacramentoNationalWildlifeRefuge,GlennCounty",1.0
SRR7146608,0,Neg,PRJNA464410,Duck,Duck,Wild,FW,U,M,filter,Anasclypeata,"SacramentoNationalWildlifeRefuge,GlennCounty",1.0
SRR7146610,0,Neg,PRJNA464410,Duck,Duck,Wild,FW,U,M,dabbling,Anasacuta,"SacramentoNationalWildlifeRefuge,GlennCounty",1.0
SRR7146611,0,Neg,PRJNA464410,Duck,Duck,Wild,FW,U,M,dabbling,Anasacuta,"SacramentoNationalWildlifeRefuge,GlennCounty",1.0
SRR7146612,1,Pos,PRJNA464410,Duck,Duck,Wild,S,H,F,dabbling,Anasplatyrhynchos,"GrizzlyIslandWildlifeArea(GIWA),SolanoCounty",8.0
SRR7146613,1,Pos,PRJNA464410,Duck,Duck,Wild,FW,H,M,filter,Anasclypeata,"SacramentoNationalWildlifeRefuge,GlennCounty",10.0
SRR7146614,0,Neg,PRJNA464410,Duck,Duck,Wild,S,H,U,dabbling,Anasplatyrhynchos,"GrizzlyIslandWildlifeArea(GIWA),SolanoCounty",7.0
SRR7146615,0,Neg,PRJNA464410,Duck,Duck,Wild,S,H,M,dabbling,Anasplatyrhynchos,"GrizzlyIslandWildlifeArea(GIWA),SolanoCounty",7.0
SRR7146616,1,Pos,PRJNA464410,Duck,Duck,Wild,S,H,M,dabbling,Anasplatyrhynchos,"GrizzlyIslandWildlifeArea(GIWA),SolanoCounty",7.0
SRR7146617,1,Pos,PRJNA464410,Duck,Duck,Wild,S,H,M,dabbling,Anasplatyrhynchos,"GrizzlyIslandWildlifeArea(GIWA),SolanoCounty",7.0
SRR7146618,1,Pos,PRJNA464410,Duck,Duck,Wild,S,H,M,dabbling,Anasplatyrhynchos,"GrizzlyIslandWildlifeArea(GIWA),SolanoCounty",7.0
SRR7146619,1,Pos,PRJNA464410,Duck,Duck,Wild,S,H,M,dabbling,Anasplatyrhynchos,"SuisunMarsh/ArnoldRanch,SolanoCounty",7.0
SRR7146620,1,Pos,PRJNA464410,Duck,Duck,Wild,S,H,M,dabbling,Anasplatyrhynchos,"GrizzlyIslandWildlifeArea(GIWA),SolanoCounty",7.0
SRR7146622,1,Pos,PRJNA464410,Duck,Duck,Wild,S,H,F,dabbling,Anasplatyrhynchos,"GrizzlyIslandWildlifeArea(GIWA),SolanoCounty",7.0
SRR7146623,1,Pos,PRJNA464410,Duck,Duck,Wild,S,H,F,dabbling,Anasplatyrhynchos,"GrizzlyIslandWildlifeArea(GIWA),SolanoCounty",7.0
SRR7146624,1,Pos,PRJNA464410,Duck,Duck,Wild,S,H,F,dabbling,Anasplatyrhynchos,"GrizzlyIslandWildlifeArea(GIWA),SolanoCounty",7.0
SRR7146625,1,Pos,PRJNA464410,Duck,Duck,Wild,S,H,F,dabbling,Anasplatyrhynchos,"GrizzlyIslandWildlifeArea(GIWA),SolanoCounty",7.0
SRR7146626,1,Pos,PRJNA464410,Duck,Duck,Wild,S,H,F,dabbling,Anasplatyrhynchos,"GrizzlyIslandWildlifeArea(GIWA),SolanoCounty",7.0
SRR7146627,0,Neg,PRJNA464410,Duck,Duck,Wild,S,H,F,dabbling,Anasplatyrhynchos,"GrizzlyIslandWildlifeArea(GIWA),SolanoCounty",7.0
SRR7146628,1,Pos,PRJNA464410,Duck,Duck,Wild,S,H,F,dabbling,Anasplatyrhynchos,"GrizzlyIslandWildlifeArea(GIWA),SolanoCounty",7.0
SRR7146629,0,Neg,PRJNA464410,Duck,Duck,Wild,FW,A,M,filter,Anasclypeata,"SacramentoNationalWildlifeRefuge,GlennCounty",1.0
SRR7146630,0,Neg,PRJNA464410,Duck,Duck,Wild,FW,U,M,dabbling,Anasacuta,"SacramentoNationalWildlifeRefuge,GlennCounty",1.0
SRR7146631,1,Pos,PRJNA464410,Duck,Duck,Wild,S,H,F,dabbling,Anasplatyrhynchos,"GrizzlyIslandWildlifeArea(GIWA),SolanoCounty",7.0
SRR7146632,0,Neg,PRJNA464410,Duck,Duck,Wild,FW,A,M,filter,Anasclypeata,"SacramentoNationalWildlifeRefuge,GlennCounty",1.0
SRR7146633,1,Pos,PRJNA464410,Duck,Duck,Wild,FW,U,M,filter,Anasclypeata,"SacramentoNationalWildlifeRefuge,GlennCounty",12.0
SRR7146635,0,Neg,PRJNA464410,Duck,Duck,Wild,FW,U,M,dabbling,Anasacuta,"SacramentoNationalWildlifeRefuge,GlennCounty",1.0
SRR7146636,0,Neg,PRJNA464410,Duck,Duck,Wild,FW,U,M,dabbling,Anasacuta,"SacramentoNationalWildlifeRefuge,GlennCounty",1.0
SRR7146637,1,Pos,PRJNA464410,Duck,Duck,Wild,FW,U,F,dabbling,Anasacuta,"SacramentoNationalWildlifeRefuge,GlennCounty",12.0
SRR7146638,1,Pos,PRJNA464410,Duck,Duck,Wild,FW,U,F,dabbling,Anasacuta,"SacramentoNationalWildlifeRefuge,GlennCounty",12.0
SRR7146639,1,Pos,PRJNA464410,Duck,Duck,Wild,FW,U,F,filter,Anasclypeata,"SacramentoNationalWildlifeRefuge,GlennCounty",12.0
SRR7146640,1,Pos,PRJNA464410,Duck,Duck,Wild,FW,U,M,filter,Anasclypeata,"SacramentoNationalWildlifeRefuge,GlennCounty",1.0
SRR7146641,0,Neg,PRJNA464410,Duck,Duck,Wild,S,H,M,dabbling,Anasplatyrhynchos,"SuisunMarsh/Balboa,SolanoCounty",7.0
SRR7146642,1,Pos,PRJNA464410,Duck,Duck,Wild,S,H,M,dabbling,Anasplatyrhynchos,"SuisunMarsh/Balboa,SolanoCounty",7.0
SRR7146643,0,Neg,PRJNA464410,Duck,Duck,Wild,S,H,M,dabbling,Anasplatyrhynchos,"SuisunMarsh/Balboa,SolanoCounty",7.0
SRR7146644,1,Pos,PRJNA464410,Duck,Duck,Wild,S,H,F,dabbling,Anasplatyrhynchos,"GrizzlyIslandWildlifeArea(GIWA),SolanoCounty",7.0
SRR7146645,0,Neg,PRJNA464410,Duck,Duck,Wild,S,H,F,dabbling,Anasplatyrhynchos,"SuisunMarsh/Balboa,SolanoCounty",7.0
SRR7146646,0,Neg,PRJNA464410,Duck,Duck,Wild,FW,H,F,dabbling,Anasamericana,"SacramentoNationalWildlifeRefuge,GlennCounty",1.0
SRR7146648,1,Pos,PRJNA464410,Duck,Duck,Wild,FW,U,M,dabbling,Anascarolinensis,"ConawayRanch,YoloCounty",12.0
SRR7146649,0,Neg,PRJNA464410,Duck,Duck,Wild,S,H,M,dabbling,Anasplatyrhynchos,"GrizzlyIslandWildlifeArea(GIWA),SolanoCounty",8.0
SRR7146650,0,Neg,PRJNA464410,Duck,Duck,Wild,S,H,F,dabbling,Anasplatyrhynchos,"GrizzlyIslandWildlifeArea(GIWA),SolanoCounty",8.0
SRR7146651,1,Pos,PRJNA464410,Duck,Duck,Wild,S,H,M,dabbling,Anasplatyrhynchos,"GrizzlyIslandWildlifeArea(GIWA),SolanoCounty",8.0
SRR7146653,1,Pos,PRJNA464410,Duck,Duck,Wild,S,H,M,dabbling,Anasplatyrhynchos,"GrizzlyIslandWildlifeArea(GIWA),SolanoCounty",8.0
SRR7146654,0,Neg,PRJNA464410,Duck,Duck,Wild,S,H,M,dabbling,Anasplatyrhynchos,"GrizzlyIslandWildlifeArea(GIWA),SolanoCounty",8.0
SRR7146655,0,Neg,PRJNA464410,Duck,Duck,Wild,S,H,M,dabbling,Anasplatyrhynchos,"GrizzlyIslandWildlifeArea(GIWA),SolanoCounty",8.0
SRR7146656,0,Neg,PRJNA464410,Duck,Duck,Wild,S,H,F,dabbling,Anasplatyrhynchos,"GrizzlyIslandWildlifeArea(GIWA),SolanoCounty",8.0
SRR7146657,1,Pos,PRJNA464410,Duck,Duck,Wild,S,H,M,dabbling,Anasplatyrhynchos,"GrizzlyIslandWildlifeArea(GIWA),SolanoCounty",8.0
SRR7146658,1,Pos,PRJNA464410,Duck,Duck,Wild,S,H,M,dabbling,Anasplatyrhynchos,"GrizzlyIslandWildlifeArea(GIWA),SolanoCounty",8.0
SRR7146659,1,Pos,PRJNA464410,Duck,Duck,Wild,FW,U,M,dabbling,Anasacuta,"GrizzlyIslandWildlifeArea(GIWA),SolanoCounty",10.0
SRR7146660,1,Pos,PRJNA464410,Duck,Duck,Wild,FW,U,M,filter,Anasclypeata,"GrizzlyIslandWildlifeArea(GIWA),SolanoCounty",10.0
SRR7146661,1,Pos,PRJNA464410,Duck,Duck,Wild,FW,H,F,filter,Anasclypeata,"SacramentoNationalWildlifeRefuge,GlennCounty",10.0
SRR7146662,1,Pos,PRJNA464410,Duck,Duck,Wild,FW,A,M,filter,Anasclypeata,"SacramentoNationalWildlifeRefuge,GlennCounty",11.0
SRR7146663,1,Pos,PRJNA464410,Duck,Duck,Wild,FW,H,F,dabbling,Anasamericana,"SacramentoNationalWildlifeRefuge,GlennCounty",11.0
SRR7146665,1,Pos,PRJNA464410,Duck,Duck,Wild,S,H,F,dabbling,Anasplatyrhynchos,"GrizzlyIslandWildlifeArea(GIWA),SolanoCounty",7.0
SRR7146666,0,Neg,PRJNA464410,Duck,Duck,Wild,S,H,F,dabbling,Anasplatyrhynchos,"GrizzlyIslandWildlifeArea(GIWA),SolanoCounty",7.0
SRR7146667,0,Neg,PRJNA464410,Duck,Duck,Wild,S,H,F,dabbling,Anasplatyrhynchos,"GrizzlyIslandWildlifeArea(GIWA),SolanoCounty",7.0
SRR7146668,0,Neg,PRJNA464410,Duck,Duck,Wild,S,H,M,dabbling,Anasplatyrhynchos,"GrizzlyIslandWildlifeArea(GIWA),SolanoCounty",7.0
SRR7146671,0,Neg,PRJNA464410,Duck,Duck,Wild,S,H,M,dabbling,Anasplatyrhynchos,"GrizzlyIslandWildlifeArea(GIWA),SolanoCounty",7.0
SRR7146672,1,Pos,PRJNA464410,Duck,Duck,Wild,S,A,F,dabbling,Anasplatyrhynchos,"GrizzlyIslandWildlifeArea(GIWA),SolanoCounty",7.0
SRR7146674,1,Pos,PRJNA464410,Duck,Duck,Wild,FW,U,F,dabbling,Anascarolinensis,"GrizzlyIslandWildlifeArea(GIWA),SolanoCounty",10.0
SRR7146675,0,Neg,PRJNA464410,Duck,Duck,Wild,S,H,F,dabbling,Anasplatyrhynchos,"SuisunMarsh/Balboa,SolanoCounty",7.0
SRR7146676,0,Neg,PRJNA464410,Duck,Duck,Wild,FW,U,M,filter,Anasclypeata,"SacramentoNationalWildlifeRefuge,GlennCounty",1.0
SRR7146677,0,Neg,PRJNA464410,Duck,Duck,Wild,FW,U,M,filter,Anasclypeata,"SacramentoNationalWildlifeRefuge,GlennCounty",1.0
SRR7146678,0,Neg,PRJNA464410,Duck,Duck,Wild,FW,U,M,filter,Anasclypeata,"SacramentoNationalWildlifeRefuge,GlennCounty",1.0
SRR7146679,0,Neg,PRJNA464410,Duck,Duck,Wild,FW,U,M,filter,Anasclypeata,"SacramentoNationalWildlifeRefuge,GlennCounty",1.0
SRR7146680,1,Pos,PRJNA464410,Duck,Duck,Wild,S,H,F,dabbling,Anasplatyrhynchos,"GrizzlyIslandWildlifeArea(GIWA),SolanoCounty",7.0
SRR7146683,0,Neg,PRJNA464410,Duck,Duck,Wild,FW,U,M,dabbling,Anasacuta,"SacramentoNationalWildlifeRefuge,GlennCounty",1.0
SRR7146684,0,Neg,PRJNA464410,Duck,Duck,Wild,FW,U,M,dabbling,Anasacuta,"SacramentoNationalWildlifeRefuge,GlennCounty",1.0
SRR7146685,0,Neg,PRJNA464410,Duck,Duck,Wild,FW,U,M,filter,Anasclypeata,"SacramentoNationalWildlifeRefuge,GlennCounty",1.0
SRR7146686,1,Pos,PRJNA464410,Duck,Duck,Wild,S,H,F,dabbling,Anasplatyrhynchos,"GrizzlyIslandWildlifeArea(GIWA),SolanoCounty",8.0
SRR7146687,1,Pos,PRJNA464410,Duck,Duck,Wild,S,H,M,dabbling,Anasplatyrhynchos,"GrizzlyIslandWildlifeArea(GIWA),SolanoCounty",8.0
SRR7146688,0,Neg,PRJNA464410,Duck,Duck,Wild,S,H,M,dabbling,Anasplatyrhynchos,"SuisunMarsh/Balboa,SolanoCounty",7.0
SRR7146690,1,Pos,PRJNA464410,Duck,Duck,Wild,S,H,M,dabbling,Anasplatyrhynchos,"GrizzlyIslandWildlifeArea(GIWA),SolanoCounty",8.0
SRR7146691,1,Pos,PRJNA464410,Duck,Duck,Wild,S,H,M,dabbling,Anasplatyrhynchos,"GrizzlyIslandWildlifeArea(GIWA),SolanoCounty",8.0
SRR7146692,0,Neg,PRJNA464410,Duck,Duck,Wild,S,H,F,dabbling,Anasplatyrhynchos,"GrizzlyIslandWildlifeArea(GIWA),SolanoCounty",8.0
SRR7146693,1,Pos,PRJNA464410,Duck,Duck,Wild,S,H,M,dabbling,Anasplatyrhynchos,"GrizzlyIslandWildlifeArea(GIWA),SolanoCounty",8.0
SRR7146694,1,Pos,PRJNA464410,Duck,Duck,Wild,S,H,M,dabbling,Anasplatyrhynchos,"GrizzlyIslandWildlifeArea(GIWA),SolanoCounty",8.0
SRR7146696,1,Pos,PRJNA464410,Duck,Duck,Wild,S,H,M,dabbling,Anasplatyrhynchos,"GrizzlyIslandWildlifeArea(GIWA),SolanoCounty",8.0
SRR7146697,0,Neg,PRJNA464410,Duck,Duck,Wild,S,H,F,dabbling,Anasplatyrhynchos,"GrizzlyIslandWildlifeArea(GIWA),SolanoCounty",8.0
SRR7146698,1,Pos,PRJNA464410,Duck,Duck,Wild,S,H,F,dabbling,Anasplatyrhynchos,"GrizzlyIslandWildlifeArea(GIWA),SolanoCounty",8.0
SRR7146699,1,Pos,PRJNA464410,Duck,Duck,Wild,S,H,F,dabbling,Anasplatyrhynchos,"GrizzlyIslandWildlifeArea(GIWA),SolanoCounty",8.0
SRR7146700,1,Pos,PRJNA464410,Duck,Duck,Wild,S,H,F,dabbling,Anasplatyrhynchos,"GrizzlyIslandWildlifeArea(GIWA),SolanoCounty",8.0
SRR7146701,1,Pos,PRJNA464410,Duck,Duck,Wild,S,H,F,dabbling,Anasplatyrhynchos,"SuisunMarsh/ArnoldRanch,SolanoCounty",7.0
SRR7146702,1,Pos,PRJNA464410,Duck,Duck,Wild,FW,U,F,filter,Anasclypeata,"GrizzlyIslandWildlifeArea(GIWA),SolanoCounty",10.0
SRR7146703,1,Pos,PRJNA464410,Duck,Duck,Wild,FW,U,F,dabbling,Anasamericana,"GrizzlyIslandWildlifeArea(GIWA),SolanoCounty",10.0
SRR7146704,1,Pos,PRJNA464410,Duck,Duck,Wild,FW,U,M,filter,Anasclypeata,"GrizzlyIslandWildlifeArea(GIWA),SolanoCounty",10.0
SRR7146705,1,Pos,PRJNA464410,Duck,Duck,Wild,FW,U,F,dabbling,Anascarolinensis,"GrizzlyIslandWildlifeArea(GIWA),SolanoCounty",10.0
SRR7146707,1,Pos,PRJNA464410,Duck,Duck,Wild,S,A,M,dabbling,Anasplatyrhynchos,"GrizzlyIslandWildlifeArea(GIWA),SolanoCounty",7.0
SRR7146710,1,Pos,PRJNA464410,Duck,Duck,Wild,S,H,M,dabbling,Anasplatyrhynchos,"GrizzlyIslandWildlifeArea(GIWA),SolanoCounty",8.0
SRR7146711,0,Neg,PRJNA464410,Duck,Duck,Wild,S,H,F,dabbling,Anasplatyrhynchos,"GrizzlyIslandWildlifeArea(GIWA),SolanoCounty",7.0
SRR7146713,1,Pos,PRJNA464410,Duck,Duck,Wild,S,H,M,dabbling,Anasplatyrhynchos,"GrizzlyIslandWildlifeArea(GIWA),SolanoCounty",8.0
SRR7146714,0,Neg,PRJNA464410,Duck,Duck,Wild,FW,U,F,dabbling,Anasacuta,"ConawayRanch,YoloCounty",10.0
SRR7146716,0,Neg,PRJNA464410,Duck,Duck,Wild,FW,U,U,dabbling,Anascarolinensis,"ConawayRanch,YoloCounty",10.0
SRR7146717,0,Neg,PRJNA464410,Duck,Duck,Wild,FW,U,F,dabbling,Anasacuta,"ConawayRanch,YoloCounty",10.0
SRR7146718,0,Neg,PRJNA464410,Duck,Duck,Wild,FW,U,F,dabbling,Anasacuta,"ConawayRanch,YoloCounty",10.0
SRR7146719,0,Neg,PRJNA464410,Duck,Duck,Wild,FW,U,U,dabbling,Anascarolinensis,"ConawayRanch,YoloCounty",10.0
SRR7146720,0,Neg,PRJNA464410,Duck,Duck,Wild,FW,U,F,dabbling,Anascarolinensis,"ConawayRanch,YoloCounty",10.0
SRR7146721,0,Neg,PRJNA464410,Duck,Duck,Wild,FW,U,F,dabbling,Anascarolinensis,"ConawayRanch,YoloCounty",10.0
SRR7146723,0,Neg,PRJNA464410,Duck,Duck,Wild,FW,U,U,dabbling,Anascarolinensis,"ConawayRanch,YoloCounty",10.0
SRR7146724,0,Neg,PRJNA464410,Duck,Duck,Wild,FW,U,U,dabbling,Anascarolinensis,"ConawayRanch,YoloCounty",10.0
SRR7146725,0,Neg,PRJNA464410,Duck,Duck,Wild,S,A,F,dabbling,Anasplatyrhynchos,"SuisunMarsh/Balboa,SolanoCounty",7.0
SRR7146726,0,Neg,PRJNA464410,Duck,Duck,Wild,S,H,M,dabbling,Anasplatyrhynchos,"SuisunMarsh/Balboa,SolanoCounty",7.0
SRR7146727,1,Pos,PRJNA464410,Duck,Duck,Wild,FW,U,M,dabbling,Anasplatyrhynchos,"ConawayRanch,YoloCounty",12.0
SRR7146728,1,Pos,PRJNA464410,Duck,Duck,Wild,S,H,F,dabbling,Anasplatyrhynchos,"SuisunMarsh/Sunrise,SolanoCounty",7.0
SRR7146729,1,Pos,PRJNA464410,Duck,Duck,Wild,S,H,F,dabbling,Anasplatyrhynchos,"SuisunMarsh/ArnoldRanch,SolanoCounty",7.0
SRR7146730,1,Pos,PRJNA464410,Duck,Duck,Wild,FW,H,M,filter,Anasclypeata,"SacramentoNationalWildlifeRefuge,GlennCounty",10.0
SRR7146731,1,Pos,PRJNA464410,Duck,Duck,Wild,S,H,M,dabbling,Anasplatyrhynchos,"SuisunMarsh/Sunrise,SolanoCounty",7.0
SRR7146732,1,Pos,PRJNA464410,Duck,Duck,Wild,S,H,M,dabbling,Anasplatyrhynchos,"SuisunMarsh/ArnoldRanch,SolanoCounty",7.0
SRR7146733,1,Pos,PRJNA464410,Duck,Duck,Wild,S,H,M,dabbling,Anasplatyrhynchos,"SuisunMarsh/Sunrise,SolanoCounty",7.0
SRR7146734,1,Pos,PRJNA464410,Duck,Duck,Wild,S,H,F,dabbling,Anasplatyrhynchos,"SuisunMarsh/ArnoldRanch,SolanoCounty",7.0
SRR7146735,1,Pos,PRJNA464410,Duck,Duck,Wild,S,H,M,dabbling,Anasplatyrhynchos,"SuisunMarsh/ArnoldRanch,SolanoCounty",7.0
SRR7146736,1,Pos,PRJNA464410,Duck,Duck,Wild,FW,H,F,dabbling,Anasacuta,"SacramentoNationalWildlifeRefuge,GlennCounty",11.0
SRR7146738,1,Pos,PRJNA464410,Duck,Duck,Wild,FW,H,U,filter,Anasclypeata,"SacramentoNationalWildlifeRefuge,GlennCounty",11.0
SRR7146739,0,Neg,PRJNA464410,Duck,Duck,Wild,S,H,M,dabbling,Anasplatyrhynchos,"SuisunMarsh/Balboa,SolanoCounty",7.0
SRR7146740,1,Pos,PRJNA464410,Duck,Duck,Wild,FW,A,M,filter,Anasclypeata,"SacramentoNationalWildlifeRefuge,GlennCounty",11.0
SRR7146741,0,Neg,PRJNA464410,Duck,Duck,Wild,FW,A,M,dabbling,Anasamericana,"SacramentoNationalWildlifeRefuge,GlennCounty",1.0
SRR7146743,1,Pos,PRJNA464410,Duck,Duck,Wild,S,H,M,dabbling,Anasplatyrhynchos,"SuisunMarsh/ArnoldRanch,SolanoCounty",7.0
SRR7146744,1,Pos,PRJNA464410,Duck,Duck,Wild,FW,U,F,dabbling,Anasplatyrhynchos,"ConawayRanch,YoloCounty",12.0
SRR7146745,1,Pos,PRJNA464410,Duck,Duck,Wild,S,H,F,dabbling,Anasplatyrhynchos,"SuisunMarsh/ArnoldRanch,SolanoCounty",7.0
SRR7146746,1,Pos,PRJNA464410,Duck,Duck,Wild,S,H,M,dabbling,Anasplatyrhynchos,"SuisunMarsh/ArnoldRanch,SolanoCounty",7.0
SRR7146747,1,Pos,PRJNA464410,Duck,Duck,Wild,S,H,M,dabbling,Anasplatyrhynchos,"SuisunMarsh/ArnoldRanch,SolanoCounty",7.0
SRR7146748,0,Neg,PRJNA464410,Duck,Duck,Wild,FW,U,M,filter,Anasclypeata,"SacramentoNationalWildlifeRefuge,GlennCounty",1.0
SRR7146749,1,Pos,PRJNA464410,Duck,Duck,Wild,FW,U,F,dabbling,Anasamericana,"SacramentoNationalWildlifeRefuge,GlennCounty",10.0
SRR7146750,1,Pos,PRJNA464410,Duck,Duck,Wild,FW,U,F,dabbling,Anasamericana,"SacramentoNationalWildlifeRefuge,GlennCounty",11.0
SRR7146751,0,Neg,PRJNA464410,Duck,Duck,Wild,FW,U,M,dabbling,Anascarolinensis,"ConawayRanch,YoloCounty",10.0
SRR7146753,1,Pos,PRJNA464410,Duck,Duck,Wild,FW,U,F,dabbling,Anasamericana,"SacramentoNationalWildlifeRefuge,GlennCounty",11.0
SRR7146754,0,Neg,PRJNA464410,Duck,Duck,Wild,FW,U,F,dabbling,Anasacuta,"ConawayRanch,YoloCounty",10.0
SRR7146755,0,Neg,PRJNA464410,Duck,Duck,Wild,FW,U,M,dabbling,Anasacuta,"ConawayRanch,YoloCounty",10.0
SRR7146756,0,Neg,PRJNA464410,Duck,Duck,Wild,FW,U,M,dabbling,Anasacuta,"ConawayRanch,YoloCounty",10.0
SRR7146757,0,Neg,PRJNA464410,Duck,Duck,Wild,FW,U,F,dabbling,Anasacuta,"ConawayRanch,YoloCounty",10.0
SRR7146758,1,Pos,PRJNA464410,Duck,Duck,Wild,FW,U,F,filter,Anasclypeata,"SacramentoNationalWildlifeRefuge,GlennCounty",11.0
SRR7146759,1,Pos,PRJNA464410,Duck,Duck,Wild,FW,U,M,filter,Anasclypeata,"SacramentoNationalWildlifeRefuge,GlennCounty",11.0
SRR7146761,0,Neg,PRJNA464410,Duck,Duck,Wild,S,H,F,dabbling,Anasplatyrhynchos,"GrizzlyIslandWildlifeArea(GIWA),SolanoCounty",7.0
SRR7146762,1,Pos,PRJNA464410,Duck,Duck,Wild,FW,A,F,filter,Anasclypeata,"SacramentoNationalWildlifeRefuge,GlennCounty",12.0
SRR7146763,1,Pos,PRJNA464410,Duck,Duck,Wild,S,H,F,dabbling,Anasplatyrhynchos,"SuisunMarsh/ArnoldRanch,SolanoCounty",7.0
SRR7146764,1,Pos,PRJNA464410,Duck,Duck,Wild,FW,H,M,filter,Anasclypeata,"SacramentoNationalWildlifeRefuge,GlennCounty",12.0
SRR7146765,1,Pos,PRJNA464410,Duck,Duck,Wild,FW,A,F,filter,Anasclypeata,"SacramentoNationalWildlifeRefuge,GlennCounty",12.0
SRR7146766,1,Pos,PRJNA464410,Duck,Duck,Wild,FW,U,M,dabbling,Anasacuta,"GrizzlyIslandWildlifeArea(GIWA),SolanoCounty",1.0
SRR7146767,1,Pos,PRJNA464410,Duck,Duck,Wild,FW,A,F,filter,Anasclypeata,"SacramentoNationalWildlifeRefuge,GlennCounty",11.0
SRR7146769,1,Pos,PRJNA464410,Duck,Duck,Wild,FW,A,M,filter,Anasclypeata,"SacramentoNationalWildlifeRefuge,GlennCounty",11.0
SRR7146770,1,Pos,PRJNA464410,Duck,Duck,Wild,FW,A,F,filter,Anasclypeata,"SacramentoNationalWildlifeRefuge,GlennCounty",11.0
SRR7146772,1,Pos,PRJNA464410,Duck,Duck,Wild,FW,U,F,filter,Anasclypeata,"GrizzlyIslandWildlifeArea(GIWA),SolanoCounty",1.0
SRR7146773,0,Neg,PRJNA464410,Duck,Duck,Wild,FW,A,M,dabbling,Anasamericana,"SacramentoNationalWildlifeRefuge,GlennCounty",1.0
SRR7146774,1,Pos,PRJNA464410,Duck,Duck,Wild,FW,U,F,dabbling,Anascarolinensis,"GrizzlyIslandWildlifeArea(GIWA),SolanoCounty",1.0
SRR7146775,0,Neg,PRJNA464410,Duck,Duck,Wild,S,H,M,dabbling,Anasplatyrhynchos,"SuisunMarsh/Balboa,SolanoCounty",7.0
SRR7146776,1,Pos,PRJNA464410,Duck,Duck,Wild,S,H,F,dabbling,Anasplatyrhynchos,"GrizzlyIslandWildlifeArea(GIWA),SolanoCounty",7.0
SRR7146777,0,Neg,PRJNA464410,Duck,Duck,Wild,FW,A,M,filter,Anasclypeata,"SacramentoNationalWildlifeRefuge,GlennCounty",1.0
SRR7146778,0,Neg,PRJNA464410,Duck,Duck,Wild,FW,H,M,filter,Anasclypeata,"SacramentoNationalWildlifeRefuge,GlennCounty",1.0
SRR7146780,1,Pos,PRJNA464410,Duck,Duck,Wild,FW,U,F,dabbling,Anascarolinensis,"GrizzlyIslandWildlifeArea(GIWA),SolanoCounty",1.0
SRR7146781,0,Neg,PRJNA464410,Duck,Duck,Wild,FW,H,M,dabbling,Anasamericana,"SacramentoNationalWildlifeRefuge,GlennCounty",1.0
SRR7146782,0,Neg,PRJNA464410,Duck,Duck,Wild,FW,A,M,dabbling,Anasamericana,"SacramentoNationalWildlifeRefuge,GlennCounty",1.0
SRR7146783,0,Neg,PRJNA464410,Duck,Duck,Wild,FW,A,M,dabbling,Anasamericana,"SacramentoNationalWildlifeRefuge,GlennCounty",1.0
SRR7146784,1,Pos,PRJNA464410,Duck,Duck,Wild,FW,U,M,dabbling,Anasacuta,"GrizzlyIslandWildlifeArea(GIWA),SolanoCounty",12.0
SRR7146785,0,Neg,PRJNA464410,Duck,Duck,Wild,FW,A,M,filter,Anasclypeata,"SacramentoNationalWildlifeRefuge,GlennCounty",1.0
SRR7146786,1,Pos,PRJNA464410,Duck,Duck,Wild,FW,U,M,dabbling,Anascarolinensis,"GrizzlyIslandWildlifeArea(GIWA),SolanoCounty",12.0
SRR7146787,1,Pos,PRJNA464410,Duck,Duck,Wild,S,H,M,dabbling,Anasplatyrhynchos,"GrizzlyIslandWildlifeArea(GIWA),SolanoCounty",7.0
SRR7146788,1,Pos,PRJNA464410,Duck,Duck,Wild,FW,U,F,filter,Anasclypeata,"GrizzlyIslandWildlifeArea(GIWA),SolanoCounty",10.0
SRR7146789,1,Pos,PRJNA464410,Duck,Duck,Wild,S,H,M,dabbling,Anasplatyrhynchos,"MandevilleIsland,SanJoaquinCounty",8.0
SRR7146790,1,Pos,PRJNA464410,Duck,Duck,Wild,S,A,M,dabbling,Anasplatyrhynchos,"MandevilleIsland,SanJoaquinCounty",8.0
SRR7146792,1,Pos,PRJNA464410,Duck,Duck,Wild,S,H,F,dabbling,Anasplatyrhynchos,"MandevilleIsland,SanJoaquinCounty",8.0
SRR7146794,0,Neg,PRJNA464410,Duck,Duck,Wild,S,A,M,dabbling,Anasplatyrhynchos,"MandevilleIsland,SanJoaquinCounty",8.0
SRR7146797,1,Pos,PRJNA464410,Duck,Duck,Wild,S,A,M,dabbling,Anasplatyrhynchos,"MandevilleIsland,SanJoaquinCounty",8.0
SRR7146798,0,Neg,PRJNA464410,Duck,Duck,Wild,S,H,M,dabbling,Anasplatyrhynchos,"MandevilleIsland,SanJoaquinCounty",8.0
SRR7146800,1,Pos,PRJNA464410,Duck,Duck,Wild,FW,H,M,dabbling,Anasamericana,"SacramentoNationalWildlifeRefuge,GlennCounty",10.0
SRR7146802,1,Pos,PRJNA464410,Duck,Duck,Wild,FW,U,M,dabbling,Anasplatyrhynchos,"ConawayRanch,YoloCounty",11.0
SRR7146803,1,Pos,PRJNA464410,Duck,Duck,Wild,FW,U,M,dabbling,Anasplatyrhynchos,"ConawayRanch,YoloCounty",11.0
SRR7146804,0,Neg,PRJNA464410,Duck,Duck,Wild,FW,H,F,dabbling,Anasamericana,"SacramentoNationalWildlifeRefuge,GlennCounty",1.0
SRR7146806,1,Pos,PRJNA464410,Duck,Duck,Wild,FW,U,F,dabbling,Anasplatyrhynchos,"ConawayRanch,YoloCounty",11.0
SRR7146807,1,Pos,PRJNA464410,Duck,Duck,Wild,FW,U,M,dabbling,Anasplatyrhynchos,"ConawayRanch,YoloCounty",11.0
SRR7146809,1,Pos,PRJNA464410,Duck,Duck,Wild,FW,U,M,dabbling,Anasacuta,"ConawayRanch,YoloCounty",11.0
SRR7146810,1,Pos,PRJNA464410,Duck,Duck,Wild,FW,U,M,dabbling,Anasplatyrhynchos,"ConawayRanch,YoloCounty",11.0
SRR7146811,1,Pos,PRJNA464410,Duck,Duck,Wild,FW,U,M,dabbling,Anasplatyrhynchos,"ConawayRanch,YoloCounty",11.0
SRR7146814,0,Neg,PRJNA464410,Duck,Duck,Wild,FW,A,F,dabbling,Anasamericana,"SacramentoNationalWildlifeRefuge,GlennCounty",1.0
SRR7146815,0,Neg,PRJNA464410,Duck,Duck,Wild,FW,A,M,dabbling,Anasamericana,"SacramentoNationalWildlifeRefuge,GlennCounty",1.0
SRR7146816,0,Neg,PRJNA464410,Duck,Duck,Wild,FW,A,M,dabbling,Anasamericana,"SacramentoNationalWildlifeRefuge,GlennCounty",1.0
SRR7146817,1,Pos,PRJNA464410,Duck,Duck,Wild,S,H,M,dabbling,Anasplatyrhynchos,"MandevilleIsland,SanJoaquinCounty",7.0
SRR7146819,1,Pos,PRJNA464410,Duck,Duck,Wild,S,H,F,dabbling,Anasplatyrhynchos,"MandevilleIsland,SanJoaquinCounty",7.0
SRR7146820,1,Pos,PRJNA464410,Duck,Duck,Wild,S,H,M,dabbling,Anasplatyrhynchos,"MandevilleIsland,SanJoaquinCounty",7.0
SRR7146821,1,Pos,PRJNA464410,Duck,Duck,Wild,S,H,F,dabbling,Anasplatyrhynchos,"GrizzlyIslandWildlifeArea(GIWA),SolanoCounty",7.0
SRR7146822,1,Pos,PRJNA464410,Duck,Duck,Wild,S,H,F,dabbling,Anasplatyrhynchos,"GrizzlyIslandWildlifeArea(GIWA),SolanoCounty",7.0
SRR7146823,1,Pos,PRJNA464410,Duck,Duck,Wild,S,H,M,dabbling,Anasplatyrhynchos,"GrizzlyIslandWildlifeArea(GIWA),SolanoCounty",7.0
SRR7146826,1,Pos,PRJNA464410,Duck,Duck,Wild,S,H,M,dabbling,Anasplatyrhynchos,"GrizzlyIslandWildlifeArea(GIWA),SolanoCounty",7.0
SRR7146827,1,Pos,PRJNA464410,Duck,Duck,Wild,S,H,M,dabbling,Anasplatyrhynchos,"SuisunMarsh/Sunrise,SolanoCounty",7.0
SRR7146828,0,Neg,PRJNA464410,Duck,Duck,Wild,FW,U,F,dabbling,Anasacuta,"ConawayRanch,YoloCounty",10.0
SRR7146829,0,Neg,PRJNA464410,Duck,Duck,Wild,FW,U,F,dabbling,Anascarolinensis,"ConawayRanch,YoloCounty",10.0
SRR7146831,0,Neg,PRJNA464410,Duck,Duck,Wild,FW,U,F,dabbling,Anasacuta,"ConawayRanch,YoloCounty",10.0
SRR7146832,0,Neg,PRJNA464410,Duck,Duck,Wild,FW,U,F,dabbling,Anascarolinensis,"ConawayRanch,YoloCounty",10.0
SRR7146833,1,Pos,PRJNA464410,Duck,Duck,Wild,FW,U,M,dabbling,Anasamericana,"SacramentoNationalWildlifeRefuge,GlennCounty",10.0
SRR7146834,1,Pos,PRJNA464410,Duck,Duck,Wild,S,A,F,dabbling,Anasplatyrhynchos,"MandevilleIsland,SanJoaquinCounty",8.0
SRR7146835,0,Neg,PRJNA464410,Duck,Duck,Wild,S,A,F,dabbling,Anasplatyrhynchos,"MandevilleIsland,SanJoaquinCounty",8.0
SRR7146836,0,Neg,PRJNA464410,Duck,Duck,Wild,S,H,M,dabbling,Anasplatyrhynchos,"MandevilleIsland,SanJoaquinCounty",8.0
SRR7146837,0,Neg,PRJNA464410,Duck,Duck,Wild,S,H,F,dabbling,Anasplatyrhynchos,"MandevilleIsland,SanJoaquinCounty",8.0
SRR7146838,0,Neg,PRJNA464410,Duck,Duck,Wild,FW,H,M,filter,Anasclypeata,"SacramentoNationalWildlifeRefuge,GlennCounty",1.0
SRR7146839,1,Pos,PRJNA464410,Duck,Duck,Wild,S,H,M,dabbling,Anasplatyrhynchos,"GrizzlyIslandWildlifeArea(GIWA),SolanoCounty",8.0
SRR7146840,1,Pos,PRJNA464410,Duck,Duck,Wild,S,H,F,dabbling,Anasplatyrhynchos,"GrizzlyIslandWildlifeArea(GIWA),SolanoCounty",7.0
SRR7146841,1,Pos,PRJNA464410,Duck,Duck,Wild,FW,H,M,filter,Anasclypeata,"SacramentoNationalWildlifeRefuge,GlennCounty",11.0
SRR7146843,1,Pos,PRJNA464410,Duck,Duck,Wild,S,H,F,dabbling,Anasplatyrhynchos,"GrizzlyIslandWildlifeArea(GIWA),SolanoCounty",8.0
SRR7146844,1,Pos,PRJNA464410,Duck,Duck,Wild,S,H,M,dabbling,Anasplatyrhynchos,"GrizzlyIslandWildlifeArea(GIWA),SolanoCounty",7.0
SRR7146846,1,Pos,PRJNA464410,Duck,Duck,Wild,S,H,M,dabbling,Anasplatyrhynchos,"GrizzlyIslandWildlifeArea(GIWA),SolanoCounty",7.0
SRR7146848,1,Pos,PRJNA464410,Duck,Duck,Wild,S,H,M,dabbling,Anasplatyrhynchos,"GrizzlyIslandWildlifeArea(GIWA),SolanoCounty",7.0
SRR7146849,1,Pos,PRJNA464410,Duck,Duck,Wild,S,H,F,dabbling,Anasplatyrhynchos,"GrizzlyIslandWildlifeArea(GIWA),SolanoCounty",7.0
SRR7146850,1,Pos,PRJNA464410,Duck,Duck,Wild,S,H,M,dabbling,Anasplatyrhynchos,"GrizzlyIslandWildlifeArea(GIWA),SolanoCounty",7.0
SRR7146851,1,Pos,PRJNA464410,Duck,Duck,Wild,S,H,M,dabbling,Anasplatyrhynchos,"GrizzlyIslandWildlifeArea(GIWA),SolanoCounty",7.0
SRR7146852,0,Neg,PRJNA464410,Duck,Duck,Wild,S,H,F,dabbling,Anasplatyrhynchos,"GrizzlyIslandWildlifeArea(GIWA),SolanoCounty",7.0
SRR7146853,0,Neg,PRJNA464410,Duck,Duck,Wild,S,H,M,dabbling,Anasplatyrhynchos,"GrizzlyIslandWildlifeArea(GIWA),SolanoCounty",7.0
SRR7146854,1,Pos,PRJNA464410,Duck,Duck,Wild,FW,H,M,dabbling,Anasamericana,"SacramentoNationalWildlifeRefuge,GlennCounty",11.0
SRR7146855,0,Neg,PRJNA464410,Duck,Duck,Wild,FW,U,F,filter,Anasclypeata,"SacramentoNationalWildlifeRefuge,GlennCounty",1.0
SRR7146856,0,Neg,PRJNA464410,Duck,Duck,Wild,FW,U,M,filter,Anasclypeata,"SacramentoNationalWildlifeRefuge,GlennCounty",1.0
SRR7146857,0,Neg,PRJNA464410,Duck,Duck,Wild,FW,U,F,filter,Anasclypeata,"SacramentoNationalWildlifeRefuge,GlennCounty",1.0
SRR7146858,0,Neg,PRJNA464410,Duck,Duck,Wild,FW,U,M,filter,Anasclypeata,"SacramentoNationalWildlifeRefuge,GlennCounty",1.0
SRR7146859,0,Neg,PRJNA464410,Duck,Duck,Wild,FW,U,M,filter,Anasclypeata,"SacramentoNationalWildlifeRefuge,GlennCounty",1.0
SRR7146860,0,Neg,PRJNA464410,Duck,Duck,Wild,FW,U,M,filter,Anasclypeata,"SacramentoNationalWildlifeRefuge,GlennCounty",1.0
SRR7146861,0,Neg,PRJNA464410,Duck,Duck,Wild,FW,U,M,filter,Anasclypeata,"SacramentoNationalWildlifeRefuge,GlennCounty",1.0
SRR7146862,0,Neg,PRJNA464410,Duck,Duck,Wild,FW,U,M,filter,Anasclypeata,"SacramentoNationalWildlifeRefuge,GlennCounty",1.0
SRR7146863,0,Neg,PRJNA464410,Duck,Duck,Wild,S,H,M,dabbling,Anasplatyrhynchos,"SuisunMarsh/Balboa,SolanoCounty",7.0
SRR7146865,1,Pos,PRJNA464410,Duck,Duck,Wild,FW,U,M,dabbling,Anasplatyrhynchos,"ConawayRanch,YoloCounty",10.0
SRR7146866,1,Pos,PRJNA464410,Duck,Duck,Wild,FW,U,M,dabbling,Anasplatyrhynchos,"ConawayRanch,YoloCounty",10.0
SRR7146868,1,Pos,PRJNA464410,Duck,Duck,Wild,FW,H,F,dabbling,Anasacuta,"ConawayRanch,YoloCounty",10.0
SRR7146869,1,Pos,PRJNA464410,Duck,Duck,Wild,FW,U,M,dabbling,Anasplatyrhynchos,"ConawayRanch,YoloCounty",12.0
SRR7146871,1,Pos,PRJNA464410,Duck,Duck,Wild,FW,H,M,dabbling,Anasamericana,"SacramentoNationalWildlifeRefuge,GlennCounty",10.0
SRR7146872,1,Pos,PRJNA464410,Duck,Duck,Wild,FW,H,M,filter,Anasclypeata,"SacramentoNationalWildlifeRefuge,GlennCounty",10.0
SRR7146874,1,Pos,PRJNA464410,Duck,Duck,Wild,FW,H,M,dabbling,Anasacuta,"SacramentoNationalWildlifeRefuge,GlennCounty",10.0
SRR7146875,1,Pos,PRJNA464410,Duck,Duck,Wild,FW,H,F,filter,Anasclypeata,"SacramentoNationalWildlifeRefuge,GlennCounty",12.0
SRR7146877,1,Pos,PRJNA464410,Duck,Duck,Wild,FW,H,F,filter,Anasclypeata,"SacramentoNationalWildlifeRefuge,GlennCounty",10.0
SRR7146878,1,Pos,PRJNA464410,Duck,Duck,Wild,S,H,F,dabbling,Anasplatyrhynchos,"GrizzlyIslandWildlifeArea(GIWA),SolanoCounty",7.0
SRR7146880,1,Pos,PRJNA464410,Duck,Duck,Wild,FW,U,M,dabbling,Anasplatyrhynchos,"ConawayRanch,YoloCounty",12.0
SRR7146881,0,Neg,PRJNA464410,Duck,Duck,Wild,S,H,M,dabbling,Anasplatyrhynchos,"GrizzlyIslandWildlifeArea(GIWA),SolanoCounty",7.0
SRR7146882,0,Neg,PRJNA464410,Duck,Duck,Wild,S,H,M,dabbling,Anasplatyrhynchos,"GrizzlyIslandWildlifeArea(GIWA),SolanoCounty",7.0
SRR7146883,0,Neg,PRJNA464410,Duck,Duck,Wild,S,H,F,dabbling,Anasplatyrhynchos,"GrizzlyIslandWildlifeArea(GIWA),SolanoCounty",7.0
SRR7146884,0,Neg,PRJNA464410,Duck,Duck,Wild,S,H,M,dabbling,Anasplatyrhynchos,"GrizzlyIslandWildlifeArea(GIWA),SolanoCounty",7.0
SRR7146886,0,Neg,PRJNA464410,Duck,Duck,Wild,S,H,F,dabbling,Anasplatyrhynchos,"GrizzlyIslandWildlifeArea(GIWA),SolanoCounty",7.0
SRR7146887,0,Neg,PRJNA464410,Duck,Duck,Wild,S,H,F,dabbling,Anasplatyrhynchos,"GrizzlyIslandWildlifeArea(GIWA),SolanoCounty",7.0
SRR7146888,1,Pos,PRJNA464410,Duck,Duck,Wild,S,H,F,dabbling,Anasplatyrhynchos,"GrizzlyIslandWildlifeArea(GIWA),SolanoCounty",7.0
