FeatureID,prevalence,mean_rel_abundance,max_rel_abundance,total_count,Phylum,Family,Genus
af35970d0e82e7e56bc4c9a97b1aa275,0.7822085889570553,0.26256690806826766,0.9804,426146,Campylobacterota,Campylobacteraceae,Campylobacter
63d393fc0e99dd18542fb1d4b2af0cbf,0.745398773006135,0.038736919195934,0.6836378567029358,62551,Bacteroidota,Flavobacteriaceae,Flavobacterium
cafeeea8a015957c63e8db16e70ed374,0.7300613496932515,0.04219904996249213,0.818,68484,Bacillota,Lachnospiraceae,
c465f577ff4ace3e12a8479197bd7198,0.6134969325153374,0.04452096954228099,0.7284,71931,Bacteroidota,Porphyromonadaceae,Porphyromonas
f8bb29a5251534049b2e1c111bc39f14,0.6042944785276073,0.04261312485623524,0.6655235021182166,69334,Pseudomonadota,Pasteurellaceae,Psittacicella
d27439ff64e05809b9e00cfa519cdcac,0.549079754601227,0.022329831903211837,0.4324,36383,Fusobacteriota,Leptotrichiaceae,
13b2a473a55c51abc0b42dce9ecb578e,0.5429447852760736,0.003019049985770441,0.06991439054219323,4860,Pseudomonadota,Pseudomonadaceae,Pseudomonas
da6b37f3a4a6331d6ee5af6f86f9df0a,0.5429447852760736,0.0035053486558722373,0.10040899795501022,5654,Pseudomonadota,Caulobacteraceae,Brevundimonas
a13d2ac851c652f379103eb69ff1bc14,0.5153374233128835,0.022666985479796987,0.7818,36746,Bacteroidota,Bacteroidaceae,Bacteroides
0daf4b3d162fbc5fc14a1ca8f4d2c33b,0.5122699386503068,0.04503055924354005,0.9426,73382,Fusobacteriota,Fusobacteriaceae,Fusobacterium
9265d5145416b3be7b9362ccc8e3dece,0.48773006134969327,0.017318361407133664,0.5112,28202,Bacillota,Lachnospiraceae,Caecibacterium
bf0a5e99cb2470e070686ca4a5cd102d,0.4723926380368098,0.017994194211112716,0.40849869713369413,29315,Bacillota,Streptococcaceae,Streptococcus
6718eb07f4a1ded94863a63d5e19474e,0.44785276073619634,0.028844777364330203,0.436,46979,Bacillota,Veillonellaceae,Veillonella
b81519f9ff85d250b3ff11b93ec54bc8,0.44785276073619634,0.006202979993820106,0.1762114537444934,10014,Bacillota,Incertae_Sedis,Incertae_Sedis
8ad1796f811039f7bae012f206c4d408,0.43558282208588955,0.012480259480085494,0.45538399839582916,20328,Bacillota,,
e9165b84ab328cc9b6c9240b83c34296,0.4049079754601227,0.009578839687160657,0.16953562850280224,15594,Bacillota,Family_XI,Parvimonas
a6eadb2d1940643ea760afffa030334d,0.401840490797546,0.0016154611322459,0.0482,2613,Pseudomonadota,Lysobacteraceae,Stenotrophomonas
463b2f0461c807f6f6a2ebd7bcff9c7a,0.39263803680981596,0.003270443051334481,0.302,5329,Bacillota,Staphylococcaceae,Staphylococcus
e56b0756bf4106b0b7f14fa46e828c2a,0.39263803680981596,0.021424166902328668,0.5284,34762,Bacillota,Veillonellaceae,
5a64a6f1f4e7afd3bbbf171c5c35b46f,0.39263803680981596,0.017648711181977254,0.9484,28760,Pseudomonadota,Pasteurellaceae,
0c9e3ed50197a5f104e61cd0520fbb29,0.3374233128834356,0.006584380994894068,0.3978774529435322,10691,,,
84b87a5527ad7573a01f9a340b45b8b2,0.3343558282208589,0.001684695815893739,0.0518,2730,Actinomycetota,Actinomycetaceae,Varibaculum
8ef7520d749a002ff44b11ee16c27f1b,0.3220858895705521,0.007069773784386549,0.1726,11499,Bacteroidota,Prevotellaceae,Prevotella
da821e0a5e2bb6359d37fc6ddafd82c1,0.30368098159509205,0.006393559539113117,0.1166,10419,Actinomycetota,Micrococcaceae,Rothia
7333e261c60fccfd1cc66224d4914029,0.3006134969325153,0.0007632092363295185,0.0276,1239,Pseudomonadota,Halomonadaceae,Halomonas
acc07901cb94b7ff01d72de31d9c9e9b,0.294478527607362,0.00632840327310387,0.672,10309,Campylobacterota,Helicobacteraceae,Helicobacter
8e450566af04da60335f56e9098b4eec,0.2883435582822086,0.006463560336477514,0.3088,10534,Bacillota,Mycoplasmataceae,
0775e59cd173135c46460efc24f0c35a,0.2883435582822086,0.00557384699136903,0.4228,9060,Bacillota,Ruminococcaceae,
e616d0c9166d972025919a91afbfac62,0.2852760736196319,0.0018780974845613615,0.2030497592295345,3053,Bacillota,Peptococcaceae,Peptococcus
4966214a7565ba69a46597265edc5fc6,0.2852760736196319,0.0008378403073850852,0.01745021556148635,1356,Bacteroidota,Sphingobacteriaceae,Sphingobacterium
da6858e27b2e7bb754853591e2b46704,0.27300613496932513,0.003108283845725176,0.158,5062,Bacillota,Gemellaceae,Gemella
9eb9acee9f8012d509191f395cd33680,0.24846625766871167,0.003212407330770461,0.1247987117552335,5187,Actinomycetota,,
024cc2ba42a565cbc58e93e2c896bb5a,0.22699386503067484,0.018267867508355823,0.8252,29762,Fusobacteriota,Fusobacteriaceae,Cetobacterium
ca53da738ef5a0dbe50fe54061231539,0.22699386503067484,0.0027963436126389003,0.175,4553,Bacillota,Oscillospiraceae,
736f2237cf9ec2cfcaa5645263c92bca,0.22699386503067484,0.0006139077187985589,0.036689767631471665,993,Bacteroidota,Sphingobacteriaceae,
408c8c2da176e400b44ff317ac0876d3,0.20552147239263804,0.0022852667266751495,0.1472,3720,Bacteroidota,Prevotellaceae,Prevotellaceae_Ga6A1_group
282df84e87013a21e2f3d41c9042f9d6,0.19938650306748465,0.0022050140067450493,0.11673073032571313,3578,Bacteroidota,Prevotellaceae,
KT873246.1.1201,0.19938650306748465,0.038260367155816905,0.8667200320192116,58077,Pseudomonadota,Enterobacteriaceae,Escherichia-Shigella
c3a9c5579756dc8a0872e12edba0ef72,0.19631901840490798,0.0074135754565469985,0.431,12082,Fusobacteriota,Leptotrichiaceae,Incertae_Sedis
8e7f285d81ef2b399b0301d21e6061e5,0.19325153374233128,0.005294101254339135,0.3568,8628,Bacteroidota,,
adc4c72e3b695adcbeb1d03eb1f48da5,0.1901840490797546,0.004016456976812312,0.513,6546,Bacillota,Fusibacteraceae,Fusibacter
977711915cab8af85bbf09f4af3954f1,0.17484662576687116,0.0032347221504043623,0.2536,5268,Bacillota,Selenomonadaceae,Megamonas
9ccfad1833dbe06085dda16682bdb9ef,0.17177914110429449,0.0006322808559095073,0.057985553772070625,1029,Bacillota,,
04c4a458a5a1e0ab867bff0b2b936680,0.17177914110429449,0.002895902608018934,0.23334670947030497,4693,Bacillota,Clostridiaceae,Candidatus_Arthromitus
c51976b33e301cd0c39ff6780038cb3d,0.15950920245398773,0.0002870380014413247,0.013249082755809213,464,Pseudomonadota,Comamonadaceae,
eb04e82f5de40a4c6ab43c4b470e4cba,0.15950920245398773,0.005741331226297797,0.2900580116023205,9348,Bacillota,,
4c9ad755e11e8a1a091959f1e73c9d0c,0.15644171779141106,0.0014430249396378612,0.13051396195872117,2338,Actinomycetota,Actinomycetaceae,Arcanobacterium
1458f1e7144a7686e3d054d148cb3855,0.147239263803681,0.0002926645906457235,0.008,475,Pseudomonadota,Beijerinckiaceae,Methylobacterium
c4abcba67bae771e7b6acab924c3a033,0.1441717791411043,0.004758860427675792,0.665,7756,Bacillota,Erysipelatoclostridiaceae,Thomasclavelia
5bd5c3944af33f3c41fe9dd472376f6a,0.1411042944785276,0.0006878239371717309,0.0628,1121,Bacillota,Lachnospiraceae,Lachnospiraceae_UCG-010
DQ799171.1.1319,0.13803680981595093,0.002198839783719903,0.07545655227774434,3432,Bacillota,Erysipelatoclostridiaceae,Massiliomicrobiota
EF025267.1.1453,0.13803680981595093,0.025673157434104636,0.6679662118258609,39292,Bacillota,Lachnospiraceae,
03d08b31a3d27b70b8d57b623e6fda2f,0.13803680981595093,0.00047612629079844517,0.0388,776,Bacillota,Anaerovoracaceae,Incertae_Sedis
816bc6359bb36d4bd2ac7c129451f617,0.13803680981595093,0.0003745172302141602,0.014964610717896865,609,Bacillota,Oscillospiraceae,Mageeibacillus
4ce32c4ee3d941f584c8b7a108fe68db,0.13496932515337423,0.001412053470478659,0.156,2301,Bacillota,Oscillospiraceae,UCG-005
32018bce7db6443bd285f8b95338da67,0.13496932515337423,0.000941664449061456,0.0596,1531,Bacteroidota,Prevotellaceae,Incertae_Sedis
5702680e7007498a309e6e376da0f72f,0.13496932515337423,0.002251150945467204,0.2971726488871065,3665,Fusobacteriota,Leptotrichiaceae,Oceanivirga
e5eb02f3feb9b1b80a85843d37566c6a,0.13496932515337423,0.0003513124724354913,0.0116,561,Bacteroidota,Sphingobacteriaceae,Pedobacter
DQ806077.1.1402,0.13190184049079753,0.0005606523067454136,0.015262387622830859,854,Bacillota,Oscillospiraceae,Colidextribacter
FJ382054.1.1201,0.13190184049079753,0.01721042397338584,0.6075378943056124,24857,Bacillota,Peptostreptococcaceae,Romboutsia
EU776524.1.1264,0.13190184049079753,0.021662258303078826,0.6268524007113219,30494,Bacillota,Clostridiaceae,Clostridium
30d3ed513d2487ebacec1d3806b5ccae,0.13190184049079753,0.00024562282844253205,0.0122,400,Actinomycetota,Corynebacteriaceae,Lawsonella
KP966092.1.1345,0.12883435582822086,0.0008575339821090767,0.019053349378259126,1315,Bacillota,Lachnospiraceae,Sellimonas
172051db4ee13abc3ac82deb1739a056,0.12883435582822086,0.00030606666725372067,0.0092,498,Bacillota,Family_XI,Peptoniphilus
f52c8cce50655f4bc6b73387b9a7e1a5,0.12883435582822086,0.005162501482017629,0.5438,8414,Bacillota,Catellicoccaceae,Catellicoccus
DQ326634.1.1352,0.12883435582822086,0.0015650783685371632,0.19967228464419476,2263,Bacillota,Erysipelatoclostridiaceae,Thomasclavelia
DQ794058.1.1402,0.12576687116564417,0.0026460598733182594,0.16116116116116116,4091,Bacillota,Lachnospiraceae,Anaerostipes
6a4f354262a6fbad12de693585b4e7f1,0.12576687116564417,0.003646384154899997,0.13062612522504502,5590,Bacillota,Ruminococcaceae,
GQ175397.1.1443,0.12576687116564417,0.000769283439026459,0.0322648671446647,1186,Bacillota,[Eubacterium]_coprostanoligenes_group,Incertae_Sedis
DQ793705.1.1389,0.12576687116564417,0.0009758350202561783,0.04073851093718643,1516,Bacillota,Ruminococcaceae,Acutalibacter
EF025214.1.1451,0.12269938650306748,0.0010198661880665928,0.040346984062941293,1561,Bacillota,Butyricicoccaceae,Agathobaculum
fbb2ccdf9eee6835b98ab9fad97f117a,0.1196319018404908,0.0008365849042770109,0.035638970898355125,1234,Bacillota,Incertae_Sedis,Incertae_Sedis
f13a69ad40cf466ff5bfb0c0609aafc6,0.1165644171779141,0.0006223136638829755,0.040537828617298814,968,Actinomycetota,Eggerthellaceae,CHKCI002
DQ793739.1.1403,0.1165644171779141,0.0005456788246749971,0.022677102147300822,852,Bacillota,Erysipelotrichaceae,Merdibacter
1683506dd97567bf85f5261af480556e,0.11349693251533742,0.0005296702547325986,0.0774,862,Bacillota,Acidaminococcaceae,Phascolarctobacterium
EU763235.1.1354,0.11349693251533742,0.0007595814073874443,0.06061822561220393,1175,Bacillota,Oscillospiraceae,Flavonifractor
ef4b9171648179be3a8fb9699fbb94bd,0.10429447852760736,0.000670657119103405,0.03282674772036474,1091,Bacteroidota,Tannerellaceae,Parabacteroides
DQ794427.1.1242,0.10122699386503067,0.0003981839586629753,0.021299029945170814,623,Bacillota,Oscillospiraceae,Oscillibacter
FJ367509.1.1357,0.10122699386503067,0.00027577711342042344,0.013877551020408163,418,Bacillota,Lachnospiraceae,Anaerobutyricum
d74cd6582859d0be37e097cbfddc31d1,0.09815950920245399,0.0008442350180750214,0.0494,1375,Bacillota,Oscillospiraceae,Colidextribacter
a50e8f12c186085277959f55303ef905,0.09815950920245399,0.00084064258754818,0.085,1358,Bacillota,Ruminococcaceae,Faecalibacterium
DQ057398.1.1389,0.09815950920245399,0.0004137633269124643,0.019079685746352413,621,Bacillota,Lachnospiraceae,Shuttleworthia
HQ452859.1.1430,0.09815950920245399,0.0005558546929394418,0.03060612122424485,854,Bacillota,Erysipelotrichaceae,
ed995199585e2404bfe5f588a06291fc,0.09815950920245399,0.00031910581060545237,0.0234,520,Actinomycetota,Actinomycetaceae,Schaalia
6e37ae39569a812f7c984ba534ac91de,0.09815950920245399,0.0004765429441401189,0.0584,776,Pseudomonadota,Enterobacteriaceae,Escherichia-Shigella
cf42d6ef5b5f01ff0a0a2bf5b533682e,0.09815950920245399,0.0010642459669303543,0.07380851961197807,1650,Bacillota,Bacillaceae,
6a90057b6e7a186c4d4e8974cd089f3f,0.09815950920245399,0.0005477145099613298,0.0552434456928839,820,Bacillota,Lachnospiraceae,Enterocloster
DQ456472.1.1372,0.09815950920245399,0.0036784145792120504,0.22391804306920343,5384,Bacillota,Ruminococcaceae,Faecalibacterium
KY658480.1.1210,0.0950920245398773,0.007063447892209079,0.4306,11095,Bacillota,Lactobacillaceae,
DQ455825.1.1446,0.0950920245398773,0.0002381329908684195,0.017292281737663433,373,Bacillota,Lachnospiraceae,ASF356
DQ793581.1.1384,0.09202453987730061,0.0007074497245466328,0.03953441701786073,1099,Bacillota,Incertae_Sedis,Incertae_Sedis
efb1124a7b972fc805d2cdd072bb7a09,0.09202453987730061,0.0002434265472998395,0.0106,393,Bacillota,Ruminococcaceae,Incertae_Sedis
MH924252.1.1200,0.08895705521472393,0.004525946737853869,0.22031473533619456,6544,Bacillota,Lactobacillaceae,Weissella
1978fc46fbfd9b795e153be14136a976,0.08895705521472393,0.00019108536837528169,0.016656632550672287,296,Bacillota,Lachnospiraceae,CHKCI001
5d53bfb2037f7206f04684269c8aef31,0.08588957055214724,0.0004969711409871119,0.0378,797,Thermodesulfobacteriota,Desulfovibrionaceae,Desulfovibrio
98fcf59486d130abe9a9055704400056,0.08588957055214724,0.0020012868841562926,0.2808,3262,Bacillota,Clostridiaceae,Clostridium
HQ806146.1.1448,0.08282208588957055,0.0003047437567680463,0.015284287752190748,472,Bacillota,Lachnospiraceae,GCA-900066575
GQ491803.1.1365,0.08282208588957055,0.00019372285868364596,0.015857085507828182,299,Bacillota,Erysipelotrichaceae,[Clostridium]_innocuum_group
FJ981654.1.1204,0.08282208588957055,0.00011803356667825442,0.005546751188589541,162,Bacillota,Staphylococcaceae,Staphylococcus
81d6cbdbc40e34b1d58319f78d4860c3,0.08282208588957055,0.0005319109309084521,0.0698,867,Actinomycetota,Atopobiaceae,Atopobium
DQ057374.1.1386,0.07975460122699386,0.0002470632131575282,0.013857754228652945,391,Bacillota,Lachnospiraceae,CAG-56
00b629e3b3acc8ca9d9839c41326c6e7,0.07975460122699386,0.0008773515239351959,0.0668,1430,Pseudomonadota,Moraxellaceae,Moraxella
5c1b884fe5810b2c1045bf75572ef12f,0.07975460122699386,0.00021740046874704316,0.01891728718051922,342,Bacteroidota,Paludibacteraceae,H1
HQ807248.1.1298,0.07668711656441718,7.401081221638001e-05,0.0037633284549445953,115,Bacillota,Ruminococcaceae,DTU089
EU451487.1.1331,0.07668711656441718,0.00012858535951417978,0.006016847172081829,199,Bacillota,Ruminococcaceae,Anaerotruncus
2c4bfc1c3d5e6ce1ac21afc5c61b24d6,0.07668711656441718,0.0001719174935352949,0.0066,279,Bacteroidota,Weeksellaceae,Elizabethkingia
ad464b0f4f2cef292428ce4cca18f4dc,0.0736196319018405,0.00016278788856499167,0.013245033112582781,255,Bacillota,Ruminococcaceae,Caproiciproducens
f980a909308141ab17d7502f6c96d0ed,0.0705521472392638,5.560621320748091e-05,0.0029523407844791226,86,Bacillota,Monoglobaceae,Monoglobus
5147978826a18675c0ec7b677e21a6b7,0.06748466257668712,0.0011103383079570592,0.0688,1806,Bacillota,Ruminococcaceae,Fournierella
5d2356d8798c11abda797ab361d25f33,0.06748466257668712,9.938382362956648e-05,0.007527733755942948,123,Bacillota,Lactobacillaceae,Lactobacillus
GQ175458.1.1439,0.06748466257668712,0.00028400440965002503,0.030156052298608182,430,Bacillota,Ruminococcaceae,Negativibacillus
2e73689583c6009968e1d3c321a448f5,0.06441717791411043,9.362802312178829e-05,0.0088,152,Bacillota,Alicyclobacillaceae,Tumebacillus
KX881777.1.1230,0.06134969325153374,0.0009164218700997485,0.06818640306637079,1448,Bacillota,Lactobacillaceae,HT002
6857d1b6598e3f4e0500dd981ec24bfd,0.06134969325153374,0.00026872913586139553,0.0232,438,Bacillota,Peptostreptococcaceae,Peptoclostridium
GQ175371.1.1438,0.06134969325153374,0.0002878181956949671,0.030685920577617327,450,Bacillota,Oscillospiraceae,
eef61fa20a609e0b0edda48cdc9db43d,0.05214723926380368,7.675922585975881e-05,0.004804804804804805,122,Bacillota,Lachnospiraceae,Tyzzerella
KU363872.1.1413,0.05214723926380368,5.413702825211875e-05,0.005150554675118859,70,Bacillota,Staphylococcaceae,Macrococcus
DQ456166.1.1450,0.049079754601226995,0.0002441169034827152,0.023204640928185638,388,Bacillota,Oscillospiraceae,Pseudoflavonifractor
FAGH01000127.1.1295,0.049079754601226995,8.695889589050549e-05,0.008738277919863598,130,Bacillota,Peptostreptococcaceae,Clostridioides
KT026457.1.1220,0.046012269938650305,0.003943354189998449,0.79,6402,Pseudomonadota,,
KP337928.1.1234,0.046012269938650305,0.0017251525307689214,0.16656435440965828,2765,Pseudomonadota,Enterobacteriaceae,
KX225278.1.1221,0.046012269938650305,0.0019309548438537578,0.15231388329979878,3109,Pseudomonadota,Aeromonadaceae,Aeromonas
JF145649.1.1306,0.046012269938650305,0.00013422368129888362,0.009872480460715755,215,Pseudomonadota,Sphingomonadaceae,
HQ802642.1.1374,0.046012269938650305,0.001067657367480674,0.14165666266506602,1730,Bacillota,Lachnospiraceae,Epulopiscium
EU775649.1.1224,0.046012269938650305,0.0006237843307228373,0.0738,1007,Bacillota,Peptostreptococcaceae,Terrisporobacter
MH718771.1.1217,0.046012269938650305,0.003643645729999936,0.43279678068410465,5842,Actinomycetota,Nocardiaceae,Rhodococcus
EU774989.1.1390,0.046012269938650305,0.01418881482612451,0.8744727856999397,22866,Pseudomonadota,Pseudomonadaceae,Pseudomonas
AF092548.1.1483,0.04294478527607362,0.001186383659396863,0.304673275338863,1912,Bacillota,Clostridiaceae,Clostridium
7d3638a814df8118a71376d31f66bb19,0.04294478527607362,0.005238925738129802,0.7880369329586512,8486,Campylobacterota,Helicobacteraceae,Helicobacter
MF765334.1.1250,0.03987730061349693,6.833370960369844e-05,0.00646830530401035,96,Actinomycetota,Microbacteriaceae,Microbacterium
AY995250.1.1365,0.03987730061349693,0.0001301481127745064,0.014519809168222361,208,Bacillota,Lactobacillaceae,Lactobacillus
APON01000042.130541.131744,0.03987730061349693,0.0001496976213444071,0.01002660118682218,240,Pseudomonadota,Moraxellaceae,Acinetobacter
DQ808123.1.1242,0.03987730061349693,5.2137522212274155e-05,0.003208985158443642,79,Bacillota,Ruminococcaceae,Ruthenibacterium
MH843493.1.1214,0.03987730061349693,4.267513857607639e-05,0.004358161648177496,53,Actinomycetota,Microbacteriaceae,
LN866619.1.1259,0.03680981595092025,0.00013346481977847847,0.015273535129130798,165,Bacteroidota,Sphingobacteriaceae,Sphingobacterium
LWUD01000045.4.1337,0.03680981595092025,0.00012291078143919534,0.026906736799514466,198,Bacillota,Lactobacillaceae,Ligilactobacillus
KC108996.1.1244,0.03374233128834356,0.002521465855995205,0.6785140562248996,4093,Pseudomonadota,Yersiniaceae,
KF003417.1.1415,0.03374233128834356,0.002751079295993842,0.6808808808808808,4475,Pseudomonadota,Erwiniaceae,
JQ207409.1.1329,0.03374233128834356,0.00033263626747707736,0.06483340024086712,539,Fusobacteriota,Fusobacteriaceae,Fusobacterium
GFIM01005958.9.1236,0.03067484662576687,0.00014128470295786145,0.01583710407239819,225,Actinomycetota,Propionibacteriaceae,Cutibacterium
GU179520.1.1380,0.03067484662576687,0.00012849014637541527,0.013300593411090649,206,Pseudomonadota,Shewanellaceae,Shewanella
KY963445.1.1230,0.03067484662576687,0.001402350271118809,0.4356253825749847,2242,Bacillota,Listeriaceae,Brochothrix
EU460584.1.1224,0.03067484662576687,0.0002977159491929564,0.06962287608785744,463,Bacillota,Erysipelotrichaceae,Turicibacter
KX225280.1.1202,0.03067484662576687,5.493755751397604e-05,0.0038878089419605664,74,Pseudomonadota,Comamonadaceae,
KJ569212.1.1385,0.027607361963190184,7.340053598020489e-05,0.008227067050596462,117,Pseudomonadota,Beijerinckiaceae,Methylobacterium
FJVJ01000015.3438.4940,0.027607361963190184,1.0590147096509754e-05,0.0011885895404120444,14,Bacillota,,
428e3d450aadbf2928c370c30bf67032,0.027607361963190184,0.00014040120329922583,0.021628239134870435,226,Actinomycetota,Bifidobacteriaceae,Bifidobacterium
HQ810027.1.1241,0.027607361963190184,4.2310077992581475e-05,0.009334163036714374,67,Bacillota,Streptococcaceae,Streptococcus
KU053645.1.1448,0.027607361963190184,5.877783680259177e-05,0.007161857990587273,94,Pseudomonadota,Sphingomonadaceae,Sphingomonas
AY860235.1.1422,0.027607361963190184,6.0020904831978845e-05,0.0063433599345201555,96,Pseudomonadota,Burkholderiaceae,Cupriavidus
EF071253.1.1234,0.027607361963190184,7.141970560021696e-05,0.010578718108276292,114,Bacillota,Ruminococcaceae,Faecalibacterium
793757b64114f95de1385e9eb5989cf9,0.027607361963190184,8.857750240931232e-05,0.017604208822339134,143,Bacillota,Oscillospiraceae,Intestinimonas
EU767235.1.1359,0.024539877300613498,4.6634579959785675e-05,0.004695837780149413,68,Bacillota,Butyricicoccaceae,UCG-009
JQ855614.1.1252,0.024539877300613498,8.186320235252142e-05,0.012072434607645875,131,Actinomycetota,Corynebacteriaceae,Corynebacterium
KT828543.1.1200,0.024539877300613498,1.981990906299883e-05,0.002225369208982399,32,Pseudomonadota,Pseudoalteromonadaceae,Pseudoalteromonas
MF498280.1.1204,0.024539877300613498,0.00015398289950631277,0.024475524475524476,245,Cyanobacteriota,Cyanobiaceae,
JQ014317.1.1286,0.024539877300613498,0.00014977680717686293,0.02291794556987927,240,Actinomycetota,Intrasporangiaceae,
KF086785.1.1341,0.024539877300613498,3.7494759201414596e-05,0.003318813524165111,60,Actinomycetota,Corynebacteriaceae,Lawsonella
KT380570.1.1379,0.024539877300613498,4.134033846099685e-05,0.004501739308369143,66,Pseudomonadota,Rhizobiaceae,Brucella
DQ793870.1.1284,0.024539877300613498,5.3558944874148654e-05,0.009793919608243216,86,Bacillota,Ruminococcaceae,
c40986076d659ca56d66bdbbe8fc06f2,0.02147239263803681,4.047960256281285e-05,0.006070416835289356,65,Bacillota,Peptostreptococcaceae,Peptoclostridium
JQ977262.1.1457,0.02147239263803681,3.545826122385481e-05,0.00632523974699041,57,Bacillota,Planococcaceae,Psychrobacillus
GQ461821.1.1415,0.02147239263803681,0.00019384737205979034,0.05759582580774634,314,Bacillota,Family_XI,Tissierella
FJ975910.1.1372,0.018404907975460124,0.0012392347703515055,0.16021527634030222,1944,Bacillota,Lactobacillaceae,Ligilactobacillus
HQ800862.1.1308,0.018404907975460124,0.00018874957387662687,0.015317739598426828,295,Bacteroidota,Bacteroidaceae,Bacteroides
JQ855544.1.1247,0.018404907975460124,0.003872675333331877,0.7644636606959028,6151,Bacillota,Lactobacillaceae,Lactobacillus
MF326581.1.1216,0.018404907975460124,4.8185142275318155e-05,0.011649294911097487,76,Bacillota,Lactobacillaceae,Pediococcus
EU600921.1.1486,0.018404907975460124,1.4885033700240702e-05,0.0016184503338053813,24,Bacillota,Lactobacillaceae,Limosilactobacillus
LN680489.1.1289,0.018404907975460124,0.00026747199603878924,0.07039420756234915,432,Pseudomonadota,Rhizobiaceae,Phyllobacterium
JX227053.1.1493,0.018404907975460124,7.819999618106966e-05,0.016594067620825555,124,Pseudomonadota,Burkholderiaceae,Ralstonia
Y18355.1.1409,0.018404907975460124,0.00212500357508692,0.28113590263691685,3387,Bacillota,,
AUAN01000035.1.1363,0.018404907975460124,0.00048192473979068976,0.08127753303964758,741,Bacillota,Veillonellaceae,Veillonella
DQ794370.1.1390,0.018404907975460124,0.00014126678395410947,0.016676961087090797,223,Bacillota,Lachnospiraceae,
HQ717226.1.1310,0.018404907975460124,0.0014852532366889013,0.3718052738336714,2382,Bacillota,Streptococcaceae,Streptococcus
AJ876519.1.1235,0.018404907975460124,4.295372416456694e-05,0.004346926102256262,68,Campylobacterota,Helicobacteraceae,Helicobacter
569e41cdb450ced9aaf87abc387fc8f6,0.018404907975460124,6.240592201203444e-05,0.00925553319919517,100,Pseudomonadota,Xanthobacteraceae,
EF025230.1.1453,0.018404907975460124,7.064656868130725e-06,0.0008288437629506838,11,Bacillota,Oscillospiraceae,Intestinimonas
HM355725.1.1231,0.018404907975460124,2.689556879947751e-05,0.003290826820238585,43,Pseudomonadota,Lysobacteraceae,Stenotrophomonas
EU530381.1.1295,0.018404907975460124,2.377280468044409e-05,0.0030322720381199915,36,Bacillota,Lachnospiraceae,[Ruminococcus]_gnavus_group
869039e5ec5a8e2a7725853c1a499e6e,0.018404907975460124,1.2350687002353569e-05,0.0016303240269003464,17,Bacillota,Incertae_Sedis,Incertae_Sedis
JQ248113.1.1510,0.015337423312883436,2.3636258008747063e-05,0.002434077079107505,37,Bacillota,Oscillospiraceae,Intestinimonas
EU766290.1.1374,0.015337423312883436,3.089360093129434e-05,0.006588429071443277,49,Thermodesulfobacteriota,Desulfovibrionaceae,Bilophila
DQ441256.1.1313,0.015337423312883436,0.00010980356317544263,0.013588634959851761,174,Bacteroidota,Rikenellaceae,Alistipes
HQ780723.1.1445,0.015337423312883436,3.7212835141748795e-05,0.008711885500933417,59,Bacteroidota,Prevotellaceae,Incertae_Sedis
HQ686141.1.1218,0.015337423312883436,2.2634830120195237e-05,0.002963841138114997,26,Bacteroidota,Weeksellaceae,Chryseobacterium
KJ184999.1.1415,0.015337423312883436,1.5397682179059235e-05,0.0038878089419605664,19,Pseudomonadota,Pseudomonadaceae,Pseudomonas
JQ248093.1.1509,0.015337423312883436,5.1689279354081716e-05,0.012114537444933921,78,Bacillota,Ruminococcaceae,Pygmaiobacter
DQ342328.1.1502,0.015337423312883436,0.00038064557466239307,0.0461602152763403,604,Bacillota,Clostridiaceae,Candidatus_Arthromitus
HQ741563.1.1403,0.015337423312883436,0.001790528868632042,0.38099156552149765,2776,Bacillota,Clostridiaceae,Clostridium
EU774765.1.1436,0.015337423312883436,3.1538104469526104e-05,0.00506482982171799,50,Bacillota,Lactobacillaceae,Limosilactobacillus
KT767906.1.1422,0.015337423312883436,2.2165977419661e-05,0.005622489959839358,36,Pseudomonadota,Hafniaceae,Hafnia-Obesumbacterium
AF129443.1.1436,0.015337423312883436,4.361500847935504e-05,0.0058350100603621734,70,Pseudomonadota,Enterobacteriaceae,Raoultella
9ba9f18a6810a29f8813508c92f077cc,0.015337423312883436,0.0016548307818966576,0.42095736122284794,2675,Bacillota,Lachnospiraceae,Caecibacterium
7ac33c05ad84021985e552b46f46b74a,0.015337423312883436,3.987544832613452e-05,0.007486847430190206,64,Bacteroidota,Bacteroidaceae,Bacteroides
KX014141.1.1442,0.015337423312883436,3.268108410529053e-05,0.00390785684903332,52,Cyanobacteriota,Cyanobiaceae,Cyanobium_PCC-6307
HQ772504.1.1405,0.015337423312883436,4.0820818181066604e-05,0.00788218211989214,65,Fusobacteriota,Fusobacteriaceae,
955067ff3611dcc13ed433849d69870d,0.015337423312883436,3.575781210901312e-05,0.009437751004016065,58,Bacillota,Mycoplasmataceae,Malacoplasma
288a1734edef6ecef620fe0821878619,0.015337423312883436,0.0001802940658021806,0.0498793242156074,292,Campylobacterota,Campylobacteraceae,Campylobacter
4c70e0645fdca9420418aec1bd7f0627,0.015337423312883436,3.068441131069682e-05,0.0049362402303578775,49,Campylobacterota,Helicobacteraceae,Incertae_Sedis
FJ503238.1.1390,0.015337423312883436,0.00011682263467791062,0.014401622718052738,186,Bacteroidota,Barnesiellaceae,Barnesiella
20003ad708c4341bfb9325715e8a3a6e,0.015337423312883436,1.7556390563651955e-05,0.0022624434389140274,28,Pseudomonadota,Methylomonadaceae,
AY169416.1.1303,0.012269938650306749,0.00016668643107603049,0.027737528462016145,265,Bacteroidota,Tannerellaceae,Parabacteroides
KU361226.1.1200,0.012269938650306749,1.0716092607587603e-05,0.0016369961121342337,17,Bacillota,Bacillaceae,Bacillus
5730767d52609a76f4fe770bf14c0917,0.012269938650306749,9.884287397919665e-06,0.0012140833670578712,16,Bacteroidota,Prevotellaceae,Prevotellaceae_Ga6A1_group
MH447042.1.1230,0.012269938650306749,2.9719853674947194e-05,0.004770794440987347,47,Bacillota,Staphylococcaceae,Staphylococcus
JX095969.1.1221,0.012269938650306749,1.1948785130088207e-05,0.002489110143123833,19,Bacillota,Peptostreptococcaceae,Romboutsia
EU469931.1.1279,0.012269938650306749,2.7277061914885457e-05,0.003821399839098954,44,Bacillota,Clostridiaceae,Sarcina
GQ175468.1.1444,0.012269938650306749,1.0724412607912154e-05,0.001441218859378217,17,Cyanobacteriota,Gastranaerophilaceae,
be8b0bae43af1dafd779699064f27bec,0.012269938650306749,7.448154018746779e-06,0.0016184503338053813,12,Pseudomonadota,Anaplasmataceae,Neorickettsia
KP896654.1.1291,0.012269938650306749,2.2023596612366477e-05,0.0034965034965034965,35,Campylobacterota,Sulfurovaceae,Sulfurovum
a9f73cd1c850d7f999159ba5feabd9d6,0.012269938650306749,4.005816549993436e-05,0.011847389558232932,65,Bacillota,Mycoplasmataceae,
EU767216.1.1327,0.012269938650306749,6.991903964568381e-06,0.001241978886358932,11,Pseudomonadota,Incertae_Sedis,Incertae_Sedis
61ae007cd63dc30c60001aaa869e2ffc,0.012269938650306749,1.4476735071006088e-05,0.0016559718484785758,23,Bacillota,Lachnospiraceae,Enterocloster
KC294021.1.1310,0.012269938650306749,1.0374253583796667e-05,0.00167259042441982,14,Pseudomonadota,Rhizobiaceae,
KX508703.1.1428,0.012269938650306749,6.618730282026986e-05,0.01851090086384204,105,Pseudomonadota,Paracoccaceae,Rubellimicrobium
KP214597.3.1209,0.012269938650306749,1.8705159384476603e-05,0.0036217303822937627,30,Pseudomonadota,Rhizobiaceae,Agrobacterium
MG572015.1.1234,0.012269938650306749,1.3134064326622306e-05,0.0016369961121342337,21,Pseudomonadota,Rhizobiaceae,Pseudochrobactrum
AM406458.1.1481,0.012269938650306749,1.4265408003633725e-05,0.001762114537444934,22,Bacillota,Oscillospiraceae,
LT635479.2887212.2888725,0.012269938650306749,8.773061610628275e-06,0.0014198782961460446,14,Bacillota,Lachnospiraceae,Sellimonas
AY212778.1.1210,0.012269938650306749,8.284443102904292e-06,0.0018629683295383979,13,Bacillota,Oscillospiraceae,UCG-005
EU537172.1.1382,0.009202453987730062,1.1227426507226993e-05,0.0022132796780684103,18,Pseudomonadota,Comamonadaceae,
KJ959624.1.1501,0.009202453987730062,1.620039927916433e-05,0.0032193158953722333,26,Pseudomonadota,Comamonadaceae,Aquabacterium
EU705816.1.1232,0.009202453987730062,3.8737380423513754e-05,0.008798854102721507,62,Pseudomonadota,Comamonadaceae,Delftia
DQ799850.1.1386,0.009202453987730062,1.5618463745156624e-05,0.003678724708767627,25,Bacillota,Ruminococcaceae,Fournierella
JN594631.1.1392,0.009202453987730062,1.1358175540856535e-05,0.0016594067620825555,18,Pseudomonadota,Alteromonadaceae,
fc52caa7528d00b1f9ee139319dea276,0.009202453987730062,1.634972459614677e-05,0.0043192102015631425,26,Pseudomonadota,,
AB058250.1.1257,0.009202453987730062,6.683896158307959e-05,0.012860402406139806,106,Cyanobacteriota,Cyanobiaceae,Synechococcus_CC9902
3891a19987c6a02777c313d88e00d0be,0.009202453987730062,1.7868627539006523e-05,0.0050170579971904475,29,Bacillota,Sporomusaceae,Anaerosporomusa
3e438fc0df6bc45da9e7806ef1932a1f,0.009202453987730062,1.2571971647198598e-05,0.0022114108801415304,19,Bacillota,Lachnospiraceae,Lachnospira
EU775601.1.1268,0.009202453987730062,1.6432347226042713e-05,0.003524229074889868,25,Bacillota,Lachnospiraceae,Epulopiscium
2364810cd370c6c4d7b0afc6662bb4d8,0.009202453987730062,2.8034770632084333e-05,0.008072862761333057,44,Bacillota,Incertae_Sedis,Incertae_Sedis
EF071237.1.1250,0.009202453987730062,4.718584834134483e-05,0.005558987029030266,75,Bacillota,Acidaminococcaceae,Phascolarctobacterium
f21ed7dc4ea6acf7bd4cc247cf9d587a,0.009202453987730062,2.1739847639181623e-05,0.006272764063132335,35,Bacillota,Ruminococcaceae,Fournierella
MG755760.1.1200,0.009202453987730062,9.29940937131478e-06,0.0018108651911468814,15,Bacillota,Bacillaceae,Peribacillus
7b071d792fea09d90d9773096db4f8c3,0.009202453987730062,7.539185048180239e-06,0.001451980916822236,12,Bacillota,Lachnospiraceae,
EU467577.1.1369,0.009202453987730062,2.3162162041963218e-05,0.00373366521468575,37,Bacillota,Lachnospiraceae,Blautia
KF580866.1.1360,0.009202453987730062,8.121114363694954e-06,0.0012340600575894694,13,Pseudomonadota,Rhizobiaceae,Shinella
KC002024.1.1313,0.009202453987730062,2.060350375633226e-05,0.003822937625754527,33,Cyanobacteriota,Cyanobiaceae,Prochlorococcus_MIT9313
a3619e4bd3465b6a2aa9638acd081cd2,0.009202453987730062,1.4390660860044093e-05,0.0034786167382852467,23,Pseudomonadota,Rhizobiaceae,
943c2b9555821bc4e0459be805be9d4b,0.009202453987730062,2.356359275167754e-05,0.006879805746661271,38,Thermodesulfobacteriota,Desulfovibrionaceae,Desulfovibrio
DQ057389.1.1363,0.006134969325153374,7.58125030464808e-06,0.0018629683295383979,12,Bacillota,Peptostreptococcaceae,
FJ367839.1.1353,0.006134969325153374,6.97774584817056e-06,0.0018629683295383979,11,Bacillota,Erysipelatoclostridiaceae,Thomasclavelia
FJ545463.1.1526,0.006134969325153374,1.8948763693033676e-05,0.0053475935828877,30,Pseudomonadota,Halieaceae,Seongchinamella
8b89d3fce643e005ff94eae4ff40b75b,0.006134969325153374,1.260313562570895e-05,0.0035001029442042414,20,Methanobacteriota,Methanobacteriaceae,Methanobrevibacter
KX212255.1.1200,0.006134969325153374,9.466796618751318e-06,0.001841620626151013,15,Pseudomonadota,Yersiniaceae,Serratia
cb3f260d74cc20477ad7bf268894361e,0.006134969325153374,1.0050084110687543e-05,0.00267379679144385,16,Pseudomonadota,Halomonadaceae,Halomonas
GU066861.1.1272,0.006134969325153374,4.615500141617563e-05,0.009412727644771844,74,Pseudomonadota,Enterobacteriaceae,Klebsiella
cc71afec2b00c234459733299a21d5f5,0.006134969325153374,2.2172460329223382e-05,0.0036217303822937627,36,Pseudomonadota,,
e56acb09bca8725f6d206127a3189941,0.006134969325153374,6.9787167651981595e-06,0.0020742584526031943,11,Bacillota,,
eb2a6f290f9640aa35652863ce0c2684,0.006134969325153374,1.7621004709395945e-05,0.005141916906622789,28,Pseudomonadota,Sphingomonadaceae,Croceibacterium
EF444719.1.1219,0.006134969325153374,2.7777502883793315e-05,0.008853118712273641,45,Pseudomonadota,Hydrogenophilaceae,Hydrogenophilus
6002421ea9f083767028447e83574ee2,0.006134969325153374,2.0836128293645108e-05,0.006170300287947347,33,Actinomycetota,Incertae_Sedis,Incertae_Sedis
EU132593.1.1277,0.006134969325153374,6.952295845434022e-06,0.0016594067620825555,11,Actinomycetota,,
HE616180.1.1444,0.006134969325153374,1.3982359025130004e-05,0.0043559427504667085,22,Actinomycetota,Mycobacteriaceae,Mycobacterium
5d6d106cf5de9268d7e4703d6a6a6241,0.006134969325153374,1.0485340850724422e-05,0.003218020917135961,17,Actinomycetota,Atopobiaceae,Olsenella
2eb3b8061af5d60205d652aed9c222ed,0.006134969325153374,9.372388887232583e-06,0.002448479902060804,15,Bacillota,Selenomonadaceae,Megamonas
KY795327.1.1204,0.006134969325153374,1.2539428944028747e-05,0.003683241252302026,20,Bacillota,Enterococcaceae,Enterococcus
DI249699.1.1228,0.006134969325153374,9.245878561187705e-06,0.0028101164191087916,15,Bacillota,Exiguobacteraceae,Exiguobacterium
EU773969.1.1385,0.006134969325153374,8.0999035956692e-06,0.0018108651911468814,13,Bacillota,Lachnospiraceae,Mediterraneibacter
MG561907.1.1276,0.006134969325153374,2.7318507489704555e-05,0.008053318522632602,33,Bacillota,Paenibacillaceae,Paenibacillus
LC190799.1.1211,0.006134969325153374,8.554517069923665e-06,0.00258732212160414,13,Actinomycetota,Micrococcaceae,Rothia
KC836753.1.1477,0.006134969325153374,1.7102146227826187e-05,0.004770794440987347,27,Pseudomonadota,Rhodocyclaceae,Dechloromonas
HM057714.1.1504,0.006134969325153374,7.556095036178293e-06,0.0022624434389140274,12,Pseudomonadota,Paracoccaceae,Ascidiaceihabitans
JQ196333.1.1311,0.006134969325153374,8.0999035956692e-06,0.0018108651911468814,13,Pseudomonadota,SAR116_clade,
087eb6a26342b22cd8733d62442e6a62,0.006134969325153374,8.783229737134187e-06,0.0016187778227438284,14,Deinococcota,Deinococcaceae,Deinococcus
EA273498.76.1346,0.006134969325153374,1.2704049782898028e-05,0.003318813524165111,20,Pseudomonadota,Caulobacteraceae,Caulobacter
EU802571.1.1254,0.006134969325153374,7.539929859282389e-06,0.001451980916822236,12,Actinomycetota,Actinomarinaceae,Candidatus_Actinomarina
3a730178fb4cb3b40dd3fda590373475,0.006134969325153374,1.4466454459934112e-05,0.004113533525298231,23,Pseudomonadota,Xanthobacteraceae,Pseudolabrys
DQ456474.1.1446,0.003067484662576687,1.4293384772946476e-05,0.004659643435980551,23,Bacillota,Ruminococcaceae,
d2ef7dbb878e42f09d78a90e19f54bf6,0.003067484662576687,6.789201466467517e-06,0.0022132796780684103,11,Pseudomonadota,Incertae_Sedis,Incertae_Sedis
06dafa84b8565aab4ca0bf46d4cc3c63,0.003067484662576687,8.271582786454457e-06,0.0026965359883841526,13,Pseudomonadota,Stappiaceae,Incertae_Sedis
FN667181.1.1433,0.003067484662576687,1.7852108210861717e-05,0.005819787276740919,29,Bacillota,Clostridiaceae,
7199770f7f8dd84f0be92fc3156bb6f9,0.003067484662576687,2.4623597532223057e-05,0.008027292795504716,40,Bacillota,Sedimentibacteraceae,Sedimentibacter
EU777245.1.1203,0.003067484662576687,9.943224189875809e-06,0.0032414910858995136,16,Bacillota,Erysipelotrichaceae,Turicibacter
KX212257.1.1200,0.003067484662576687,1.4293384772946476e-05,0.004659643435980551,23,Pseudomonadota,Enterobacteriaceae,
