FeatureID,t,p,FDR,Family,Genus
6718eb07f4a1ded94863a63d5e19474e,-14.447056275171619,5.645355366405476e-31,3.669480988163559e-29,Veillonellaceae,Veillonella
da821e0a5e2bb6359d37fc6ddafd82c1,-12.554018845720197,1.1422021944454428e-22,3.712157131947689e-21,Micrococcaceae,Rothia
8e450566af04da60335f56e9098b4eec,-9.958715103706991,4.528730836732684e-16,9.81225014625415e-15,Mycoplasmataceae,
8ef7520d749a002ff44b11ee16c27f1b,-9.10343968327011,5.305900310324718e-15,8.622088004277666e-14,Prevotellaceae,Prevotella
bf0a5e99cb2470e070686ca4a5cd102d,-8.3775250299167,3.396114591632975e-14,4.414948969122867e-13,Streptococcaceae,Streptococcus
5a64a6f1f4e7afd3bbbf171c5c35b46f,-6.821712153770941,2.7859133257426733e-10,3.018072769554563e-09,Pasteurellaceae,
da6858e27b2e7bb754853591e2b46704,-5.376451136186983,3.2262908202901027e-07,2.995841475983667e-06,Gemellaceae,Gemella
9eb9acee9f8012d509191f395cd33680,5.1272356987737275,8.301216187943626e-07,6.744738152704196e-06,,
816bc6359bb36d4bd2ac7c129451f617,4.972266576174992,1.7506255452873585e-06,1.2643406715964256e-05,Oscillospiraceae,Mageeibacillus
5c1b884fe5810b2c1045bf75572ef12f,4.8430854131156895,3.1593509285862697e-06,1.9193839234512133e-05,Paludibacteraceae,H1
0c9e3ed50197a5f104e61cd0520fbb29,4.828691175650425,3.2481881781482072e-06,1.9193839234512133e-05,,
8ad1796f811039f7bae012f206c4d408,-4.668377498883538,6.7391874233366156e-06,3.650393187640667e-05,,
b81519f9ff85d250b3ff11b93ec54bc8,4.597447869709408,9.428405915369597e-06,4.714202957684799e-05,Incertae_Sedis,Incertae_Sedis
e616d0c9166d972025919a91afbfac62,4.400024772926248,1.9787474685380825e-05,9.187041818212527e-05,Peptococcaceae,Peptococcus
84b87a5527ad7573a01f9a340b45b8b2,4.225548859045548,4.072596217547146e-05,0.00017647916942704298,Actinomycetaceae,Varibaculum
04c4a458a5a1e0ab867bff0b2b936680,4.197451706620904,4.448596454046188e-05,0.0001807242309456264,Clostridiaceae,Candidatus_Arthromitus
c51976b33e301cd0c39ff6780038cb3d,4.063078977333248,7.663143761531243e-05,0.0002930025555879593,Comamonadaceae,
ed995199585e2404bfe5f588a06291fc,-4.025413173815359,0.000134891517647865,0.0004871082581728458,Actinomycetaceae,Schaalia
5bd5c3944af33f3c41fe9dd472376f6a,3.871230892973856,0.0001579407648016014,0.0005403236690581101,Lachnospiraceae,Lachnospiraceae_UCG-010
736f2237cf9ec2cfcaa5645263c92bca,3.6016330031502672,0.0004292490066438417,0.0013950592715924856,Sphingobacteriaceae,
f8bb29a5251534049b2e1c111bc39f14,3.5899779536994436,0.0004673551968380887,0.0014465756092607509,Pasteurellaceae,Psittacicella
e5eb02f3feb9b1b80a85843d37566c6a,3.511468390098674,0.0005768720529773108,0.0017043947019784182,Sphingobacteriaceae,Pedobacter
0775e59cd173135c46460efc24f0c35a,3.353449792892728,0.000993143620871236,0.0028067102328969717,Ruminococcaceae,
4966214a7565ba69a46597265edc5fc6,3.300830364819698,0.0012109773005245202,0.0032797301889205756,Sphingobacteriaceae,Sphingobacterium
463b2f0461c807f6f6a2ebd7bcff9c7a,-3.098424341355135,0.0025639642500214807,0.00666630705005585,Staphylococcaceae,Staphylococcus
024cc2ba42a565cbc58e93e2c896bb5a,3.002637849023094,0.0031008133135722498,0.007752033283930624,Fusobacteriaceae,Cetobacterium
af35970d0e82e7e56bc4c9a97b1aa275,2.8432592827706986,0.005320026088047144,0.012380520215093994,Campylobacteraceae,Campylobacter
63d393fc0e99dd18542fb1d4b2af0cbf,2.830343793177062,0.005333147169578951,0.012380520215093994,Flavobacteriaceae,Flavobacterium
da6b37f3a4a6331d6ee5af6f86f9df0a,2.8107022329339477,0.005692680624189002,0.012759456571458107,Caulobacteraceae,Brevundimonas
adc4c72e3b695adcbeb1d03eb1f48da5,2.779515598931587,0.0060937307661036175,0.013203083326557837,Fusibacteraceae,Fusibacter
d27439ff64e05809b9e00cfa519cdcac,-2.76211808246861,0.006552632274596803,0.013739390253186844,Leptotrichiaceae,
4c9ad755e11e8a1a091959f1e73c9d0c,2.657191845826915,0.008669184081970902,0.017609280166503396,Actinomycetaceae,Arcanobacterium
32018bce7db6443bd285f8b95338da67,-2.4911204654106593,0.013978437674608159,0.027533286328773648,Prevotellaceae,Incertae_Sedis
5d53bfb2037f7206f04684269c8aef31,2.3477787224725195,0.020162103904134858,0.03854519864025782,Desulfovibrionaceae,Desulfovibrio
c3a9c5579756dc8a0872e12edba0ef72,2.202358937376426,0.02928094439456944,0.05437889673277182,Leptotrichiaceae,Incertae_Sedis
9ccfad1833dbe06085dda16682bdb9ef,2.1427992262613618,0.0336570243006054,0.06076962720942642,,
a6eadb2d1940643ea760afffa030334d,2.117010291294932,0.03616215802156933,0.06352811544329748,Lysobacteraceae,Stenotrophomonas
e9165b84ab328cc9b6c9240b83c34296,1.9036528273701285,0.05897512745147862,0.10087850748279238,Family_XI,Parvimonas
13b2a473a55c51abc0b42dce9ecb578e,1.68675888147483,0.09415252999546692,0.1569208833257782,Pseudomonadaceae,Pseudomonas
4ce32c4ee3d941f584c8b7a108fe68db,1.6234270553504653,0.10650508308197183,0.17307076000820423,Oscillospiraceae,UCG-005
9265d5145416b3be7b9362ccc8e3dece,1.424560034062738,0.15660109296770544,0.2482700254366062,Lachnospiraceae,Caecibacterium
8e7f285d81ef2b399b0301d21e6061e5,1.4073322932802925,0.161441612114748,0.24985011398711002,,
172051db4ee13abc3ac82deb1739a056,1.3477317294789035,0.17994840917278201,0.2720150371216472,Family_XI,Peptoniphilus
0daf4b3d162fbc5fc14a1ca8f4d2c33b,-1.302296282197125,0.1950918537732387,0.28820387489228444,Fusobacteriaceae,Fusobacterium
2c4bfc1c3d5e6ce1ac21afc5c61b24d6,1.2467259681170237,0.21467257723646388,0.31008261156378114,Weeksellaceae,Elizabethkingia
c4abcba67bae771e7b6acab924c3a033,1.2104639634663428,0.22839844654680574,0.3227369353378777,Erysipelatoclostridiaceae,Thomasclavelia
408c8c2da176e400b44ff317ac0876d3,1.0882229123176335,0.27836587932309925,0.3825003621583959,Prevotellaceae,Prevotellaceae_Ga6A1_group
30d3ed513d2487ebacec1d3806b5ccae,-1.0805805609922199,0.28246180590158465,0.3825003621583959,Corynebacteriaceae,Lawsonella
cafeeea8a015957c63e8db16e70ed374,1.0563248340444293,0.29274867035267155,0.38834007291680916,Lachnospiraceae,
ca53da738ef5a0dbe50fe54061231539,1.0227779534428354,0.30826142597774986,0.40073985377107485,Oscillospiraceae,
a13d2ac851c652f379103eb69ff1bc14,0.8894741356328862,0.37534425177347663,0.47837992873090157,Bacteroidaceae,Bacteroides
03d08b31a3d27b70b8d57b623e6fda2f,-0.8332785209657833,0.4065579934265656,0.5081974917832071,Anaerovoracaceae,Incertae_Sedis
eb04e82f5de40a4c6ab43c4b470e4cba,0.6416427496346976,0.5221164908277005,0.6392004348166295,,
e56b0756bf4106b0b7f14fa46e828c2a,0.6279754808889629,0.5310280535399691,0.6392004348166295,Veillonellaceae,
98fcf59486d130abe9a9055704400056,0.5758591168355943,0.5657646659389668,0.6536163251113355,Clostridiaceae,Clostridium
7333e261c60fccfd1cc66224d4914029,-0.5726905119099697,0.5679422435220621,0.6536163251113355,Halomonadaceae,Halomonas
977711915cab8af85bbf09f4af3954f1,0.564626905789746,0.5731712389437865,0.6536163251113355,Selenomonadaceae,Megamonas
acc07901cb94b7ff01d72de31d9c9e9b,0.5027209811733109,0.6160200410561151,0.6903672873904737,Helicobacteraceae,Helicobacter
6e37ae39569a812f7c984ba534ac91de,0.40211445808576324,0.6882684090283122,0.7582618065566151,Enterobacteriaceae,Escherichia-Shigella
c465f577ff4ace3e12a8479197bd7198,0.37063394100718555,0.7113926986405573,0.7706754235272704,Porphyromonadaceae,Porphyromonas
5702680e7007498a309e6e376da0f72f,0.2983914528415254,0.7658562427914045,0.8160763242859229,Leptotrichiaceae,Oceanivirga
2e73689583c6009968e1d3c321a448f5,0.27786490282120574,0.7816151732132594,0.8194352622397073,Alicyclobacillaceae,Tumebacillus
282df84e87013a21e2f3d41c9042f9d6,-0.23932144396698216,0.8113068327315434,0.8370626051992115,Prevotellaceae,
00b629e3b3acc8ca9d9839c41326c6e7,-0.19132089787461082,0.848526329004265,0.8617845528949566,Moraxellaceae,Moraxella
1458f1e7144a7686e3d054d148cb3855,-0.026780940748846398,0.9786794825662689,0.9786794825662689,Beijerinckiaceae,Methylobacterium
