FeatureID,t,p,FDR,mean_clr_Pos,mean_clr_Neg,direction,prevalence,Phylum,Family,Genus
da821e0a5e2bb6359d37fc6ddafd82c1,-5.834858258661945,2.5294186541833375e-08,1.7705930579283362e-06,-0.3826811829105426,1.2506022358213211,Pos↓,0.38076923076923075,Actinomycetota,Micrococcaceae,Rothia
6718eb07f4a1ded94863a63d5e19474e,-5.130454262715637,6.626411902740411e-07,2.319244165959144e-05,0.6873840038976704,2.4768941707495675,Pos↓,0.5615384615384615,Bacillota,Veillonellaceae,Veillonella
04c4a458a5a1e0ab867bff0b2b936680,4.829562716117427,2.502714799793426e-06,3.6350262576814684e-05,-0.19822483915267913,-1.115406553062262,Pos↑,0.2153846153846154,Bacillota,Clostridiaceae,Candidatus_Arthromitus
8e450566af04da60335f56e9098b4eec,-4.842264182072798,2.6765239196892927e-06,3.6350262576814684e-05,-0.5054483819497504,0.7664443006544551,Pos↓,0.36153846153846153,Bacillota,Mycoplasmataceae,
0c9e3ed50197a5f104e61cd0520fbb29,4.7678962381861085,3.1145990458079754e-06,3.6350262576814684e-05,0.5109331698273634,-0.5688149918395311,Pos↑,0.4230769230769231,,,
8ef7520d749a002ff44b11ee16c27f1b,-4.813494314349155,3.115736792298402e-06,3.6350262576814684e-05,-0.2887456616633776,1.0787766800694694,Pos↓,0.40384615384615385,Bacteroidota,Prevotellaceae,Prevotella
9eb9acee9f8012d509191f395cd33680,4.420974676875095,1.451527316132658e-05,0.0001451527316132658,0.2147089387729089,-0.7727225805653873,Pos↑,0.31153846153846154,Actinomycetota,,
84b87a5527ad7573a01f9a340b45b8b2,4.353806504344014,1.932920135093272e-05,0.0001691305118206613,0.2363717167509701,-0.6194784613667921,Pos↑,0.41923076923076924,Actinomycetota,Actinomycetaceae,Varibaculum
f8bb29a5251534049b2e1c111bc39f14,3.921318221658874,0.00011733821853250491,0.0009126305885861493,3.071258148900782,1.7434969573384995,Pos↑,0.7576923076923077,Pseudomonadota,Pasteurellaceae,Psittacicella
463b2f0461c807f6f6a2ebd7bcff9c7a,-3.8771357848123205,0.00014920416517167812,0.0010444291562017468,-0.14925074156872106,0.7493530081396981,Pos↓,0.49230769230769234,Bacillota,Staphylococcaceae,Staphylococcus
5c1b884fe5810b2c1045bf75572ef12f,3.6239076397250303,0.00035178429805852855,0.002238627351281545,-1.0032211097927732,-1.3695650762221185,Pos↑,0.1,Bacteroidota,Paludibacteraceae,H1
ed995199585e2404bfe5f588a06291fc,-3.589580429482811,0.00045664420747106325,0.0026637578769145354,-1.2912735365529964,-0.8161857560201545,Pos↓,0.12307692307692308,Actinomycetota,Actinomycetaceae,Schaalia
5a64a6f1f4e7afd3bbbf171c5c35b46f,-3.4922825481790527,0.0005833986874520413,0.0031413775478186844,0.2091985713477303,1.2927849322033371,Pos↓,0.49230769230769234,Pseudomonadota,Pasteurellaceae,
b81519f9ff85d250b3ff11b93ec54bc8,3.225793356778246,0.001424644073788417,0.007123220368942086,1.0418391462124408,0.21609873956501582,Pos↑,0.5615384615384615,Bacillota,Incertae_Sedis,Incertae_Sedis
816bc6359bb36d4bd2ac7c129451f617,3.0404783575396674,0.0026071461471941135,0.012101549971841633,-0.7746319408311199,-1.1724497509622311,Pos↑,0.17307692307692307,Bacillota,Oscillospiraceae,Mageeibacillus
0775e59cd173135c46460efc24f0c35a,3.021791200278887,0.002766068564992373,0.012101549971841633,0.1237667237849194,-0.5421438028170811,Pos↑,0.36153846153846153,Bacillota,Ruminococcaceae,
da6858e27b2e7bb754853591e2b46704,-2.9775157644494237,0.0032215601876564907,0.013265247831526725,-0.527853016821121,0.13595222522508882,Pos↓,0.3423076923076923,Bacillota,Gemellaceae,Gemella
30d3ed513d2487ebacec1d3806b5ccae,-2.8944781603682834,0.004310188931689392,0.016761845845458746,-1.167827594262482,-0.7928040944417175,Pos↓,0.16538461538461538,Actinomycetota,Corynebacteriaceae,Lawsonella
bf0a5e99cb2470e070686ca4a5cd102d,-2.741774117207609,0.006658470107221192,0.024531205658183338,1.0118066712631992,1.8922830507035462,Pos↓,0.5923076923076923,Bacillota,Streptococcaceae,Streptococcus
4c9ad755e11e8a1a091959f1e73c9d0c,2.445573250615508,0.015134210143231385,0.05296973550130985,-0.5778189932163957,-0.9972836599854839,Pos↑,0.19615384615384615,Actinomycetota,Actinomycetaceae,Arcanobacterium
7333e261c60fccfd1cc66224d4914029,-2.3985318682044134,0.017345016309725313,0.05781672103241771,-0.5889255958701521,-0.17019960090481934,Pos↓,0.3769230769230769,Pseudomonadota,Halomonadaceae,Halomonas
c51976b33e301cd0c39ff6780038cb3d,2.2546244701115588,0.02502264583034096,0.07961750946017578,-0.8093038597254627,-1.106342924000479,Pos↑,0.2,Pseudomonadota,Comamonadaceae,
03d08b31a3d27b70b8d57b623e6fda2f,-2.1323283241268793,0.034228661249241926,0.10104555482814098,-1.077446721698298,-0.769461792015326,Pos↓,0.17307692307692307,Bacillota,Anaerovoracaceae,Incertae_Sedis
e616d0c9166d972025919a91afbfac62,2.124002900800294,0.034644190226791195,0.10104555482814098,-0.10281668426896369,-0.5202427671086599,Pos↑,0.3576923076923077,Bacillota,Peptococcaceae,Peptococcus
4966214a7565ba69a46597265edc5fc6,1.881717973803227,0.06108858558552916,0.17104803963948165,-0.2654347559219506,-0.6090492954885595,Pos↑,0.3576923076923077,Bacteroidota,Sphingobacteriaceae,Sphingobacterium
acc07901cb94b7ff01d72de31d9c9e9b,1.8470407637102901,0.0659964846021147,0.17508132747732813,0.11345847029166636,-0.34786976612092013,Pos↑,0.36923076923076925,Campylobacterota,Helicobacteraceae,Helicobacter
a6eadb2d1940643ea760afffa030334d,1.8371143650908035,0.06753136916982656,0.17508132747732813,0.20808555341090115,-0.1626430578340794,Pos↑,0.5038461538461538,Pseudomonadota,Lysobacteraceae,Stenotrophomonas
af35970d0e82e7e56bc4c9a97b1aa275,1.8050404751188378,0.0726255175610776,0.181563793902694,5.9435658316287014,5.475270924557147,Pos↑,0.9807692307692307,Campylobacterota,Campylobacteraceae,Campylobacter
32018bce7db6443bd285f8b95338da67,-1.7787746623447886,0.07657414767191265,0.1848341495528926,-0.9968627320908093,-0.6946600949604086,Pos↓,0.16923076923076924,Bacteroidota,Prevotellaceae,Incertae_Sedis
172051db4ee13abc3ac82deb1739a056,-1.638858790560951,0.10277702328088073,0.23269101769574316,-1.0637509357341899,-0.8371661738973484,Pos↓,0.16153846153846155,Bacillota,Family_XI,Peptoniphilus
63d393fc0e99dd18542fb1d4b2af0cbf,1.6363481221444207,0.10304887926525767,0.23269101769574316,3.3707040434073257,2.9835517664963955,Pos↑,0.9346153846153846,Bacteroidota,Flavobacteriaceae,Flavobacterium
9265d5145416b3be7b9362ccc8e3dece,1.5898612742821614,0.11322843841573134,0.2476872090344123,1.6048986484044974,1.0937533892055649,Pos↑,0.6115384615384616,Bacillota,Lachnospiraceae,Caecibacterium
736f2237cf9ec2cfcaa5645263c92bca,1.533925237575365,0.1263497287367916,0.2680145761083458,-0.5492222981685866,-0.7918402029280395,Pos↑,0.2846153846153846,Bacteroidota,Sphingobacteriaceae,
8ad1796f811039f7bae012f206c4d408,-1.501867203907768,0.13454776408328104,0.2759351344969056,0.6790563679384034,1.1187313497030784,Pos↓,0.5461538461538461,Bacillota,,
5bd5c3944af33f3c41fe9dd472376f6a,1.4883554842190587,0.1379675672484528,0.2759351344969056,-0.8240644698532805,-1.0397779495380561,Pos↑,0.17692307692307693,Bacillota,Lachnospiraceae,Lachnospiraceae_UCG-010
e5eb02f3feb9b1b80a85843d37566c6a,1.4275443298386536,0.1546843889429493,0.30077520072240144,-0.8833239349081488,-1.0835542483876928,Pos↑,0.16923076923076924,Bacteroidota,Sphingobacteriaceae,Pedobacter
da6b37f3a4a6331d6ee5af6f86f9df0a,1.2474478342125488,0.2134942810073124,0.40390809920302345,0.9039142356309263,0.6323177670623852,Pos↑,0.6807692307692308,Pseudomonadota,Caulobacteraceae,Brevundimonas
98fcf59486d130abe9a9055704400056,1.1837161385345043,0.23764362746833217,0.43776457691534876,-0.943865443630632,-1.129160196387941,Pos↑,0.1076923076923077,Bacillota,Clostridiaceae,Clostridium
c465f577ff4ace3e12a8479197bd7198,1.151746246959583,0.2505009594811637,0.44961710676106303,2.8070847034385675,2.4335414095835843,Pos↑,0.7692307692307693,Bacteroidota,Porphyromonadaceae,Porphyromonas
81d6cbdbc40e34b1d58319f78d4860c3,-1.1289183779599676,0.2602481304347399,0.45465123337090163,-1.1534571402042033,-0.9908510664143485,Pos↓,0.10384615384615385,Actinomycetota,Atopobiaceae,Atopobium
a13d2ac851c652f379103eb69ff1bc14,-1.114549137126366,0.2662957224029567,0.45465123337090163,1.1331197788938925,1.4857348547112006,Pos↓,0.6461538461538462,Bacteroidota,Bacteroidaceae,Bacteroides
0daf4b3d162fbc5fc14a1ca8f4d2c33b,-1.074208153319343,0.28379384998248414,0.4729897499708069,1.7124869521897235,2.1032011243226405,Pos↓,0.6423076923076924,Fusobacteriota,Fusobacteriaceae,Fusobacterium
1458f1e7144a7686e3d054d148cb3855,-0.9726237053486134,0.33185441213260375,0.5371104771220688,-1.0028074450655249,-0.8665177042520255,Pos↓,0.18461538461538463,Pseudomonadota,Beijerinckiaceae,Methylobacterium
c3a9c5579756dc8a0872e12edba0ef72,-0.9612991009027826,0.33761229990530045,0.5371104771220688,-0.4753129403032689,-0.21434229290077558,Pos↓,0.24615384615384617,Fusobacteriota,Leptotrichiaceae,Incertae_Sedis
e56b0756bf4106b0b7f14fa46e828c2a,0.9079870933768563,0.36477378601560456,0.5674258893576071,1.1147800791520606,0.8089418174046763,Pos↑,0.49230769230769234,Bacillota,Veillonellaceae,
e9165b84ab328cc9b6c9240b83c34296,0.6911396574576851,0.49015572912256655,0.7458891530126013,0.8310243428445049,0.6283930539393221,Pos↑,0.5076923076923077,Bacillota,Family_XI,Parvimonas
13b2a473a55c51abc0b42dce9ecb578e,0.6474992344018184,0.5179733152972408,0.76792821735451,0.7945699123532758,0.6549205533351335,Pos↑,0.6807692307692308,Pseudomonadota,Pseudomonadaceae,Pseudomonas
1683506dd97567bf85f5261af480556e,-0.6280536000427018,0.5306902246247498,0.76792821735451,-1.0541981904876931,-0.9659351451587508,Pos↓,0.1423076923076923,Bacillota,Acidaminococcaceae,Phascolarctobacterium
cafeeea8a015957c63e8db16e70ed374,0.5920350056130297,0.5544010262311844,0.76792821735451,3.504535166097107,3.3570538228556788,Pos↑,0.9153846153846154,Bacillota,Lachnospiraceae,
5d53bfb2037f7206f04684269c8aef31,0.5786814439714737,0.5633982737122145,0.76792821735451,-1.0249735918691325,-1.106693265114981,Pos↑,0.1076923076923077,Thermodesulfobacteriota,Desulfovibrionaceae,Desulfovibrio
d27439ff64e05809b9e00cfa519cdcac,-0.5686786958175459,0.5700830453516449,0.76792821735451,1.7317995028588402,1.9101221132484592,Pos↓,0.6884615384615385,Fusobacteriota,Leptotrichiaceae,
ef4b9171648179be3a8fb9699fbb94bd,0.568212656709409,0.5704609614633502,0.76792821735451,-1.001587456975868,-1.0855213475924625,Pos↑,0.13076923076923078,Bacteroidota,Tannerellaceae,Parabacteroides
f52c8cce50655f4bc6b73387b9a7e1a5,-0.5458307287171897,0.5857430948249267,0.7736229554291484,-0.8298372002435289,-0.7175877083114041,Pos↓,0.16153846153846155,Bacillota,Catellicoccaceae,Catellicoccus
8e7f285d81ef2b399b0301d21e6061e5,0.5202766668306998,0.6033442881598159,0.7821129661330947,-0.3960988605129289,-0.5169933639025133,Pos↑,0.2423076923076923,Bacteroidota,,
ca53da738ef5a0dbe50fe54061231539,0.46446571303935086,0.6427648862687648,0.8044808925138237,-0.34046713903731934,-0.44286254520843477,Pos↑,0.2846153846153846,Bacillota,Oscillospiraceae,
a50e8f12c186085277959f55303ef905,0.4632754385349316,0.643584714011059,0.8044808925138237,-0.9645767384512339,-1.033832455782625,Pos↑,0.12307692307692308,Bacillota,Ruminococcaceae,Faecalibacterium
977711915cab8af85bbf09f4af3954f1,-0.42038288717057337,0.6746058259953709,0.8284632950820344,-0.6195396189781379,-0.5267744275137157,Pos↓,0.21923076923076923,Bacillota,Selenomonadaceae,Megamonas
5702680e7007498a309e6e376da0f72f,-0.3564333990976471,0.7218367649484526,0.8664621844863232,-0.8639803688091192,-0.7987067387911271,Pos↓,0.16923076923076924,Fusobacteriota,Leptotrichiaceae,Oceanivirga
00b629e3b3acc8ca9d9839c41326c6e7,0.3450953813986099,0.730303841209901,0.8664621844863232,-1.0606863890877043,-1.1108840822305555,Pos↑,0.1,Pseudomonadota,Moraxellaceae,Moraxella
adc4c72e3b695adcbeb1d03eb1f48da5,0.2942713056446601,0.7688226486382023,0.8969597567445694,-0.49609959233008943,-0.5661832847521193,Pos↑,0.23846153846153847,Bacillota,Fusibacteraceae,Fusibacter
6e37ae39569a812f7c984ba534ac91de,-0.26333112748134174,0.7925281383390893,0.9070387743913556,-1.0810851222304056,-1.0453258516290964,Pos↓,0.12307692307692308,Pseudomonadota,Enterobacteriaceae,Escherichia-Shigella
efb1124a7b972fc805d2cdd072bb7a09,-0.24288537406751137,0.8083231747315276,0.9070387743913556,-1.1156676029155783,-1.0863409708020377,Pos↓,0.11538461538461539,Bacillota,Ruminococcaceae,Incertae_Sedis
eb04e82f5de40a4c6ab43c4b470e4cba,0.2325151886002111,0.8163348969522201,0.9070387743913556,-0.4448085719372882,-0.5034072509310524,Pos↑,0.2,Bacillota,,
d74cd6582859d0be37e097cbfddc31d1,0.1896791251675366,0.8497315078280262,0.9167112088351616,-0.9872688221408006,-1.016527512898492,Pos↑,0.12307692307692308,Bacillota,Oscillospiraceae,Colidextribacter
4ce32c4ee3d941f584c8b7a108fe68db,-0.18778277015497277,0.8512318367755072,0.9167112088351616,-0.874180892990007,-0.8422566013330892,Pos↓,0.16923076923076924,Bacillota,Oscillospiraceae,UCG-005
282df84e87013a21e2f3d41c9042f9d6,0.14818528822424465,0.8823330025584636,0.9358077299862492,-0.5719958170342735,-0.6026269914280539,Pos↑,0.25,Bacteroidota,Prevotellaceae,
9ccfad1833dbe06085dda16682bdb9ef,-0.12707949223966689,0.8989811513138143,0.9392340386860746,-0.839623287935135,-0.8202914690809279,Pos↓,0.2153846153846154,Bacillota,,
408c8c2da176e400b44ff317ac0876d3,-0.0607878801870705,0.9515813715354384,0.9722817644536333,-0.5321376760935922,-0.5194333299019506,Pos↓,0.25769230769230766,Bacteroidota,Prevotellaceae,Prevotellaceae_Ga6A1_group
024cc2ba42a565cbc58e93e2c896bb5a,0.05223554788929172,0.9583920249614385,0.9722817644536333,-0.1154475674986984,-0.13127689031852025,Pos↑,0.2846153846153846,Fusobacteriota,Fusobacteriaceae,Cetobacterium
c4abcba67bae771e7b6acab924c3a033,0.02818458759041231,0.977541783425607,0.977541783425607,-0.7425182155742536,-0.7482251537909381,Pos↑,0.18076923076923077,Bacillota,Erysipelatoclostridiaceae,Thomasclavelia
