feature,importance_mean,importance_sd,frac_folds_positive,Genus,Family,Phylum
Ruminococcaceae__0775e59c,0.019823516268677555,0.014320100412660424,0.96,,Ruminococcaceae,Bacillota
Veillonella__6718eb07,0.016474412326025235,0.007632890511783873,1.0,Veillonella,Veillonellaceae,Bacillota
Varibaculum__84b87a55,0.013116352464739564,0.010396041254512564,0.92,Varibaculum,Actinomycetaceae,Actinomycetota
Incertae_Sedis__03d08b31,0.011453372434017606,0.008364235495896495,0.92,Incertae_Sedis,Anaerovoracaceae,Bacillota
Stenotrophomonas__a6eadb2d,0.010772862263184847,0.010029475959198142,0.8,Stenotrophomonas,Lysobacteraceae,Pseudomonadota
Rothia__da821e0a,0.00998246985988922,0.007249684741910994,0.92,Rothia,Micrococcaceae,Actinomycetota
Micrococcales__9eb9acee,0.00961078992691896,0.008697092313240467,0.84,,,Actinomycetota
Bacteroides__a13d2ac8,0.0094966810966811,0.01346772513248352,0.76,Bacteroides,Bacteroidaceae,Bacteroidota
Moraxella__00b629e3,0.009320551133454365,0.00809395787266166,0.88,Moraxella,Moraxellaceae,Pseudomonadota
Fusibacter__adc4c72e,0.008445049574081839,0.009197715534324247,0.88,Fusibacter,Fusibacteraceae,Bacillota
Cetobacterium__024cc2ba,0.007983223944514272,0.010298263217138408,0.88,Cetobacterium,Fusobacteriaceae,Fusobacteriota
Psittacicella__f8bb29a5,0.007887213145277665,0.008298524281512606,0.92,Psittacicella,Pasteurellaceae,Pseudomonadota
Peptoniphilus__172051db,0.0071560396592654715,0.009636017460405254,0.84,Peptoniphilus,Family_XI,Bacillota
H1__5c1b884f,0.006764921100404974,0.010582005628380645,0.76,H1,Paludibacteraceae,Bacteroidota
Escherichia-Shigella__6e37ae39,0.006640580924451899,0.00982372842664807,0.76,Escherichia-Shigella,Enterobacteriaceae,Pseudomonadota
Clostridium__98fcf594,0.006062970721035243,0.010205461576712543,0.72,Clostridium,Clostridiaceae,Bacillota
Streptococcus__bf0a5e99,0.005989126285900484,0.004806535310195497,0.88,Streptococcus,Streptococcaceae,Bacillota
Staphylococcus__463b2f04,0.005976856118791613,0.009430783128121385,0.8,Staphylococcus,Staphylococcaceae,Bacillota
Lawsonella__30d3ed51,0.005489456779779367,0.009298530652866902,0.8,Lawsonella,Corynebacteriaceae,Actinomycetota
Flavobacterium__63d393fc,0.0053360983102918565,0.00846336980227291,0.64,Flavobacterium,Flavobacteriaceae,Bacteroidota
Oceanivirga__5702680e,0.005206488851650148,0.011061373334815851,0.64,Oceanivirga,Leptotrichiaceae,Fusobacteriota
Parabacteroides__ef4b9171,0.004971149280826702,0.007016712918183157,0.84,Parabacteroides,Tannerellaceae,Bacteroidota
Candidatus_Arthromitus__04c4a458,0.004963254666480477,0.0048752530706107945,0.84,Candidatus_Arthromitus,Clostridiaceae,Bacillota
Pasteurellaceae__5a64a6f1,0.004882344179118378,0.006324349709402293,0.76,,Pasteurellaceae,Pseudomonadota
Halomonas__7333e261,0.004611525392170555,0.007851205547185033,0.76,Halomonas,Halomonadaceae,Pseudomonadota
Mycoplasmataceae__8e450566,0.004610622352557848,0.010504475733325877,0.68,,Mycoplasmataceae,Bacillota
Peptococcus__e616d0c9,0.00460478517897873,0.005490273883338567,0.8,Peptococcus,Peptococcaceae,Bacillota
Schaalia__ed995199,0.004059377181957834,0.006710523433828236,0.76,Schaalia,Actinomycetaceae,Actinomycetota
Fusobacterium__0daf4b3d,0.003778354978354982,0.009210067746512582,0.72,Fusobacterium,Fusobacteriaceae,Fusobacteriota
Bacillota__9ccfad18,0.0035772657450076867,0.00647709717569807,0.64,,,Bacillota
unclassified__0c9e3ed5,0.0034679141646883653,0.005792157072650231,0.68,,,
Prevotella__8ef7520d,0.0032002886002886043,0.00488534801984743,0.76,Prevotella,Prevotellaceae,Bacteroidota
Veillonellaceae__e56b0756,0.003186361308941954,0.012425339818907706,0.72,,Veillonellaceae,Bacillota
Incertae_Sedis__efb1124a,0.0029242098403388784,0.002945269562315064,0.88,Incertae_Sedis,Ruminococcaceae,Bacillota
Mageeibacillus__816bc635,0.0026079877112135195,0.007629584218799971,0.72,Mageeibacillus,Oscillospiraceae,Bacillota
Methylobacterium__1458f1e7,0.0025493553041940242,0.01005615691539644,0.6,Methylobacterium,Beijerinckiaceae,Pseudomonadota
Parvimonas__e9165b84,0.002503560955173862,0.005701412161620443,0.68,Parvimonas,Family_XI,Bacillota
Catellicoccus__f52c8cce,0.002391798165991719,0.007773637243722267,0.68,Catellicoccus,Catellicoccaceae,Bacillota
Pseudomonas__13b2a473,0.002162193362193368,0.009061738282305118,0.56,Pseudomonas,Pseudomonadaceae,Pseudomonadota
Veillonellales-Selenomonadales__eb04e82f,0.0020604291765582176,0.007945578298422936,0.64,,,Bacillota
Lachnospiraceae_UCG-010__5bd5c394,0.0017789601079923733,0.004489783322016911,0.64,Lachnospiraceae_UCG-010,Lachnospiraceae,Bacillota
Caecibacterium__9265d514,0.0016404692082111494,0.015916105061138053,0.52,Caecibacterium,Lachnospiraceae,Bacillota
Thomasclavelia__c4abcba6,0.0016355630033049468,0.0048725164547144505,0.64,Thomasclavelia,Erysipelatoclostridiaceae,Bacillota
Atopobium__81d6cbdb,0.0016178094307126658,0.006944321948259596,0.56,Atopobium,Atopobiaceae,Actinomycetota
Incertae_Sedis__32018bce,0.0015036168132942394,0.004861170321806166,0.72,Incertae_Sedis,Prevotellaceae,Bacteroidota
Incertae_Sedis__c3a9c557,0.0013364241493273798,0.007430121655906207,0.6,Incertae_Sedis,Leptotrichiaceae,Fusobacteriota
Gemella__da6858e2,0.0012392496392496484,0.0038074105541716506,0.56,Gemella,Gemellaceae,Bacillota
Campylobacter__af35970d,0.0009952427500814663,0.00856356643751957,0.64,Campylobacter,Campylobacteraceae,Campylobacterota
Arcanobacterium__4c9ad755,0.0008401340594888987,0.005354424589317168,0.44,Arcanobacterium,Actinomycetaceae,Actinomycetota
UCG-005__4ce32c4e,0.0007881115300470183,0.004704812329207419,0.6,UCG-005,Oscillospiraceae,Bacillota
Lactobacillales__8ad1796f,0.0005267048363822624,0.0073641783217829795,0.6,,,Bacillota
Colidextribacter__d74cd658,0.0002887120048410383,0.005345227511260459,0.64,Colidextribacter,Oscillospiraceae,Bacillota
Megamonas__97771191,0.00015364706977610872,0.004767890536774951,0.64,Megamonas,Selenomonadaceae,Bacillota
Prevotellaceae_Ga6A1_group__408c8c2d,0.0001114276404599031,0.0056012401384874545,0.48,Prevotellaceae_Ga6A1_group,Prevotellaceae,Bacteroidota
Phascolarctobacterium__1683506d,-0.00011694828469021624,0.00497070613607193,0.56,Phascolarctobacterium,Acidaminococcaceae,Bacillota
Comamonadaceae__c51976b3,-0.000594330400782006,0.007858820317187945,0.4,,Comamonadaceae,Pseudomonadota
Pedobacter__e5eb02f3,-0.0007398966624773001,0.006213761961746759,0.52,Pedobacter,Sphingobacteriaceae,Bacteroidota
Oscillospiraceae__ca53da73,-0.0008721593818367985,0.0045366025807099765,0.44,,Oscillospiraceae,Bacillota
Faecalibacterium__a50e8f12,-0.0012539868733417087,0.003897583644135159,0.44,Faecalibacterium,Ruminococcaceae,Bacillota
Desulfovibrio__5d53bfb2,-0.0013299632267374153,0.003617371863887931,0.44,Desulfovibrio,Desulfovibrionaceae,Thermodesulfobacteriota
Brevundimonas__da6b37f3,-0.0013929898058930273,0.004955066897697181,0.4,Brevundimonas,Caulobacteraceae,Pseudomonadota
Porphyromonas__c465f577,-0.001591407159149091,0.008376099070344914,0.44,Porphyromonas,Porphyromonadaceae,Bacteroidota
Helicobacter__acc07901,-0.0016405343760182382,0.012501797512528032,0.6,Helicobacter,Helicobacteraceae,Campylobacterota
Incertae_Sedis__b81519f9,-0.0016490527393753162,0.004153280768018435,0.4,Incertae_Sedis,Incertae_Sedis,Bacillota
Sphingobacterium__4966214a,-0.0017795652376297493,0.004892075078511133,0.44,Sphingobacterium,Sphingobacteriaceae,Bacteroidota
Sphingobacteriaceae__736f2237,-0.0019399525205976746,0.0047397962799168684,0.32,,Sphingobacteriaceae,Bacteroidota
Bacteroidales__8e7f285d,-0.002595298608201827,0.0073132185849920876,0.44,,,Bacteroidota
Leptotrichiaceae__d27439ff,-0.0028040497137271263,0.006856774418225041,0.32,,Leptotrichiaceae,Fusobacteriota
Lachnospiraceae__cafeeea8,-0.0030824558953591124,0.007130021278077341,0.24,,Lachnospiraceae,Bacillota
Prevotellaceae__282df84e,-0.0043162221291253465,0.007355971288629088,0.36,,Prevotellaceae,Bacteroidota
