FeatureID,importance_mean,importance_sd,frac_folds_positive,t,p,FDR,mean_clr_Pos,mean_clr_Neg,direction,cage_F,cage_p,cage_FDR,Genus,Family,cage_confounded
GQ175458.1.1439,0.013333333333333324,0.02682019576043424,0.4,5.8676424132752905,6.199380664269925e-07,3.8436160118473536e-05,-0.2764427736765326,-2.3183285163201557,Pos↑,9.23841740404217,0.00020691986136047358,0.0032072578510873406,Negativibacillus,Ruminococcaceae,True
KX881777.1.1230,0.012998236331569657,0.02682942594279825,0.5333333333333333,-3.8922863884751884,0.0011375046886120158,0.005715946436474553,-1.1489659055853088,1.5517352619770823,Pos↓,2.095107174637756,0.12343660987892503,0.20139657401298294,HT002,Lactobacillaceae,False
MF326581.1.1216,0.012857142857142862,0.0381725406168211,0.13333333333333333,4.317412292924734,9.193726993493695e-05,0.0009500184559943486,-1.3971087640211606,-2.40283715391001,Pos↑,0.2741280935820013,0.843534613587937,0.8864262041093576,Pediococcus,Lactobacillaceae,False
EU767235.1.1359,0.010652557319223982,0.029124964354915028,0.3333333333333333,-2.2858113691735866,0.03773563397923016,0.09748372111301125,-1.8176359326640352,-0.8790703516346036,Pos↓,5.983801615561437,0.0027662805124616073,0.017480117553703028,UCG-009,Butyricicoccaceae,True
GQ461821.1.1415,0.007901234567901228,0.03159722128009161,0.06666666666666667,4.821218285265997,1.8143279260936186e-05,0.0003749611047260145,-1.2215291609877907,-2.40283715391001,Pos↑,5.013402277505202,0.006597932307994032,0.034089316924635835,Tissierella,Family_XI,True
KY658480.1.1210,0.006437389770723103,0.018946100884650152,0.4,-4.147604996286236,0.00021401194287759562,0.001658592557301366,-0.02469300777005856,3.0577392300886763,Pos↓,3.059736431486071,0.044474405511002006,0.1021264126548935,,Lactobacillaceae,False
DQ456472.1.1372,0.0052204585537918855,0.015260206702206658,0.2,-3.514136437850848,0.0015483148518946155,0.006856822915533298,-0.023383955619835334,2.4804789513299417,Pos↓,12.830828073408457,1.8610807050036212e-05,0.0006918053453674178,Faecalibacterium,Ruminococcaceae,True
EU763235.1.1354,0.0036155202821869497,0.009714275467840637,0.2,0.726672809254993,0.47282659126666976,0.5863049731706705,0.9392561590185484,0.6775139716494815,Pos↑,2.526194605297014,0.07776767645981718,0.1418116453090784,Flavonifractor,Oscillospiraceae,False
EU460584.1.1224,0.003315696649029987,0.010195254495660245,0.13333333333333333,-0.8421448499020423,0.41235603463682846,0.5431491477101991,-1.4125253454178734,-0.9134627832111517,Pos↓,1.2439811394188398,0.3125134371209978,0.3954251653367727,Turicibacter,Erysipelotrichaceae,False
869039e5ec5a8e2a7725853c1a499e6e,0.0029982363315696698,0.013326146080383376,0.06666666666666667,3.2008225563727466,0.00271274589741531,0.010511890352484326,-1.575808178836078,-2.2338198787303005,Pos↑,9.991209167222964,0.00012066587753363042,0.0024937614690283623,Incertae_Sedis,Incertae_Sedis,True
EU530381.1.1295,0.0026807760141093514,0.012150843537458857,0.06666666666666667,0.9103665306038086,0.3731464168997817,0.5431491477101991,-1.6094130359143224,-1.9355028438262651,Pos↑,3.9850884099090043,0.017528989728755315,0.05719986122014892,[Ruminococcus]_gnavus_group,Lachnospiraceae,False
DQ793581.1.1384,0.002222222222222222,0.01097030118099905,0.2,-2.5989942235246764,0.01530097859662532,0.04992950910477736,-0.07814858634811195,1.1329043033714825,Pos↓,3.5611954108729655,0.02668826504353043,0.07194227968256028,Incertae_Sedis,Incertae_Sedis,False
MH924252.1.1200,0.002010582010582008,0.032683655054590824,0.3333333333333333,-3.5609676617124357,0.0020973400894508955,0.008669005703063703,-0.17067434195778636,2.75626556556096,Pos↓,0.3576213356634736,0.7840096802374223,0.8380793133572445,Weissella,Lactobacillaceae,False
fbb2ccdf9eee6835b98ab9fad97f117a,0.0018871252204585576,0.015504802284996634,0.2,0.8194766784646854,0.42050256596918634,0.5431491477101991,1.1938290809484113,0.9008476942939055,Pos↑,0.7265066345138043,0.5447541664762647,0.6254584874357113,Incertae_Sedis,Incertae_Sedis,False
cf42d6ef5b5f01ff0a0a2bf5b533682e,0.0017460317460317484,0.012424965859188475,0.13333333333333333,-1.7092244955250153,0.09995763524459252,0.20233968316115714,0.3731110848860343,1.210771234077182,Pos↓,3.5873290478467634,0.025997659798641087,0.07194227968256028,,Bacillaceae,False
f13a69ad40cf466ff5bfb0c0609aafc6,0.0016754850088183467,0.010254029530190915,0.06666666666666667,0.42820643867791364,0.6727476903927767,0.7317606456903888,0.8254195288363887,0.6571024078955354,Pos↑,5.961980872622553,0.002819373798984359,0.017480117553703028,CHKCI002,Eggerthellaceae,True
DQ799171.1.1319,0.0016049382716049397,0.008839023367737646,0.2,-2.4996351898590237,0.01970338415357514,0.05919793678143554,2.0575143730808905,2.779821720332094,Pos↓,1.8115969664019609,0.16795138697244563,0.25397526810467386,Massiliomicrobiota,Erysipelatoclostridiaceae,False
KT873246.1.1201,0.0015167548500881784,0.01657148338095708,0.26666666666666666,5.63787330724402,1.3463940909381041e-05,0.0003749611047260145,5.781243425008589,3.134274768697056,Pos↑,0.5423170276373678,0.6573207877817581,0.7277480150440894,Escherichia-Shigella,Enterobacteriaceae,False
DQ057374.1.1386,0.000952380952380956,0.0256848744205318,0.3333333333333333,1.7120366137161762,0.10116984158057857,0.20233968316115714,-0.20813328881613552,-0.9534938944493627,Pos↑,2.2243732313315343,0.10737349160273099,0.17992314809106275,CAG-56,Lachnospiraceae,False
DQ456166.1.1450,0.0008112874779541442,0.008606882641870933,0.13333333333333333,0.4474526466192038,0.6602071004362736,0.7309435754830172,-0.7346835209190348,-0.9850986820844094,Pos↑,12.538414521474555,2.231630146346509e-05,0.0006918053453674178,Pseudoflavonifractor,Oscillospiraceae,True
ad464b0f4f2cef292428ce4cca18f4dc,0.0003350970017636704,0.010419594271464544,0.06666666666666667,0.680376328779039,0.5047308413522503,0.5904398521479155,-0.5502796933340723,-0.8205884083258905,Pos↑,4.267619037471263,0.013322247061409723,0.046550103204604315,Caproiciproducens,Ruminococcaceae,True
HQ806146.1.1448,0.00014109347442680965,0.010265489632586382,0.2,-1.3343389359832563,0.1948254022219074,0.3451192839359502,-0.35040466205961773,0.1844196654098053,Pos↓,6.327665480935048,0.0020565752375028994,0.01593845809064747,GCA-900066575,Lachnospiraceae,True
KJ184999.1.1415,3.5273368606701605e-05,0.0024682538107273074,0.13333333333333333,3.487011789020997,0.0011985048979704707,0.005715946436474553,-1.5934497351716355,-2.3183285163201557,Pos↑,3.0631369067538867,0.04431851081434531,0.1021264126548935,Pseudomonas,Pseudomonadaceae,False
MF765334.1.1250,1.3877787807814458e-18,0.00536717657266276,0.06666666666666667,2.3420288942444834,0.02692200152517734,0.07438472395969839,-0.9978066305258899,-1.9918883652973318,Pos↑,7.888979708276623,0.0005738842778349295,0.005930137537627605,Microbacterium,Microbacteriaceae,True
LN866619.1.1259,0.0,0.0,0.0,4.561414892540227,4.9733915421153905e-05,0.0007708756890278855,-0.7688281140120633,-2.40283715391001,Pos↑,3.4144103648258812,0.03094508531363994,0.07674381157782706,Sphingobacterium,Sphingobacteriaceae,False
HQ686141.1.1218,0.0,0.0,0.0,3.7583470853793344,0.0005108604143880606,0.0031673345692059757,-1.4868833930695209,-2.40283715391001,Pos↑,4.881150822914198,0.007456665403903596,0.03556255808015561,Chryseobacterium,Weeksellaceae,True
DQ794058.1.1402,-8.8183421516753e-05,0.01313607430995321,0.26666666666666666,-4.442105998225131,7.061297973310783e-05,0.0008756009486905371,1.4849069628369729,3.033485010985394,Pos↓,0.9854864571196701,0.4137830458351397,0.5130909768355733,Anaerostipes,Lachnospiraceae,False
EU775649.1.1224,-8.818342151675533e-05,0.00415792079700287,0.13333333333333333,4.058675539524391,0.0002112315970010304,0.001658592557301366,-0.3592487653292308,-2.1945255999790705,Pos↑,2.2299769623571484,0.10672822700785212,0.17992314809106275,Terrisporobacter,Peptostreptococcaceae,False
EF025214.1.1451,-0.0001234567901234556,0.00046193301071283284,0.06666666666666667,-1.4829869069137627,0.15081940601033134,0.29221259914501696,0.9896813321069013,1.6184879619371877,Pos↓,0.18277636937157396,0.9071994799200785,0.9374394625840813,Agathobaculum,Butyricicoccaceae,False
EF025230.1.1453,-0.00017636684303350952,0.002266845716128344,0.06666666666666667,0.8255045845310713,0.41726669514675113,0.5431491477101991,-1.7330093638795911,-1.9409996872095063,Pos↑,8.308068966864036,0.0004148392574197124,0.005144006792004434,Intestinimonas,Oscillospiraceae,True
5d2356d8798c11abda797ab361d25f33,-0.0005643738977072224,0.016730754045975856,0.13333333333333333,1.7991562147342148,0.08606240373162921,0.19056675112003613,-0.707412954506053,-1.5205096140137928,Pos↑,4.554727530721301,0.010127294633846524,0.04185948448656564,Lactobacillus,Lactobacillaceae,True
HQ452859.1.1430,-0.0007054673721340379,0.0033290847573302293,0.06666666666666667,-0.7085482358936599,0.48334892551749953,0.5876006545506857,0.3868100986219895,0.6324486313259106,Pos↓,3.4541955595123257,0.029724727041880568,0.07674381157782706,,Erysipelotrichaceae,False
KP966092.1.1345,-0.0007583774250440894,0.003775898369407159,0.06666666666666667,-1.685231593853862,0.10005936642348381,0.20233968316115714,1.343157498453111,1.7414203458689423,Pos↓,1.9875486477765167,0.138689127071298,0.2149681469605119,Sellimonas,Lachnospiraceae,False
KU363872.1.1413,-0.0007760141093474462,0.016751823731136595,0.13333333333333333,-1.1984351835984643,0.2458923010372652,0.4079781326642614,-1.3824173766805312,-0.8902415142670469,Pos↓,4.6676535940677155,0.009103497731604633,0.04031548995424909,Macrococcus,Staphylococcaceae,True
FJ981654.1.1204,-0.0008289241622574902,0.01856830462243347,0.2,0.9689171918027174,0.3433766039125421,0.5322337360644402,-0.5495362523420716,-0.9505468236892244,Pos↑,1.5994273268097459,0.21178296366217197,0.2984214487966969,Staphylococcus,Staphylococcaceae,False
GQ175371.1.1438,-0.0008465608465608464,0.002177684193360494,0.0,-1.2031670385561928,0.24473369959767394,0.4079781326642614,-0.9537881388548447,-0.299498736098212,Pos↓,2.399751223204886,0.08897373416725902,0.15761061481057312,,Oscillospiraceae,False
f980a909308141ab17d7502f6c96d0ed,-0.0010229276895943552,0.0032456291341580157,0.0,1.411260951428978,0.1737417515763647,0.3243843030824669,-0.8455713656146047,-1.3294768244278252,Pos↑,0.12273250897506861,0.9459180225285241,0.9459180225285241,Monoglobus,Monoglobaceae,False
KX225280.1.1202,-0.0011992945326278661,0.005157818095710367,0.06666666666666667,2.8770432533946395,0.006990503425951607,0.02407840068938887,-1.149856010806989,-2.1438143977572044,Pos↑,3.8281114392430506,0.020456782038666382,0.06341602431986579,,Comamonadaceae,False
eef61fa20a609e0b0edda48cdc9db43d,-0.0013051146384479692,0.015502274305187125,0.13333333333333333,-0.9040065021650687,0.3777868787413556,0.5431491477101991,-1.2052712403731527,-0.8845936784377908,Pos↓,2.0229753338464667,0.13346154261106463,0.21216963184323093,Tyzzerella,Lachnospiraceae,False
DQ808123.1.1242,-0.0015520282186948847,0.009464279295154908,0.06666666666666667,0.3932988749897509,0.6981492705291212,0.7462974960828537,-1.2826224625796085,-1.4269335183918819,Pos↑,3.694962826779729,0.023346447521195985,0.06892760696734053,Ruthenibacterium,Ruminococcaceae,False
1978fc46fbfd9b795e153be14136a976,-0.002045855379188714,0.015517015048136453,0.06666666666666667,-1.1803940331543963,0.2500511135684183,0.4079781326642614,-0.47378113503008856,-0.06782458422398914,Pos↓,4.252746794316611,0.013514546091659316,0.046550103204604315,CHKCI001,Lachnospiraceae,True
6a90057b6e7a186c4d4e8974cd089f3f,-0.002063492063492063,0.007720880321914479,0.0,-0.9019054562535087,0.37549733487977444,0.5431491477101991,0.21922633949579923,0.5925857654315906,Pos↓,0.46726795654336634,0.7074551970176732,0.7695126704402762,Enterocloster,Lachnospiraceae,False
6a4f354262a6fbad12de693585b4e7f1,-0.0020811287477954096,0.007421796723550179,0.06666666666666667,-3.494413931798541,0.0011182965158902187,0.005715946436474553,2.2178470144508244,3.2936334920261414,Pos↓,2.847442914226204,0.0554462032176167,0.12257641802534788,,Ruminococcaceae,False
FJ382054.1.1201,-0.002257495590828923,0.0058071578489613165,0.0,-0.6909213831764646,0.4948419929477538,0.5900039146684757,2.758514476461016,3.3125918876558718,Pos↓,1.7190423755055593,0.18580936527107278,0.26791117783270957,Romboutsia,Peptostreptococcaceae,False
DQ057398.1.1389,-0.0022927689594356274,0.011844317122855918,0.06666666666666667,-1.4034212610474555,0.17788816620651413,0.3243843030824669,-0.07099907805425906,0.6607186674908424,Pos↓,2.7830391061647686,0.0593111700122651,0.12257641802534788,Shuttleworthia,Lachnospiraceae,False
HQ807248.1.1298,-0.0023456790123456786,0.005989881220102815,0.0,-0.26963989440938974,0.7896386321437336,0.8158932917479624,-0.9061435142435743,-0.8337744200662531,Pos↓,1.5758301648525475,0.2173257362333649,0.299426569921525,DTU089,Ruminococcaceae,False
DQ794427.1.1242,-0.002557319223985888,0.008752132394781767,0.13333333333333333,-0.8388792338035435,0.41016232447361034,0.5431491477101991,0.2172181972519632,0.526287620476127,Pos↓,2.81020231166063,0.05764767033545626,0.12257641802534788,Oscillibacter,Oscillospiraceae,False
DQ793739.1.1403,-0.002698412698412698,0.007002141269877071,0.0,-0.30518510236014623,0.7622551514465696,0.8010138879608021,0.7202695071223725,0.8243224031280432,Pos↓,6.431617431472627,0.0018824259832012525,0.01593845809064747,Merdibacter,Erysipelotrichaceae,True
DQ793705.1.1389,-0.0028042328042328017,0.008128081752744192,0.06666666666666667,-2.293438507063104,0.0275943330818236,0.07438472395969839,1.150099135498315,1.7940569198045866,Pos↓,2.608777926318227,0.07125310883783736,0.1380528983733099,Acutalibacter,Ruminococcaceae,False
EU451487.1.1331,-0.003104056437389771,0.0127125386842259,0.06666666666666667,-0.5176051731257385,0.6107459577423365,0.7012268403708308,-0.6659338633232403,-0.4742095568797359,Pos↓,1.5413422652792115,0.2256906843846811,0.30419179199674407,Anaerotruncus,Ruminococcaceae,False
DQ806077.1.1402,-0.0032275132275132253,0.007321369822075087,0.0,-0.8431125626058865,0.40841965143658754,0.5431491477101991,0.6576987952135374,0.9578278872483588,Pos↓,0.7806184934325797,0.5147530661292207,0.6021639641511638,Colidextribacter,Oscillospiraceae,False
DQ455825.1.1446,-0.0038977072310405632,0.010450892560527555,0.0,-0.460821295560152,0.6495198817167944,0.7309435754830172,-0.2550758578467266,-0.08368452523222011,Pos↓,0.9415143533285572,0.43381582901075877,0.5199782858990365,ASF356,Lachnospiraceae,False
GQ175397.1.1443,-0.003985890652557316,0.00946013727771047,0.0,0.2528477485834783,0.8027337225262211,0.8158932917479624,1.1529864151538762,1.0653827903169775,Pos↑,2.6419485442186277,0.06879953665147773,0.13759907330295545,Incertae_Sedis,[Eubacterium]_coprostanoligenes_group,False
EF025267.1.1453,-0.0041093474426807716,0.010098692125320913,0.0,-3.127137262481798,0.0033727777599183435,0.012300718889113958,4.440606176949031,5.313915282905518,Pos↓,1.4975199875361243,0.23678814922873936,0.3123588351528051,,Lachnospiraceae,False
EU776524.1.1264,-0.004126984126984126,0.015441760643828958,0.0,4.000442831732375,0.00033682012492459524,0.002320316416147212,4.266184921951645,1.3617340454017528,Pos↑,1.4222794753950392,0.2571305116805459,0.3321269109207051,Clostridium,Clostridiaceae,False
FJ367509.1.1357,-0.004303350970017635,0.014241707208947985,0.0,-0.15908489649908694,0.8756759959442881,0.8756759959442881,0.019312186912334883,0.10001075376302385,Pos↓,0.15052755343754914,0.9284778212047285,0.9436987690933307,Anaerobutyricum,Lachnospiraceae,False
FJVJ01000015.3438.4940,-0.004814814814814811,0.012646941539973222,0.0,2.0406894169968752,0.05495052951302077,0.1362773131922915,-1.5637562263107025,-2.0841344826491226,Pos↑,1.7430973695328371,0.18098970616973364,0.2671752805362735,,,False
DQ326634.1.1352,-0.005149911816578481,0.01613044242878584,0.0,0.979195914116185,0.3355930669650763,0.5322337360644402,1.2440389019771412,0.7708148140769405,Pos↑,0.6413771110687145,0.5948109834256674,0.670514199498025,Thomasclavelia,Erysipelatoclostridiaceae,False
GQ491803.1.1365,-0.005767195767195764,0.013188018640122956,0.0,1.8758787568266473,0.07022688322692094,0.16746410615650378,-0.25962986592452814,-0.9309795256558384,Pos↑,4.315980376453907,0.012716755565805144,0.046550103204604315,[Clostridium]_innocuum_group,Erysipelotrichaceae,True
MH843493.1.1214,-0.006313932980599642,0.0139502270863631,0.0,0.7355699896015597,0.4717284420720146,0.5863049731706705,-1.3281893470042732,-1.635779192894147,Pos↑,5.338958662207717,0.004901830988014793,0.027628501932447015,,Microbacteriaceae,True
HQ802642.1.1374,-0.009417989417989419,0.030159936855094254,0.06666666666666667,1.7872081491292426,0.08593609309075495,0.19056675112003613,-0.42830101036378787,-1.569436108355661,Pos↑,2.5546464249701515,0.07545565514097219,0.14176517026485685,Epulopiscium,Lachnospiraceae,False
FAGH01000127.1.1295,-0.01038800705467372,0.03153389833466492,0.0,2.5138925823776908,0.020050914071131392,0.05919793678143554,-0.8715897564609616,-1.901705408458277,Pos↑,0.9365960263126599,0.43611082043145,0.5199782858990365,Clostridioides,Peptostreptococcaceae,False
