FeatureID,importance_mean,importance_sd,frac_folds_positive
DQ441256.1.1313,0.0,0.0,0.0
AY169416.1.1303,0.0,0.0,0.0
HQ800862.1.1308,0.0,0.0,0.0
FJ503238.1.1390,0.0,0.0,0.0
FJ382054.1.1201,-0.002257495590828923,0.0058071578489613165,0.0
DQ057389.1.1363,0.0,0.0,0.0
DQ342328.1.1502,0.0,0.0,0.0
HQ741563.1.1403,0.0,0.0,0.0
JQ248093.1.1509,0.0,0.0,0.0
DQ456472.1.1372,0.0052204585537918855,0.015260206702206658,0.2
GQ175458.1.1439,0.013333333333333324,0.02682019576043424,0.4
DQ456474.1.1446,0.0,0.0,0.0
FJ367839.1.1353,0.0,0.0,0.0
FJ975910.1.1372,0.0,0.0,0.0
EU774765.1.1436,0.0,0.0,0.0
KX881777.1.1230,0.012998236331569657,0.02682942594279825,0.5333333333333333
KY658480.1.1210,0.006437389770723103,0.018946100884650152,0.4
JQ855544.1.1247,0.0,0.0,0.0
HQ717226.1.1310,0.0,0.0,0.0
Y18355.1.1409,0.0,0.0,0.0
EU777245.1.1203,0.0,0.0,0.0
EF071237.1.1250,0.0,0.0,0.0
AUAN01000035.1.1363,0.0,0.0,0.0
GQ175468.1.1444,0.0,0.0,0.0
8b89d3fce643e005ff94eae4ff40b75b,0.0,0.0,0.0
EU767216.1.1327,0.0,0.0,0.0
AJ876519.1.1235,0.0,0.0,0.0
KT873246.1.1201,0.0015167548500881784,0.01657148338095708,0.26666666666666666
KX212257.1.1200,0.0,0.0,0.0
EU766290.1.1374,0.0,0.0,0.0
EU775601.1.1268,0.0,0.0,0.0
2364810cd370c6c4d7b0afc6662bb4d8,0.0,0.0,0.0
EF025214.1.1451,-0.0001234567901234556,0.00046193301071283284,0.06666666666666667
AY212778.1.1210,0.0,0.0,0.0
AM406458.1.1481,0.0,0.0,0.0
JQ248113.1.1510,0.0,0.0,0.0
DQ806077.1.1402,-0.0032275132275132253,0.007321369822075087,0.0
LT635479.2887212.2888725,0.0,0.0,0.0
61ae007cd63dc30c60001aaa869e2ffc,0.0,0.0,0.0
DQ794370.1.1390,0.0,0.0,0.0
KX225280.1.1202,-0.0011992945326278661,0.005157818095710367,0.06666666666666667
KJ184999.1.1415,3.5273368606701605e-05,0.0024682538107273074,0.13333333333333333
KC294021.1.1310,0.0,0.0,0.0
f13a69ad40cf466ff5bfb0c0609aafc6,0.0016754850088183467,0.010254029530190915,0.06666666666666667
MH843493.1.1214,-0.006313932980599642,0.0139502270863631,0.0
MF765334.1.1250,1.3877787807814458e-18,0.00536717657266276,0.06666666666666667
LC190799.1.1211,0.0,0.0,0.0
HQ686141.1.1218,0.0,0.0,0.0
LN866619.1.1259,0.0,0.0,0.0
DQ793705.1.1389,-0.0028042328042328017,0.008128081752744192,0.06666666666666667
ad464b0f4f2cef292428ce4cca18f4dc,0.0003350970017636704,0.010419594271464544,0.06666666666666667
HQ807248.1.1298,-0.0023456790123456786,0.005989881220102815,0.0
869039e5ec5a8e2a7725853c1a499e6e,0.0029982363315696698,0.013326146080383376,0.06666666666666667
3891a19987c6a02777c313d88e00d0be,0.0,0.0,0.0
GQ461821.1.1415,0.007901234567901228,0.03159722128009161,0.06666666666666667
FAGH01000127.1.1295,-0.01038800705467372,0.03153389833466492,0.0
EU775649.1.1224,-8.818342151675533e-05,0.00415792079700287,0.13333333333333333
7199770f7f8dd84f0be92fc3156bb6f9,0.0,0.0,0.0
EU776524.1.1264,-0.004126984126984126,0.015441760643828958,0.0
FN667181.1.1433,0.0,0.0,0.0
cf42d6ef5b5f01ff0a0a2bf5b533682e,0.0017460317460317484,0.012424965859188475,0.13333333333333333
DQ326634.1.1352,-0.005149911816578481,0.01613044242878584,0.0
DQ799171.1.1319,0.0016049382716049397,0.008839023367737646,0.2
DQ793739.1.1403,-0.002698412698412698,0.007002141269877071,0.0
HQ452859.1.1430,-0.0007054673721340379,0.0033290847573302293,0.06666666666666667
GQ491803.1.1365,-0.005767195767195764,0.013188018640122956,0.0
MH924252.1.1200,0.002010582010582008,0.032683655054590824,0.3333333333333333
EU460584.1.1224,0.003315696649029987,0.010195254495660245,0.13333333333333333
MG561907.1.1276,0.0,0.0,0.0
MF326581.1.1216,0.012857142857142862,0.0381725406168211,0.13333333333333333
DQ057398.1.1389,-0.0022927689594356274,0.011844317122855918,0.06666666666666667
DQ793581.1.1384,0.002222222222222222,0.01097030118099905,0.2
eef61fa20a609e0b0edda48cdc9db43d,-0.0013051146384479692,0.015502274305187125,0.13333333333333333
DQ455825.1.1446,-0.0038977072310405632,0.010450892560527555,0.0
HQ802642.1.1374,-0.009417989417989419,0.030159936855094254,0.06666666666666667
HQ806146.1.1448,0.00014109347442680965,0.010265489632586382,0.2
DQ794058.1.1402,-8.8183421516753e-05,0.01313607430995321,0.26666666666666666
3e438fc0df6bc45da9e7806ef1932a1f,0.0,0.0,0.0
DQ794427.1.1242,-0.002557319223985888,0.008752132394781767,0.13333333333333333
FJ367509.1.1357,-0.004303350970017635,0.014241707208947985,0.0
GQ175371.1.1438,-0.0008465608465608464,0.002177684193360494,0.0
f980a909308141ab17d7502f6c96d0ed,-0.0010229276895943552,0.0032456291341580157,0.0
GQ175397.1.1443,-0.003985890652557316,0.00946013727771047,0.0
EF025230.1.1453,-0.00017636684303350952,0.002266845716128344,0.06666666666666667
EU763235.1.1354,0.0036155202821869497,0.009714275467840637,0.2
DQ456166.1.1450,0.0008112874779541442,0.008606882641870933,0.13333333333333333
EU767235.1.1359,0.010652557319223982,0.029124964354915028,0.3333333333333333
fbb2ccdf9eee6835b98ab9fad97f117a,0.0018871252204585576,0.015504802284996634,0.2
DQ799850.1.1386,0.0,0.0,0.0
6a4f354262a6fbad12de693585b4e7f1,-0.0020811287477954096,0.007421796723550179,0.06666666666666667
DQ808123.1.1242,-0.0015520282186948847,0.009464279295154908,0.06666666666666667
EU451487.1.1331,-0.003104056437389771,0.0127125386842259,0.06666666666666667
FJVJ01000015.3438.4940,-0.004814814814814811,0.012646941539973222,0.0
1978fc46fbfd9b795e153be14136a976,-0.002045855379188714,0.015517015048136453,0.06666666666666667
5d2356d8798c11abda797ab361d25f33,-0.0005643738977072224,0.016730754045975856,0.13333333333333333
FJ981654.1.1204,-0.0008289241622574902,0.01856830462243347,0.2
KU363872.1.1413,-0.0007760141093474462,0.016751823731136595,0.13333333333333333
KP966092.1.1345,-0.0007583774250440894,0.003775898369407159,0.06666666666666667
DQ057374.1.1386,0.000952380952380956,0.0256848744205318,0.3333333333333333
EU530381.1.1295,0.0026807760141093514,0.012150843537458857,0.06666666666666667
6a90057b6e7a186c4d4e8974cd089f3f,-0.002063492063492063,0.007720880321914479,0.0
EF025267.1.1453,-0.0041093474426807716,0.010098692125320913,0.0
a9f73cd1c850d7f999159ba5feabd9d6,0.0,0.0,0.0
955067ff3611dcc13ed433849d69870d,0.0,0.0,0.0
7d3638a814df8118a71376d31f66bb19,0.0,0.0,0.0
288a1734edef6ecef620fe0821878619,0.0,0.0,0.0
4c70e0645fdca9420418aec1bd7f0627,0.0,0.0,0.0
KP896654.1.1291,0.0,0.0,0.0
JQ207409.1.1329,0.0,0.0,0.0
HQ772504.1.1405,0.0,0.0,0.0
be8b0bae43af1dafd779699064f27bec,0.0,0.0,0.0
20003ad708c4341bfb9325715e8a3a6e,0.0,0.0,0.0
cc71afec2b00c234459733299a21d5f5,0.0,0.0,0.0
EU774989.1.1390,0.0,0.0,0.0
cb3f260d74cc20477ad7bf268894361e,0.0,0.0,0.0
FJ545463.1.1526,0.0,0.0,0.0
GU179520.1.1380,0.0,0.0,0.0
KT828543.1.1200,0.0,0.0,0.0
JN594631.1.1392,0.0,0.0,0.0
GU066861.1.1272,0.0,0.0,0.0
AF129443.1.1436,0.0,0.0,0.0
KP337928.1.1234,0.0,0.0,0.0
KF003417.1.1415,0.0,0.0,0.0
KT767906.1.1422,0.0,0.0,0.0
KT026457.1.1220,0.0,0.0,0.0
KX225278.1.1221,0.0,0.0,0.0
KC108996.1.1244,0.0,0.0,0.0
KX212255.1.1200,0.0,0.0,0.0
APON01000042.130541.131744,0.0,0.0,0.0
HM355725.1.1231,0.0,0.0,0.0
KJ959624.1.1501,0.0,0.0,0.0
EU537172.1.1382,0.0,0.0,0.0
EU705816.1.1232,0.0,0.0,0.0
fc52caa7528d00b1f9ee139319dea276,0.0,0.0,0.0
JX227053.1.1493,0.0,0.0,0.0
AY860235.1.1422,0.0,0.0,0.0
EF444719.1.1219,0.0,0.0,0.0
KC836753.1.1477,0.0,0.0,0.0
e56acb09bca8725f6d206127a3189941,0.0,0.0,0.0
HQ780723.1.1445,0.0,0.0,0.0
5730767d52609a76f4fe770bf14c0917,0.0,0.0,0.0
7ac33c05ad84021985e552b46f46b74a,0.0,0.0,0.0
c40986076d659ca56d66bdbbe8fc06f2,0.0,0.0,0.0
JX095969.1.1221,0.0,0.0,0.0
2eb3b8061af5d60205d652aed9c222ed,0.0,0.0,0.0
HQ810027.1.1241,0.0,0.0,0.0
LWUD01000045.4.1337,0.0,0.0,0.0
AY995250.1.1365,0.0,0.0,0.0
EU600921.1.1486,0.0,0.0,0.0
KY795327.1.1204,0.0,0.0,0.0
KY963445.1.1230,0.0,0.0,0.0
MG755760.1.1200,0.0,0.0,0.0
KU361226.1.1200,0.0,0.0,0.0
DI249699.1.1228,0.0,0.0,0.0
JQ977262.1.1457,0.0,0.0,0.0
MH447042.1.1230,0.0,0.0,0.0
EU469931.1.1279,0.0,0.0,0.0
AF092548.1.1483,0.0,0.0,0.0
DQ793870.1.1284,0.0,0.0,0.0
f21ed7dc4ea6acf7bd4cc247cf9d587a,0.0,0.0,0.0
EF071253.1.1234,0.0,0.0,0.0
EU773969.1.1385,0.0,0.0,0.0
7b071d792fea09d90d9773096db4f8c3,0.0,0.0,0.0
9ba9f18a6810a29f8813508c92f077cc,0.0,0.0,0.0
EU467577.1.1369,0.0,0.0,0.0
793757b64114f95de1385e9eb5989cf9,0.0,0.0,0.0
AB058250.1.1257,0.0,0.0,0.0
KX014141.1.1442,0.0,0.0,0.0
MF498280.1.1204,0.0,0.0,0.0
KC002024.1.1313,0.0,0.0,0.0
5d6d106cf5de9268d7e4703d6a6a6241,0.0,0.0,0.0
EU132593.1.1277,0.0,0.0,0.0
6002421ea9f083767028447e83574ee2,0.0,0.0,0.0
EU802571.1.1254,0.0,0.0,0.0
428e3d450aadbf2928c370c30bf67032,0.0,0.0,0.0
MH718771.1.1217,0.0,0.0,0.0
HE616180.1.1444,0.0,0.0,0.0
KF086785.1.1341,0.0,0.0,0.0
JQ855614.1.1252,0.0,0.0,0.0
JQ014317.1.1286,0.0,0.0,0.0
GFIM01005958.9.1236,0.0,0.0,0.0
087eb6a26342b22cd8733d62442e6a62,0.0,0.0,0.0
943c2b9555821bc4e0459be805be9d4b,0.0,0.0,0.0
EA273498.76.1346,0.0,0.0,0.0
JQ196333.1.1311,0.0,0.0,0.0
d2ef7dbb878e42f09d78a90e19f54bf6,0.0,0.0,0.0
HM057714.1.1504,0.0,0.0,0.0
KX508703.1.1428,0.0,0.0,0.0
06dafa84b8565aab4ca0bf46d4cc3c63,0.0,0.0,0.0
LN680489.1.1289,0.0,0.0,0.0
KT380570.1.1379,0.0,0.0,0.0
KF580866.1.1360,0.0,0.0,0.0
KP214597.3.1209,0.0,0.0,0.0
a3619e4bd3465b6a2aa9638acd081cd2,0.0,0.0,0.0
MG572015.1.1234,0.0,0.0,0.0
eb2a6f290f9640aa35652863ce0c2684,0.0,0.0,0.0
KU053645.1.1448,0.0,0.0,0.0
JF145649.1.1306,0.0,0.0,0.0
569e41cdb450ced9aaf87abc387fc8f6,0.0,0.0,0.0
3a730178fb4cb3b40dd3fda590373475,0.0,0.0,0.0
KJ569212.1.1385,0.0,0.0,0.0
4966214a7565ba69a46597265edc5fc6,0.0,0.0,0.0
e5eb02f3feb9b1b80a85843d37566c6a,0.0,0.0,0.0
736f2237cf9ec2cfcaa5645263c92bca,0.0,0.0,0.0
ef4b9171648179be3a8fb9699fbb94bd,0.0,0.0,0.0
a13d2ac851c652f379103eb69ff1bc14,0.0,0.0,0.0
408c8c2da176e400b44ff317ac0876d3,0.0,0.0,0.0
282df84e87013a21e2f3d41c9042f9d6,0.0,0.0,0.0
32018bce7db6443bd285f8b95338da67,0.0,0.0,0.0
8ef7520d749a002ff44b11ee16c27f1b,0.0,0.0,0.0
c465f577ff4ace3e12a8479197bd7198,0.0,0.0,0.0
8e7f285d81ef2b399b0301d21e6061e5,0.0,0.0,0.0
5c1b884fe5810b2c1045bf75572ef12f,0.0,0.0,0.0
2c4bfc1c3d5e6ce1ac21afc5c61b24d6,0.0,0.0,0.0
63d393fc0e99dd18542fb1d4b2af0cbf,0.0,0.0,0.0
81d6cbdbc40e34b1d58319f78d4860c3,0.0,0.0,0.0
4c9ad755e11e8a1a091959f1e73c9d0c,0.0,0.0,0.0
9eb9acee9f8012d509191f395cd33680,0.0,0.0,0.0
da821e0a5e2bb6359d37fc6ddafd82c1,0.0,0.0,0.0
30d3ed513d2487ebacec1d3806b5ccae,0.0,0.0,0.0
84b87a5527ad7573a01f9a340b45b8b2,0.0,0.0,0.0
ed995199585e2404bfe5f588a06291fc,0.0,0.0,0.0
a6eadb2d1940643ea760afffa030334d,0.0,0.0,0.0
6e37ae39569a812f7c984ba534ac91de,0.0,0.0,0.0
5a64a6f1f4e7afd3bbbf171c5c35b46f,0.0,0.0,0.0
f8bb29a5251534049b2e1c111bc39f14,0.0,0.0,0.0
c51976b33e301cd0c39ff6780038cb3d,0.0,0.0,0.0
00b629e3b3acc8ca9d9839c41326c6e7,0.0,0.0,0.0
13b2a473a55c51abc0b42dce9ecb578e,0.0,0.0,0.0
7333e261c60fccfd1cc66224d4914029,0.0,0.0,0.0
0c9e3ed50197a5f104e61cd0520fbb29,0.0,0.0,0.0
adc4c72e3b695adcbeb1d03eb1f48da5,0.0,0.0,0.0
5d53bfb2037f7206f04684269c8aef31,0.0,0.0,0.0
da6b37f3a4a6331d6ee5af6f86f9df0a,0.0,0.0,0.0
1458f1e7144a7686e3d054d148cb3855,0.0,0.0,0.0
98fcf59486d130abe9a9055704400056,0.0,0.0,0.0
9ccfad1833dbe06085dda16682bdb9ef,0.0,0.0,0.0
816bc6359bb36d4bd2ac7c129451f617,0.0,0.0,0.0
d74cd6582859d0be37e097cbfddc31d1,0.0,0.0,0.0
4ce32c4ee3d941f584c8b7a108fe68db,0.0,0.0,0.0
ca53da738ef5a0dbe50fe54061231539,0.0,0.0,0.0
a50e8f12c186085277959f55303ef905,0.0,0.0,0.0
efb1124a7b972fc805d2cdd072bb7a09,0.0,0.0,0.0
5147978826a18675c0ec7b677e21a6b7,0.0,0.0,0.0
0775e59cd173135c46460efc24f0c35a,0.0,0.0,0.0
9265d5145416b3be7b9362ccc8e3dece,0.0,0.0,0.0
af35970d0e82e7e56bc4c9a97b1aa275,0.0,0.0,0.0
acc07901cb94b7ff01d72de31d9c9e9b,0.0,0.0,0.0
5bd5c3944af33f3c41fe9dd472376f6a,0.0,0.0,0.0
cafeeea8a015957c63e8db16e70ed374,0.0,0.0,0.0
03d08b31a3d27b70b8d57b623e6fda2f,0.0,0.0,0.0
6857d1b6598e3f4e0500dd981ec24bfd,0.0,0.0,0.0
2e73689583c6009968e1d3c321a448f5,0.0,0.0,0.0
172051db4ee13abc3ac82deb1739a056,0.0,0.0,0.0
e9165b84ab328cc9b6c9240b83c34296,0.0,0.0,0.0
e616d0c9166d972025919a91afbfac62,0.0,0.0,0.0
04c4a458a5a1e0ab867bff0b2b936680,0.0,0.0,0.0
bf0a5e99cb2470e070686ca4a5cd102d,0.0,0.0,0.0
da6858e27b2e7bb754853591e2b46704,0.0,0.0,0.0
463b2f0461c807f6f6a2ebd7bcff9c7a,0.0,0.0,0.0
f52c8cce50655f4bc6b73387b9a7e1a5,0.0,0.0,0.0
8ad1796f811039f7bae012f206c4d408,0.0,0.0,0.0
8e450566af04da60335f56e9098b4eec,0.0,0.0,0.0
c4abcba67bae771e7b6acab924c3a033,0.0,0.0,0.0
b81519f9ff85d250b3ff11b93ec54bc8,0.0,0.0,0.0
977711915cab8af85bbf09f4af3954f1,0.0,0.0,0.0
e56b0756bf4106b0b7f14fa46e828c2a,0.0,0.0,0.0
eb04e82f5de40a4c6ab43c4b470e4cba,0.0,0.0,0.0
6718eb07f4a1ded94863a63d5e19474e,0.0,0.0,0.0
1683506dd97567bf85f5261af480556e,0.0,0.0,0.0
0daf4b3d162fbc5fc14a1ca8f4d2c33b,0.0,0.0,0.0
c3a9c5579756dc8a0872e12edba0ef72,0.0,0.0,0.0
5702680e7007498a309e6e376da0f72f,0.0,0.0,0.0
d27439ff64e05809b9e00cfa519cdcac,0.0,0.0,0.0
024cc2ba42a565cbc58e93e2c896bb5a,0.0,0.0,0.0
