FeatureID,t,p,FDR,mean_clr_Pos,mean_clr_Neg,direction,importance_mean,importance_sd,frac_folds_positive,freq_C0.2,freq_C1.0,freq_C10.0,l1_hit_all_C,selection_freq,cage_FDR,cage_confounded,Genus,Family,n_methods,three_method_hit
GQ175458.1.1439,5.8676424132752905,6.199380664269925e-07,3.8436160118473536e-05,-0.2764427736765326,-2.318328516320156,Pos↑,0.0133333333333333,0.0268201957604342,0.4,0.865,1.0,1.0,True,0.865,0.0032072578510873,True,Negativibacillus,Ruminococcaceae,3,True
KX881777.1.1230,-3.892286388475189,0.001137504688612,0.0057159464364745,-1.1489659055853088,1.5517352619770823,Pos↓,0.0129982363315696,0.0268294259427982,0.5333333333333333,0.935,0.99,0.995,True,0.935,0.2013965740129829,False,HT002,Lactobacillaceae,3,True
GQ461821.1.1415,4.821218285265997,1.8143279260936182e-05,0.000374961104726,-1.2215291609877907,-2.40283715391001,Pos↑,0.0079012345679012,0.0315972212800916,0.0666666666666666,0.885,0.99,0.99,True,0.885,0.0340893169246358,True,Tissierella,Family_XI,3,True
KT873246.1.1201,5.63787330724402,1.346394090938104e-05,0.000374961104726,5.781243425008589,3.134274768697056,Pos↑,0.0015167548500881,0.016571483380957,0.2666666666666666,1.0,1.0,1.0,True,1.0,0.7277480150440894,False,Escherichia-Shigella,Enterobacteriaceae,3,True
MF326581.1.1216,4.317412292924734,9.193726993493696e-05,0.0009500184559943,-1.3971087640211606,-2.40283715391001,Pos↑,0.0128571428571428,0.0381725406168211,0.1333333333333333,0.345,0.81,0.83,False,0.345,0.8864262041093576,False,Pediococcus,Lactobacillaceae,2,False
KY658480.1.1210,-4.147604996286236,0.0002140119428775,0.0016585925573013,-0.0246930077700585,3.0577392300886763,Pos↓,0.0064373897707231,0.0189461008846501,0.4,0.045,0.045,0.1,False,0.045,0.1021264126548935,False,,Lactobacillaceae,2,False
DQ456472.1.1372,-3.514136437850848,0.0015483148518946,0.0068568229155332,-0.0233839556198353,2.4804789513299417,Pos↓,0.0052204585537918,0.0152602067022066,0.2,0.15,0.315,0.405,False,0.15,0.0006918053453674,True,Faecalibacterium,Ruminococcaceae,2,False
869039e5ec5a8e2a7725853c1a499e6e,3.2008225563727466,0.0027127458974153,0.0105118903524843,-1.575808178836078,-2.2338198787303005,Pos↑,0.0029982363315696,0.0133261460803833,0.0666666666666666,0.0,0.005,0.01,False,0.0,0.0024937614690283,True,Incertae_Sedis,Incertae_Sedis,2,False
DQ793581.1.1384,-2.5989942235246764,0.0153009785966253,0.0499295091047773,-0.0781485863481119,1.1329043033714823,Pos↓,0.0022222222222222,0.010970301180999,0.2,0.0,0.08,0.17,False,0.0,0.0719422796825602,False,Incertae_Sedis,Incertae_Sedis,2,False
MH924252.1.1200,-3.560967661712436,0.0020973400894508,0.0086690057030637,-0.1706743419577863,2.75626556556096,Pos↓,0.002010582010582,0.0326836550545908,0.3333333333333333,0.67,0.92,0.95,False,0.67,0.8380793133572445,False,Weissella,Lactobacillaceae,2,False
KJ184999.1.1415,3.487011789020997,0.0011985048979704,0.0057159464364745,-1.5934497351716357,-2.318328516320156,Pos↑,3.5273368606701605e-05,0.0024682538107273,0.1333333333333333,0.0,0.005,0.005,False,0.0,0.1021264126548935,False,Pseudomonas,Pseudomonadaceae,2,False
EU767235.1.1359,-2.285811369173586,0.0377356339792301,0.0974837211130112,-1.8176359326640352,-0.8790703516346036,Pos↓,0.0106525573192239,0.029124964354915,0.3333333333333333,0.305,0.905,0.945,False,0.305,0.017480117553703,True,UCG-009,Butyricicoccaceae,1,False
EU763235.1.1354,0.726672809254993,0.4728265912666697,0.5863049731706705,0.9392561590185484,0.6775139716494815,Pos↑,0.0036155202821869,0.0097142754678406,0.2,0.0,0.03,0.14,False,0.0,0.1418116453090784,False,Flavonifractor,Oscillospiraceae,1,False
EU460584.1.1224,-0.8421448499020423,0.4123560346368284,0.5431491477101991,-1.4125253454178734,-0.9134627832111516,Pos↓,0.0033156966490299,0.0101952544956602,0.1333333333333333,0.04,0.66,0.825,False,0.04,0.3954251653367727,False,Turicibacter,Erysipelotrichaceae,1,False
EU530381.1.1295,0.9103665306038086,0.3731464168997817,0.5431491477101991,-1.6094130359143224,-1.9355028438262647,Pos↑,0.0026807760141093,0.0121508435374588,0.0666666666666666,0.0,0.02,0.035,False,0.0,0.0571998612201489,False,[Ruminococcus]_gnavus_group,Lachnospiraceae,1,False
fbb2ccdf9eee6835b98ab9fad97f117a,0.8194766784646854,0.4205025659691863,0.5431491477101991,1.1938290809484111,0.9008476942939057,Pos↑,0.0018871252204585,0.0155048022849966,0.2,0.0,0.085,0.15,False,0.0,0.6254584874357113,False,Incertae_Sedis,Incertae_Sedis,1,False
cf42d6ef5b5f01ff0a0a2bf5b533682e,-1.709224495525015,0.0999576352445925,0.2023396831611571,0.3731110848860343,1.210771234077182,Pos↓,0.0017460317460317,0.0124249658591884,0.1333333333333333,0.0,0.02,0.06,False,0.0,0.0719422796825602,False,,Bacillaceae,1,False
f13a69ad40cf466ff5bfb0c0609aafc6,0.4282064386779136,0.6727476903927767,0.7317606456903888,0.8254195288363887,0.6571024078955354,Pos↑,0.0016754850088183,0.0102540295301909,0.0666666666666666,0.005,0.215,0.54,False,0.005,0.017480117553703,True,CHKCI002,Eggerthellaceae,1,False
DQ799171.1.1319,-2.499635189859024,0.0197033841535751,0.0591979367814355,2.0575143730808905,2.779821720332094,Pos↓,0.0016049382716049,0.0088390233677376,0.2,0.005,0.115,0.36,False,0.005,0.2539752681046738,False,Massiliomicrobiota,Erysipelatoclostridiaceae,1,False
DQ057374.1.1386,1.7120366137161762,0.1011698415805785,0.2023396831611571,-0.2081332888161355,-0.9534938944493628,Pos↑,0.0009523809523809,0.0256848744205318,0.3333333333333333,0.015,0.17,0.42,False,0.015,0.1799231480910627,False,CAG-56,Lachnospiraceae,1,False
DQ456166.1.1450,0.4474526466192038,0.6602071004362736,0.7309435754830172,-0.7346835209190348,-0.9850986820844094,Pos↑,0.0008112874779541,0.0086068826418709,0.1333333333333333,,,,False,0.0,0.0006918053453674,True,Pseudoflavonifractor,Oscillospiraceae,1,False
ad464b0f4f2cef292428ce4cca18f4dc,0.680376328779039,0.5047308413522503,0.5904398521479155,-0.5502796933340723,-0.8205884083258905,Pos↑,0.0003350970017636,0.0104195942714645,0.0666666666666666,0.0,0.005,0.025,False,0.0,0.0465501032046043,True,Caproiciproducens,Ruminococcaceae,1,False
HQ806146.1.1448,-1.3343389359832565,0.1948254022219074,0.3451192839359502,-0.3504046620596177,0.1844196654098053,Pos↓,0.0001410934744268,0.0102654896325863,0.2,0.0,0.095,0.285,False,0.0,0.0159384580906474,True,GCA-900066575,Lachnospiraceae,1,False
MF765334.1.1250,2.342028894244484,0.0269220015251773,0.0743847239596983,-0.99780663052589,-1.991888365297332,Pos↑,1.387778780781446e-18,0.0053671765726627,0.0666666666666666,0.0,0.12,0.195,False,0.0,0.0059301375376276,True,Microbacterium,Microbacteriaceae,1,False
HQ686141.1.1218,3.7583470853793344,0.000510860414388,0.0031673345692059,-1.4868833930695209,-2.40283715391001,Pos↑,0.0,0.0,0.0,0.0,0.005,0.005,False,0.0,0.0355625580801556,True,Chryseobacterium,Weeksellaceae,1,False
LN866619.1.1259,4.561414892540227,4.973391542115391e-05,0.0007708756890278,-0.7688281140120633,-2.40283715391001,Pos↑,0.0,0.0,0.0,,,,False,0.0,0.076743811577827,False,Sphingobacterium,Sphingobacteriaceae,1,False
DQ794058.1.1402,-4.442105998225131,7.061297973310783e-05,0.0008756009486905,1.4849069628369729,3.033485010985394,Pos↓,-8.8183421516753e-05,0.0131360743099532,0.2666666666666666,0.195,0.795,0.915,False,0.195,0.5130909768355733,False,Anaerostipes,Lachnospiraceae,1,False
EU775649.1.1224,4.058675539524391,0.000211231597001,0.0016585925573013,-0.3592487653292308,-2.1945255999790705,Pos↑,-8.818342151675533e-05,0.0041579207970028,0.1333333333333333,0.0,0.03,0.065,False,0.0,0.1799231480910627,False,Terrisporobacter,Peptostreptococcaceae,1,False
KX225280.1.1202,2.8770432533946395,0.0069905034259516,0.0240784006893888,-1.149856010806989,-2.1438143977572044,Pos↑,-0.0011992945326278,0.0051578180957103,0.0666666666666666,0.0,0.015,0.025,False,0.0,0.0634160243198657,False,,Comamonadaceae,1,False
6a4f354262a6fbad12de693585b4e7f1,-3.494413931798541,0.0011182965158902,0.0057159464364745,2.2178470144508244,3.2936334920261414,Pos↓,-0.0020811287477954,0.0074217967235501,0.0666666666666666,,,,False,0.0,0.1225764180253478,False,,Ruminococcaceae,1,False
EF025267.1.1453,-3.127137262481798,0.0033727777599183,0.0123007188891139,4.440606176949031,5.313915282905518,Pos↓,-0.0041093474426807,0.0100986921253209,0.0,0.0,0.0,0.01,False,0.0,0.3123588351528051,False,,Lachnospiraceae,1,False
EU776524.1.1264,4.000442831732375,0.0003368201249245,0.0023203164161472,4.266184921951645,1.3617340454017528,Pos↑,-0.0041269841269841,0.0154417606438289,0.0,0.0,0.005,0.005,False,0.0,0.3321269109207051,False,Clostridium,Clostridiaceae,1,False
00b629e3b3acc8ca9d9839c41326c6e7,,,,,,,0.0,0.0,0.0,,,,False,0.0,,,Moraxella,Moraxellaceae,0,False
024cc2ba42a565cbc58e93e2c896bb5a,,,,,,,0.0,0.0,0.0,,,,False,0.0,,,Cetobacterium,Fusobacteriaceae,0,False
03d08b31a3d27b70b8d57b623e6fda2f,,,,,,,0.0,0.0,0.0,,,,False,0.0,,,Incertae_Sedis,Anaerovoracaceae,0,False
04c4a458a5a1e0ab867bff0b2b936680,,,,,,,0.0,0.0,0.0,,,,False,0.0,,,Candidatus_Arthromitus,Clostridiaceae,0,False
06dafa84b8565aab4ca0bf46d4cc3c63,,,,,,,0.0,0.0,0.0,,,,False,0.0,,,Incertae_Sedis,Stappiaceae,0,False
0775e59cd173135c46460efc24f0c35a,,,,,,,0.0,0.0,0.0,,,,False,0.0,,,,Ruminococcaceae,0,False
087eb6a26342b22cd8733d62442e6a62,,,,,,,0.0,0.0,0.0,,,,False,0.0,,,Deinococcus,Deinococcaceae,0,False
0c9e3ed50197a5f104e61cd0520fbb29,,,,,,,0.0,0.0,0.0,,,,False,0.0,,,,,0,False
0daf4b3d162fbc5fc14a1ca8f4d2c33b,,,,,,,0.0,0.0,0.0,,,,False,0.0,,,Fusobacterium,Fusobacteriaceae,0,False
13b2a473a55c51abc0b42dce9ecb578e,,,,,,,0.0,0.0,0.0,,,,False,0.0,,,Pseudomonas,Pseudomonadaceae,0,False
1458f1e7144a7686e3d054d148cb3855,,,,,,,0.0,0.0,0.0,,,,False,0.0,,,Methylobacterium,Beijerinckiaceae,0,False
1683506dd97567bf85f5261af480556e,,,,,,,0.0,0.0,0.0,,,,False,0.0,,,Phascolarctobacterium,Acidaminococcaceae,0,False
172051db4ee13abc3ac82deb1739a056,,,,,,,0.0,0.0,0.0,,,,False,0.0,,,Peptoniphilus,Family_XI,0,False
20003ad708c4341bfb9325715e8a3a6e,,,,,,,0.0,0.0,0.0,,,,False,0.0,,,,Methylomonadaceae,0,False
2364810cd370c6c4d7b0afc6662bb4d8,,,,,,,0.0,0.0,0.0,,,,False,0.0,,,Incertae_Sedis,Incertae_Sedis,0,False
282df84e87013a21e2f3d41c9042f9d6,,,,,,,0.0,0.0,0.0,,,,False,0.0,,,,Prevotellaceae,0,False
288a1734edef6ecef620fe0821878619,,,,,,,0.0,0.0,0.0,,,,False,0.0,,,Campylobacter,Campylobacteraceae,0,False
2c4bfc1c3d5e6ce1ac21afc5c61b24d6,,,,,,,0.0,0.0,0.0,,,,False,0.0,,,Elizabethkingia,Weeksellaceae,0,False
2e73689583c6009968e1d3c321a448f5,,,,,,,0.0,0.0,0.0,,,,False,0.0,,,Tumebacillus,Alicyclobacillaceae,0,False
2eb3b8061af5d60205d652aed9c222ed,,,,,,,0.0,0.0,0.0,,,,False,0.0,,,Megamonas,Selenomonadaceae,0,False
30d3ed513d2487ebacec1d3806b5ccae,,,,,,,0.0,0.0,0.0,,,,False,0.0,,,Lawsonella,Corynebacteriaceae,0,False
32018bce7db6443bd285f8b95338da67,,,,,,,0.0,0.0,0.0,,,,False,0.0,,,Incertae_Sedis,Prevotellaceae,0,False
3891a19987c6a02777c313d88e00d0be,,,,,,,0.0,0.0,0.0,,,,False,0.0,,,Anaerosporomusa,Sporomusaceae,0,False
3a730178fb4cb3b40dd3fda590373475,,,,,,,0.0,0.0,0.0,,,,False,0.0,,,Pseudolabrys,Xanthobacteraceae,0,False
3e438fc0df6bc45da9e7806ef1932a1f,,,,,,,0.0,0.0,0.0,,,,False,0.0,,,Lachnospira,Lachnospiraceae,0,False
408c8c2da176e400b44ff317ac0876d3,,,,,,,0.0,0.0,0.0,,,,False,0.0,,,Prevotellaceae_Ga6A1_group,Prevotellaceae,0,False
428e3d450aadbf2928c370c30bf67032,,,,,,,0.0,0.0,0.0,,,,False,0.0,,,Bifidobacterium,Bifidobacteriaceae,0,False
463b2f0461c807f6f6a2ebd7bcff9c7a,,,,,,,0.0,0.0,0.0,,,,False,0.0,,,Staphylococcus,Staphylococcaceae,0,False
4966214a7565ba69a46597265edc5fc6,,,,,,,0.0,0.0,0.0,,,,False,0.0,,,Sphingobacterium,Sphingobacteriaceae,0,False
4c70e0645fdca9420418aec1bd7f0627,,,,,,,0.0,0.0,0.0,,,,False,0.0,,,Incertae_Sedis,Helicobacteraceae,0,False
4c9ad755e11e8a1a091959f1e73c9d0c,,,,,,,0.0,0.0,0.0,,,,False,0.0,,,Arcanobacterium,Actinomycetaceae,0,False
4ce32c4ee3d941f584c8b7a108fe68db,,,,,,,0.0,0.0,0.0,,,,False,0.0,,,UCG-005,Oscillospiraceae,0,False
5147978826a18675c0ec7b677e21a6b7,,,,,,,0.0,0.0,0.0,,,,False,0.0,,,Fournierella,Ruminococcaceae,0,False
569e41cdb450ced9aaf87abc387fc8f6,,,,,,,0.0,0.0,0.0,,,,False,0.0,,,,Xanthobacteraceae,0,False
5702680e7007498a309e6e376da0f72f,,,,,,,0.0,0.0,0.0,,,,False,0.0,,,Oceanivirga,Leptotrichiaceae,0,False
5730767d52609a76f4fe770bf14c0917,,,,,,,0.0,0.0,0.0,,,,False,0.0,,,Prevotellaceae_Ga6A1_group,Prevotellaceae,0,False
5a64a6f1f4e7afd3bbbf171c5c35b46f,,,,,,,0.0,0.0,0.0,,,,False,0.0,,,,Pasteurellaceae,0,False
5bd5c3944af33f3c41fe9dd472376f6a,,,,,,,0.0,0.0,0.0,,,,False,0.0,,,Lachnospiraceae_UCG-010,Lachnospiraceae,0,False
5c1b884fe5810b2c1045bf75572ef12f,,,,,,,0.0,0.0,0.0,,,,False,0.0,,,H1,Paludibacteraceae,0,False
5d53bfb2037f7206f04684269c8aef31,,,,,,,0.0,0.0,0.0,,,,False,0.0,,,Desulfovibrio,Desulfovibrionaceae,0,False
5d6d106cf5de9268d7e4703d6a6a6241,,,,,,,0.0,0.0,0.0,,,,False,0.0,,,Olsenella,Atopobiaceae,0,False
6002421ea9f083767028447e83574ee2,,,,,,,0.0,0.0,0.0,,,,False,0.0,,,Incertae_Sedis,Incertae_Sedis,0,False
61ae007cd63dc30c60001aaa869e2ffc,,,,,,,0.0,0.0,0.0,,,,False,0.0,,,Enterocloster,Lachnospiraceae,0,False
63d393fc0e99dd18542fb1d4b2af0cbf,,,,,,,0.0,0.0,0.0,,,,False,0.0,,,Flavobacterium,Flavobacteriaceae,0,False
6718eb07f4a1ded94863a63d5e19474e,,,,,,,0.0,0.0,0.0,,,,False,0.0,,,Veillonella,Veillonellaceae,0,False
6857d1b6598e3f4e0500dd981ec24bfd,,,,,,,0.0,0.0,0.0,,,,False,0.0,,,Peptoclostridium,Peptostreptococcaceae,0,False
6e37ae39569a812f7c984ba534ac91de,,,,,,,0.0,0.0,0.0,,,,False,0.0,,,Escherichia-Shigella,Enterobacteriaceae,0,False
7199770f7f8dd84f0be92fc3156bb6f9,,,,,,,0.0,0.0,0.0,,,,False,0.0,,,Sedimentibacter,Sedimentibacteraceae,0,False
7333e261c60fccfd1cc66224d4914029,,,,,,,0.0,0.0,0.0,,,,False,0.0,,,Halomonas,Halomonadaceae,0,False
736f2237cf9ec2cfcaa5645263c92bca,,,,,,,0.0,0.0,0.0,,,,False,0.0,,,,Sphingobacteriaceae,0,False
793757b64114f95de1385e9eb5989cf9,,,,,,,0.0,0.0,0.0,,,,False,0.0,,,Intestinimonas,Oscillospiraceae,0,False
7ac33c05ad84021985e552b46f46b74a,,,,,,,0.0,0.0,0.0,,,,False,0.0,,,Bacteroides,Bacteroidaceae,0,False
7b071d792fea09d90d9773096db4f8c3,,,,,,,0.0,0.0,0.0,,,,False,0.0,,,,Lachnospiraceae,0,False
7d3638a814df8118a71376d31f66bb19,,,,,,,0.0,0.0,0.0,,,,False,0.0,,,Helicobacter,Helicobacteraceae,0,False
816bc6359bb36d4bd2ac7c129451f617,,,,,,,0.0,0.0,0.0,,,,False,0.0,,,Mageeibacillus,Oscillospiraceae,0,False
81d6cbdbc40e34b1d58319f78d4860c3,,,,,,,0.0,0.0,0.0,,,,False,0.0,,,Atopobium,Atopobiaceae,0,False
84b87a5527ad7573a01f9a340b45b8b2,,,,,,,0.0,0.0,0.0,,,,False,0.0,,,Varibaculum,Actinomycetaceae,0,False
8ad1796f811039f7bae012f206c4d408,,,,,,,0.0,0.0,0.0,,,,False,0.0,,,,,0,False
8b89d3fce643e005ff94eae4ff40b75b,,,,,,,0.0,0.0,0.0,,,,False,0.0,,,Methanobrevibacter,Methanobacteriaceae,0,False
8e450566af04da60335f56e9098b4eec,,,,,,,0.0,0.0,0.0,,,,False,0.0,,,,Mycoplasmataceae,0,False
8e7f285d81ef2b399b0301d21e6061e5,,,,,,,0.0,0.0,0.0,,,,False,0.0,,,,,0,False
8ef7520d749a002ff44b11ee16c27f1b,,,,,,,0.0,0.0,0.0,,,,False,0.0,,,Prevotella,Prevotellaceae,0,False
9265d5145416b3be7b9362ccc8e3dece,,,,,,,0.0,0.0,0.0,,,,False,0.0,,,Caecibacterium,Lachnospiraceae,0,False
943c2b9555821bc4e0459be805be9d4b,,,,,,,0.0,0.0,0.0,,,,False,0.0,,,Desulfovibrio,Desulfovibrionaceae,0,False
955067ff3611dcc13ed433849d69870d,,,,,,,0.0,0.0,0.0,,,,False,0.0,,,Malacoplasma,Mycoplasmataceae,0,False
977711915cab8af85bbf09f4af3954f1,,,,,,,0.0,0.0,0.0,,,,False,0.0,,,Megamonas,Selenomonadaceae,0,False
98fcf59486d130abe9a9055704400056,,,,,,,0.0,0.0,0.0,,,,False,0.0,,,Clostridium,Clostridiaceae,0,False
9ba9f18a6810a29f8813508c92f077cc,,,,,,,0.0,0.0,0.0,,,,False,0.0,,,Caecibacterium,Lachnospiraceae,0,False
9ccfad1833dbe06085dda16682bdb9ef,,,,,,,0.0,0.0,0.0,,,,False,0.0,,,,,0,False
9eb9acee9f8012d509191f395cd33680,,,,,,,0.0,0.0,0.0,,,,False,0.0,,,,,0,False
AB058250.1.1257,,,,,,,0.0,0.0,0.0,,,,False,0.0,,,Synechococcus_CC9902,Cyanobiaceae,0,False
AF092548.1.1483,,,,,,,0.0,0.0,0.0,,,,False,0.0,,,Clostridium,Clostridiaceae,0,False
AF129443.1.1436,,,,,,,0.0,0.0,0.0,,,,False,0.0,,,Raoultella,Enterobacteriaceae,0,False
AJ876519.1.1235,,,,,,,0.0,0.0,0.0,,,,False,0.0,,,Helicobacter,Helicobacteraceae,0,False
AM406458.1.1481,,,,,,,0.0,0.0,0.0,,,,False,0.0,,,,Oscillospiraceae,0,False
APON01000042.130541.131744,,,,,,,0.0,0.0,0.0,,,,False,0.0,,,Acinetobacter,Moraxellaceae,0,False
AUAN01000035.1.1363,,,,,,,0.0,0.0,0.0,,,,False,0.0,,,Veillonella,Veillonellaceae,0,False
AY169416.1.1303,,,,,,,0.0,0.0,0.0,,,,False,0.0,,,Parabacteroides,Tannerellaceae,0,False
AY212778.1.1210,,,,,,,0.0,0.0,0.0,,,,False,0.0,,,UCG-005,Oscillospiraceae,0,False
AY860235.1.1422,,,,,,,0.0,0.0,0.0,,,,False,0.0,,,Cupriavidus,Burkholderiaceae,0,False
AY995250.1.1365,,,,,,,0.0,0.0,0.0,,,,False,0.0,,,Lactobacillus,Lactobacillaceae,0,False
DI249699.1.1228,,,,,,,0.0,0.0,0.0,,,,False,0.0,,,Exiguobacterium,Exiguobacteraceae,0,False
DQ057389.1.1363,,,,,,,0.0,0.0,0.0,,,,False,0.0,,,,Peptostreptococcaceae,0,False
DQ342328.1.1502,,,,,,,0.0,0.0,0.0,,,,False,0.0,,,Candidatus_Arthromitus,Clostridiaceae,0,False
DQ441256.1.1313,,,,,,,0.0,0.0,0.0,,,,False,0.0,,,Alistipes,Rikenellaceae,0,False
DQ456474.1.1446,,,,,,,0.0,0.0,0.0,,,,False,0.0,,,,Ruminococcaceae,0,False
DQ793870.1.1284,,,,,,,0.0,0.0,0.0,,,,False,0.0,,,,Ruminococcaceae,0,False
DQ794370.1.1390,,,,,,,0.0,0.0,0.0,,,,False,0.0,,,,Lachnospiraceae,0,False
DQ799850.1.1386,,,,,,,0.0,0.0,0.0,,,,False,0.0,,,Fournierella,Ruminococcaceae,0,False
EA273498.76.1346,,,,,,,0.0,0.0,0.0,,,,False,0.0,,,Caulobacter,Caulobacteraceae,0,False
EF071237.1.1250,,,,,,,0.0,0.0,0.0,,,,False,0.0,,,Phascolarctobacterium,Acidaminococcaceae,0,False
EF071253.1.1234,,,,,,,0.0,0.0,0.0,,,,False,0.0,,,Faecalibacterium,Ruminococcaceae,0,False
EF444719.1.1219,,,,,,,0.0,0.0,0.0,,,,False,0.0,,,Hydrogenophilus,Hydrogenophilaceae,0,False
EU132593.1.1277,,,,,,,0.0,0.0,0.0,,,,False,0.0,,,,,0,False
EU467577.1.1369,,,,,,,0.0,0.0,0.0,,,,False,0.0,,,Blautia,Lachnospiraceae,0,False
EU469931.1.1279,,,,,,,0.0,0.0,0.0,,,,False,0.0,,,Sarcina,Clostridiaceae,0,False
EU537172.1.1382,,,,,,,0.0,0.0,0.0,,,,False,0.0,,,,Comamonadaceae,0,False
EU600921.1.1486,,,,,,,0.0,0.0,0.0,,,,False,0.0,,,Limosilactobacillus,Lactobacillaceae,0,False
EU705816.1.1232,,,,,,,0.0,0.0,0.0,,,,False,0.0,,,Delftia,Comamonadaceae,0,False
EU766290.1.1374,,,,,,,0.0,0.0,0.0,,,,False,0.0,,,Bilophila,Desulfovibrionaceae,0,False
EU767216.1.1327,,,,,,,0.0,0.0,0.0,,,,False,0.0,,,Incertae_Sedis,Incertae_Sedis,0,False
EU773969.1.1385,,,,,,,0.0,0.0,0.0,,,,False,0.0,,,Mediterraneibacter,Lachnospiraceae,0,False
EU774765.1.1436,,,,,,,0.0,0.0,0.0,,,,False,0.0,,,Limosilactobacillus,Lactobacillaceae,0,False
EU774989.1.1390,,,,,,,0.0,0.0,0.0,,,,False,0.0,,,Pseudomonas,Pseudomonadaceae,0,False
EU775601.1.1268,,,,,,,0.0,0.0,0.0,,,,False,0.0,,,Epulopiscium,Lachnospiraceae,0,False
EU777245.1.1203,,,,,,,0.0,0.0,0.0,,,,False,0.0,,,Turicibacter,Erysipelotrichaceae,0,False
EU802571.1.1254,,,,,,,0.0,0.0,0.0,,,,False,0.0,,,Candidatus_Actinomarina,Actinomarinaceae,0,False
FJ367839.1.1353,,,,,,,0.0,0.0,0.0,,,,False,0.0,,,Thomasclavelia,Erysipelatoclostridiaceae,0,False
FJ503238.1.1390,,,,,,,0.0,0.0,0.0,,,,False,0.0,,,Barnesiella,Barnesiellaceae,0,False
FJ545463.1.1526,,,,,,,0.0,0.0,0.0,,,,False,0.0,,,Seongchinamella,Halieaceae,0,False
FJ975910.1.1372,,,,,,,0.0,0.0,0.0,,,,False,0.0,,,Ligilactobacillus,Lactobacillaceae,0,False
FN667181.1.1433,,,,,,,0.0,0.0,0.0,,,,False,0.0,,,,Clostridiaceae,0,False
GFIM01005958.9.1236,,,,,,,0.0,0.0,0.0,,,,False,0.0,,,Cutibacterium,Propionibacteriaceae,0,False
GQ175468.1.1444,,,,,,,0.0,0.0,0.0,,,,False,0.0,,,,Gastranaerophilaceae,0,False
GU066861.1.1272,,,,,,,0.0,0.0,0.0,,,,False,0.0,,,Klebsiella,Enterobacteriaceae,0,False
GU179520.1.1380,,,,,,,0.0,0.0,0.0,,,,False,0.0,,,Shewanella,Shewanellaceae,0,False
HE616180.1.1444,,,,,,,0.0,0.0,0.0,,,,False,0.0,,,Mycobacterium,Mycobacteriaceae,0,False
HM057714.1.1504,,,,,,,0.0,0.0,0.0,,,,False,0.0,,,Ascidiaceihabitans,Paracoccaceae,0,False
HM355725.1.1231,,,,,,,0.0,0.0,0.0,,,,False,0.0,,,Stenotrophomonas,Lysobacteraceae,0,False
HQ717226.1.1310,,,,,,,0.0,0.0,0.0,,,,False,0.0,,,Streptococcus,Streptococcaceae,0,False
HQ741563.1.1403,,,,,,,0.0,0.0,0.0,,,,False,0.0,,,Clostridium,Clostridiaceae,0,False
HQ772504.1.1405,,,,,,,0.0,0.0,0.0,,,,False,0.0,,,,Fusobacteriaceae,0,False
HQ780723.1.1445,,,,,,,0.0,0.0,0.0,,,,False,0.0,,,Incertae_Sedis,Prevotellaceae,0,False
HQ800862.1.1308,,,,,,,0.0,0.0,0.0,,,,False,0.0,,,Bacteroides,Bacteroidaceae,0,False
HQ810027.1.1241,,,,,,,0.0,0.0,0.0,,,,False,0.0,,,Streptococcus,Streptococcaceae,0,False
JF145649.1.1306,,,,,,,0.0,0.0,0.0,,,,False,0.0,,,,Sphingomonadaceae,0,False
JN594631.1.1392,,,,,,,0.0,0.0,0.0,,,,False,0.0,,,,Alteromonadaceae,0,False
JQ014317.1.1286,,,,,,,0.0,0.0,0.0,,,,False,0.0,,,,Intrasporangiaceae,0,False
JQ196333.1.1311,,,,,,,0.0,0.0,0.0,,,,False,0.0,,,,SAR116_clade,0,False
JQ207409.1.1329,,,,,,,0.0,0.0,0.0,,,,False,0.0,,,Fusobacterium,Fusobacteriaceae,0,False
JQ248093.1.1509,,,,,,,0.0,0.0,0.0,,,,False,0.0,,,Pygmaiobacter,Ruminococcaceae,0,False
JQ248113.1.1510,,,,,,,0.0,0.0,0.0,,,,False,0.0,,,Intestinimonas,Oscillospiraceae,0,False
JQ855544.1.1247,,,,,,,0.0,0.0,0.0,,,,False,0.0,,,Lactobacillus,Lactobacillaceae,0,False
JQ855614.1.1252,,,,,,,0.0,0.0,0.0,,,,False,0.0,,,Corynebacterium,Corynebacteriaceae,0,False
JQ977262.1.1457,,,,,,,0.0,0.0,0.0,,,,False,0.0,,,Psychrobacillus,Planococcaceae,0,False
JX095969.1.1221,,,,,,,0.0,0.0,0.0,,,,False,0.0,,,Romboutsia,Peptostreptococcaceae,0,False
JX227053.1.1493,,,,,,,0.0,0.0,0.0,,,,False,0.0,,,Ralstonia,Burkholderiaceae,0,False
KC002024.1.1313,,,,,,,0.0,0.0,0.0,,,,False,0.0,,,Prochlorococcus_MIT9313,Cyanobiaceae,0,False
KC108996.1.1244,,,,,,,0.0,0.0,0.0,,,,False,0.0,,,,Yersiniaceae,0,False
KC294021.1.1310,,,,,,,0.0,0.0,0.0,,,,False,0.0,,,,Rhizobiaceae,0,False
KC836753.1.1477,,,,,,,0.0,0.0,0.0,,,,False,0.0,,,Dechloromonas,Rhodocyclaceae,0,False
KF003417.1.1415,,,,,,,0.0,0.0,0.0,,,,False,0.0,,,,Erwiniaceae,0,False
KF086785.1.1341,,,,,,,0.0,0.0,0.0,,,,False,0.0,,,Lawsonella,Corynebacteriaceae,0,False
KF580866.1.1360,,,,,,,0.0,0.0,0.0,,,,False,0.0,,,Shinella,Rhizobiaceae,0,False
KJ569212.1.1385,,,,,,,0.0,0.0,0.0,,,,False,0.0,,,Methylobacterium,Beijerinckiaceae,0,False
KJ959624.1.1501,,,,,,,0.0,0.0,0.0,,,,False,0.0,,,Aquabacterium,Comamonadaceae,0,False
KP214597.3.1209,,,,,,,0.0,0.0,0.0,,,,False,0.0,,,Agrobacterium,Rhizobiaceae,0,False
KP337928.1.1234,,,,,,,0.0,0.0,0.0,,,,False,0.0,,,,Enterobacteriaceae,0,False
KP896654.1.1291,,,,,,,0.0,0.0,0.0,,,,False,0.0,,,Sulfurovum,Sulfurovaceae,0,False
KT026457.1.1220,,,,,,,0.0,0.0,0.0,,,,False,0.0,,,,,0,False
KT380570.1.1379,,,,,,,0.0,0.0,0.0,,,,False,0.0,,,Brucella,Rhizobiaceae,0,False
KT767906.1.1422,,,,,,,0.0,0.0,0.0,,,,False,0.0,,,Hafnia-Obesumbacterium,Hafniaceae,0,False
KT828543.1.1200,,,,,,,0.0,0.0,0.0,,,,False,0.0,,,Pseudoalteromonas,Pseudoalteromonadaceae,0,False
KU053645.1.1448,,,,,,,0.0,0.0,0.0,,,,False,0.0,,,Sphingomonas,Sphingomonadaceae,0,False
KU361226.1.1200,,,,,,,0.0,0.0,0.0,,,,False,0.0,,,Bacillus,Bacillaceae,0,False
KX014141.1.1442,,,,,,,0.0,0.0,0.0,,,,False,0.0,,,Cyanobium_PCC-6307,Cyanobiaceae,0,False
KX212255.1.1200,,,,,,,0.0,0.0,0.0,,,,False,0.0,,,Serratia,Yersiniaceae,0,False
KX212257.1.1200,,,,,,,0.0,0.0,0.0,,,,False,0.0,,,,Enterobacteriaceae,0,False
KX225278.1.1221,,,,,,,0.0,0.0,0.0,,,,False,0.0,,,Aeromonas,Aeromonadaceae,0,False
KX508703.1.1428,,,,,,,0.0,0.0,0.0,,,,False,0.0,,,Rubellimicrobium,Paracoccaceae,0,False
KY795327.1.1204,,,,,,,0.0,0.0,0.0,,,,False,0.0,,,Enterococcus,Enterococcaceae,0,False
KY963445.1.1230,,,,,,,0.0,0.0,0.0,,,,False,0.0,,,Brochothrix,Listeriaceae,0,False
LC190799.1.1211,,,,,,,0.0,0.0,0.0,,,,False,0.0,,,Rothia,Micrococcaceae,0,False
LN680489.1.1289,,,,,,,0.0,0.0,0.0,,,,False,0.0,,,Phyllobacterium,Rhizobiaceae,0,False
LT635479.2887212.2888725,,,,,,,0.0,0.0,0.0,,,,False,0.0,,,Sellimonas,Lachnospiraceae,0,False
LWUD01000045.4.1337,,,,,,,0.0,0.0,0.0,,,,False,0.0,,,Ligilactobacillus,Lactobacillaceae,0,False
MF498280.1.1204,,,,,,,0.0,0.0,0.0,,,,False,0.0,,,,Cyanobiaceae,0,False
MG561907.1.1276,,,,,,,0.0,0.0,0.0,,,,False,0.0,,,Paenibacillus,Paenibacillaceae,0,False
MG572015.1.1234,,,,,,,0.0,0.0,0.0,,,,False,0.0,,,Pseudochrobactrum,Rhizobiaceae,0,False
MG755760.1.1200,,,,,,,0.0,0.0,0.0,,,,False,0.0,,,Peribacillus,Bacillaceae,0,False
MH447042.1.1230,,,,,,,0.0,0.0,0.0,,,,False,0.0,,,Staphylococcus,Staphylococcaceae,0,False
MH718771.1.1217,,,,,,,0.0,0.0,0.0,,,,False,0.0,,,Rhodococcus,Nocardiaceae,0,False
Y18355.1.1409,,,,,,,0.0,0.0,0.0,,,,False,0.0,,,,,0,False
a13d2ac851c652f379103eb69ff1bc14,,,,,,,0.0,0.0,0.0,,,,False,0.0,,,Bacteroides,Bacteroidaceae,0,False
a3619e4bd3465b6a2aa9638acd081cd2,,,,,,,0.0,0.0,0.0,,,,False,0.0,,,,Rhizobiaceae,0,False
a50e8f12c186085277959f55303ef905,,,,,,,0.0,0.0,0.0,,,,False,0.0,,,Faecalibacterium,Ruminococcaceae,0,False
a6eadb2d1940643ea760afffa030334d,,,,,,,0.0,0.0,0.0,,,,False,0.0,,,Stenotrophomonas,Lysobacteraceae,0,False
a9f73cd1c850d7f999159ba5feabd9d6,,,,,,,0.0,0.0,0.0,,,,False,0.0,,,,Mycoplasmataceae,0,False
acc07901cb94b7ff01d72de31d9c9e9b,,,,,,,0.0,0.0,0.0,,,,False,0.0,,,Helicobacter,Helicobacteraceae,0,False
adc4c72e3b695adcbeb1d03eb1f48da5,,,,,,,0.0,0.0,0.0,,,,False,0.0,,,Fusibacter,Fusibacteraceae,0,False
af35970d0e82e7e56bc4c9a97b1aa275,,,,,,,0.0,0.0,0.0,,,,False,0.0,,,Campylobacter,Campylobacteraceae,0,False
b81519f9ff85d250b3ff11b93ec54bc8,,,,,,,0.0,0.0,0.0,,,,False,0.0,,,Incertae_Sedis,Incertae_Sedis,0,False
be8b0bae43af1dafd779699064f27bec,,,,,,,0.0,0.0,0.0,,,,False,0.0,,,Neorickettsia,Anaplasmataceae,0,False
bf0a5e99cb2470e070686ca4a5cd102d,,,,,,,0.0,0.0,0.0,,,,False,0.0,,,Streptococcus,Streptococcaceae,0,False
c3a9c5579756dc8a0872e12edba0ef72,,,,,,,0.0,0.0,0.0,,,,False,0.0,,,Incertae_Sedis,Leptotrichiaceae,0,False
c40986076d659ca56d66bdbbe8fc06f2,,,,,,,0.0,0.0,0.0,,,,False,0.0,,,Peptoclostridium,Peptostreptococcaceae,0,False
c465f577ff4ace3e12a8479197bd7198,,,,,,,0.0,0.0,0.0,,,,False,0.0,,,Porphyromonas,Porphyromonadaceae,0,False
c4abcba67bae771e7b6acab924c3a033,,,,,,,0.0,0.0,0.0,,,,False,0.0,,,Thomasclavelia,Erysipelatoclostridiaceae,0,False
c51976b33e301cd0c39ff6780038cb3d,,,,,,,0.0,0.0,0.0,,,,False,0.0,,,,Comamonadaceae,0,False
ca53da738ef5a0dbe50fe54061231539,,,,,,,0.0,0.0,0.0,,,,False,0.0,,,,Oscillospiraceae,0,False
cafeeea8a015957c63e8db16e70ed374,,,,,,,0.0,0.0,0.0,,,,False,0.0,,,,Lachnospiraceae,0,False
cb3f260d74cc20477ad7bf268894361e,,,,,,,0.0,0.0,0.0,,,,False,0.0,,,Halomonas,Halomonadaceae,0,False
cc71afec2b00c234459733299a21d5f5,,,,,,,0.0,0.0,0.0,,,,False,0.0,,,,,0,False
d27439ff64e05809b9e00cfa519cdcac,,,,,,,0.0,0.0,0.0,,,,False,0.0,,,,Leptotrichiaceae,0,False
d2ef7dbb878e42f09d78a90e19f54bf6,,,,,,,0.0,0.0,0.0,,,,False,0.0,,,Incertae_Sedis,Incertae_Sedis,0,False
d74cd6582859d0be37e097cbfddc31d1,,,,,,,0.0,0.0,0.0,,,,False,0.0,,,Colidextribacter,Oscillospiraceae,0,False
da6858e27b2e7bb754853591e2b46704,,,,,,,0.0,0.0,0.0,,,,False,0.0,,,Gemella,Gemellaceae,0,False
da6b37f3a4a6331d6ee5af6f86f9df0a,,,,,,,0.0,0.0,0.0,,,,False,0.0,,,Brevundimonas,Caulobacteraceae,0,False
da821e0a5e2bb6359d37fc6ddafd82c1,,,,,,,0.0,0.0,0.0,,,,False,0.0,,,Rothia,Micrococcaceae,0,False
e56acb09bca8725f6d206127a3189941,,,,,,,0.0,0.0,0.0,,,,False,0.0,,,,,0,False
e56b0756bf4106b0b7f14fa46e828c2a,,,,,,,0.0,0.0,0.0,,,,False,0.0,,,,Veillonellaceae,0,False
e5eb02f3feb9b1b80a85843d37566c6a,,,,,,,0.0,0.0,0.0,,,,False,0.0,,,Pedobacter,Sphingobacteriaceae,0,False
e616d0c9166d972025919a91afbfac62,,,,,,,0.0,0.0,0.0,,,,False,0.0,,,Peptococcus,Peptococcaceae,0,False
e9165b84ab328cc9b6c9240b83c34296,,,,,,,0.0,0.0,0.0,,,,False,0.0,,,Parvimonas,Family_XI,0,False
eb04e82f5de40a4c6ab43c4b470e4cba,,,,,,,0.0,0.0,0.0,,,,False,0.0,,,,,0,False
eb2a6f290f9640aa35652863ce0c2684,,,,,,,0.0,0.0,0.0,,,,False,0.0,,,Croceibacterium,Sphingomonadaceae,0,False
ed995199585e2404bfe5f588a06291fc,,,,,,,0.0,0.0,0.0,,,,False,0.0,,,Schaalia,Actinomycetaceae,0,False
ef4b9171648179be3a8fb9699fbb94bd,,,,,,,0.0,0.0,0.0,,,,False,0.0,,,Parabacteroides,Tannerellaceae,0,False
efb1124a7b972fc805d2cdd072bb7a09,,,,,,,0.0,0.0,0.0,,,,False,0.0,,,Incertae_Sedis,Ruminococcaceae,0,False
f21ed7dc4ea6acf7bd4cc247cf9d587a,,,,,,,0.0,0.0,0.0,,,,False,0.0,,,Fournierella,Ruminococcaceae,0,False
f52c8cce50655f4bc6b73387b9a7e1a5,,,,,,,0.0,0.0,0.0,,,,False,0.0,,,Catellicoccus,Catellicoccaceae,0,False
f8bb29a5251534049b2e1c111bc39f14,,,,,,,0.0,0.0,0.0,,,,False,0.0,,,Psittacicella,Pasteurellaceae,0,False
fc52caa7528d00b1f9ee139319dea276,,,,,,,0.0,0.0,0.0,,,,False,0.0,,,,,0,False
EF025214.1.1451,-1.482986906913763,0.1508194060103313,0.2922125991450169,0.9896813321069012,1.6184879619371877,Pos↓,-0.0001234567901234,0.0004619330107128,0.0666666666666666,,,,False,0.0,0.9374394625840812,False,Agathobaculum,Butyricicoccaceae,0,False
EF025230.1.1453,0.8255045845310713,0.4172666951467511,0.5431491477101991,-1.7330093638795911,-1.9409996872095063,Pos↑,-0.0001763668430335,0.0022668457161283,0.0666666666666666,0.0,0.0,0.015,False,0.0,0.0051440067920044,True,Intestinimonas,Oscillospiraceae,0,False
5d2356d8798c11abda797ab361d25f33,1.7991562147342148,0.0860624037316292,0.1905667511200361,-0.707412954506053,-1.5205096140137928,Pos↑,-0.0005643738977072,0.0167307540459758,0.1333333333333333,0.0,0.015,0.05,False,0.0,0.0418594844865656,True,Lactobacillus,Lactobacillaceae,0,False
HQ452859.1.1430,-0.7085482358936599,0.4833489255174995,0.5876006545506857,0.3868100986219895,0.6324486313259106,Pos↓,-0.000705467372134,0.0033290847573302,0.0666666666666666,,,,False,0.0,0.076743811577827,False,,Erysipelotrichaceae,0,False
KP966092.1.1345,-1.685231593853862,0.1000593664234838,0.2023396831611571,1.343157498453111,1.7414203458689423,Pos↓,-0.000758377425044,0.0037758983694071,0.0666666666666666,,,,False,0.0,0.2149681469605119,False,Sellimonas,Lachnospiraceae,0,False
KU363872.1.1413,-1.1984351835984643,0.2458923010372652,0.4079781326642614,-1.3824173766805312,-0.8902415142670469,Pos↓,-0.0007760141093474,0.0167518237311365,0.1333333333333333,0.0,0.13,0.23,False,0.0,0.040315489954249,True,Macrococcus,Staphylococcaceae,0,False
FJ981654.1.1204,0.9689171918027174,0.3433766039125421,0.5322337360644402,-0.5495362523420716,-0.9505468236892244,Pos↑,-0.0008289241622574,0.0185683046224334,0.2,0.0,0.0,0.045,False,0.0,0.2984214487966969,False,Staphylococcus,Staphylococcaceae,0,False
GQ175371.1.1438,-1.2031670385561928,0.2447336995976739,0.4079781326642614,-0.9537881388548448,-0.299498736098212,Pos↓,-0.0008465608465608,0.0021776841933604,0.0,0.0,0.015,0.195,False,0.0,0.1576106148105731,False,,Oscillospiraceae,0,False
f980a909308141ab17d7502f6c96d0ed,1.411260951428978,0.1737417515763647,0.3243843030824669,-0.8455713656146047,-1.3294768244278252,Pos↑,-0.0010229276895943,0.003245629134158,0.0,0.0,0.165,0.365,False,0.0,0.945918022528524,False,Monoglobus,Monoglobaceae,0,False
eef61fa20a609e0b0edda48cdc9db43d,-0.9040065021650688,0.3777868787413556,0.5431491477101991,-1.2052712403731527,-0.8845936784377908,Pos↓,-0.0013051146384479,0.0155022743051871,0.1333333333333333,0.0,0.045,0.19,False,0.0,0.2121696318432309,False,Tyzzerella,Lachnospiraceae,0,False
DQ808123.1.1242,0.3932988749897509,0.6981492705291212,0.7462974960828537,-1.2826224625796083,-1.426933518391882,Pos↑,-0.0015520282186948,0.0094642792951549,0.0666666666666666,0.0,0.0,0.035,False,0.0,0.0689276069673405,False,Ruthenibacterium,Ruminococcaceae,0,False
1978fc46fbfd9b795e153be14136a976,-1.1803940331543965,0.2500511135684183,0.4079781326642614,-0.4737811350300885,-0.0678245842239891,Pos↓,-0.0020458553791887,0.0155170150481364,0.0666666666666666,0.0,0.01,0.045,False,0.0,0.0465501032046043,True,CHKCI001,Lachnospiraceae,0,False
6a90057b6e7a186c4d4e8974cd089f3f,-0.9019054562535088,0.3754973348797744,0.5431491477101991,0.2192263394957992,0.5925857654315906,Pos↓,-0.002063492063492,0.0077208803219144,0.0,0.0,0.0,0.025,False,0.0,0.7695126704402762,False,Enterocloster,Lachnospiraceae,0,False
FJ382054.1.1201,-0.6909213831764646,0.4948419929477538,0.5900039146684757,2.758514476461016,3.312591887655872,Pos↓,-0.0022574955908289,0.0058071578489613,0.0,,,,False,0.0,0.2679111778327095,False,Romboutsia,Peptostreptococcaceae,0,False
DQ057398.1.1389,-1.4034212610474557,0.1778881662065141,0.3243843030824669,-0.070999078054259,0.6607186674908424,Pos↓,-0.0022927689594356,0.0118443171228559,0.0666666666666666,0.0,0.01,0.02,False,0.0,0.1225764180253478,False,Shuttleworthia,Lachnospiraceae,0,False
HQ807248.1.1298,-0.2696398944093897,0.7896386321437336,0.8158932917479624,-0.9061435142435744,-0.8337744200662531,Pos↓,-0.0023456790123456,0.0059898812201028,0.0,0.0,0.005,0.03,False,0.0,0.299426569921525,False,DTU089,Ruminococcaceae,0,False
DQ794427.1.1242,-0.8388792338035435,0.4101623244736103,0.5431491477101991,0.2172181972519632,0.526287620476127,Pos↓,-0.0025573192239858,0.0087521323947817,0.1333333333333333,,,,False,0.0,0.1225764180253478,False,Oscillibacter,Oscillospiraceae,0,False
DQ793739.1.1403,-0.3051851023601462,0.7622551514465696,0.8010138879608021,0.7202695071223725,0.8243224031280432,Pos↓,-0.0026984126984126,0.007002141269877,0.0,,,,False,0.0,0.0159384580906474,True,Merdibacter,Erysipelotrichaceae,0,False
DQ793705.1.1389,-2.293438507063104,0.0275943330818236,0.0743847239596983,1.150099135498315,1.7940569198045866,Pos↓,-0.0028042328042328,0.0081280817527441,0.0666666666666666,,,,False,0.0,0.1380528983733099,False,Acutalibacter,Ruminococcaceae,0,False
EU451487.1.1331,-0.5176051731257385,0.6107459577423365,0.7012268403708308,-0.6659338633232403,-0.4742095568797359,Pos↓,-0.0031040564373897,0.0127125386842259,0.0666666666666666,0.0,0.0,0.02,False,0.0,0.304191791996744,False,Anaerotruncus,Ruminococcaceae,0,False
DQ806077.1.1402,-0.8431125626058865,0.4084196514365875,0.5431491477101991,0.6576987952135374,0.9578278872483588,Pos↓,-0.0032275132275132,0.007321369822075,0.0,,,,False,0.0,0.6021639641511638,False,Colidextribacter,Oscillospiraceae,0,False
DQ455825.1.1446,-0.460821295560152,0.6495198817167944,0.7309435754830172,-0.2550758578467266,-0.0836845252322201,Pos↓,-0.0038977072310405,0.0104508925605275,0.0,0.0,0.005,0.05,False,0.0,0.5199782858990365,False,ASF356,Lachnospiraceae,0,False
GQ175397.1.1443,0.2528477485834783,0.8027337225262211,0.8158932917479624,1.1529864151538762,1.0653827903169777,Pos↑,-0.0039858906525573,0.0094601372777104,0.0,0.0,0.0,0.01,False,0.0,0.1375990733029554,False,Incertae_Sedis,[Eubacterium]_coprostanoligenes_group,0,False
FJ367509.1.1357,-0.1590848964990869,0.8756759959442881,0.8756759959442881,0.0193121869123348,0.1000107537630238,Pos↓,-0.0043033509700176,0.0142417072089479,0.0,0.0,0.105,0.225,False,0.0,0.9436987690933308,False,Anaerobutyricum,Lachnospiraceae,0,False
FJVJ01000015.3438.4940,2.0406894169968752,0.0549505295130207,0.1362773131922915,-1.5637562263107023,-2.0841344826491226,Pos↑,-0.0048148148148148,0.0126469415399732,0.0,0.01,0.035,0.045,False,0.01,0.2671752805362735,False,,,0,False
DQ326634.1.1352,0.979195914116185,0.3355930669650763,0.5322337360644402,1.2440389019771412,0.7708148140769405,Pos↑,-0.0051499118165784,0.0161304424287858,0.0,0.0,0.0,0.005,False,0.0,0.670514199498025,False,Thomasclavelia,Erysipelatoclostridiaceae,0,False
GQ491803.1.1365,1.8758787568266475,0.0702268832269209,0.1674641061565037,-0.2596298659245281,-0.9309795256558384,Pos↑,-0.0057671957671957,0.0131880186401229,0.0,0.0,0.01,0.045,False,0.0,0.0465501032046043,True,[Clostridium]_innocuum_group,Erysipelotrichaceae,0,False
MH843493.1.1214,0.7355699896015597,0.4717284420720146,0.5863049731706705,-1.3281893470042732,-1.635779192894147,Pos↑,-0.0063139329805996,0.0139502270863631,0.0,0.0,0.01,0.04,False,0.0,0.027628501932447,True,,Microbacteriaceae,0,False
HQ802642.1.1374,1.7872081491292426,0.0859360930907549,0.1905667511200361,-0.4283010103637878,-1.569436108355661,Pos↑,-0.0094179894179894,0.0301599368550942,0.0666666666666666,0.0,0.0,0.01,False,0.0,0.1417651702648568,False,Epulopiscium,Lachnospiraceae,0,False
FAGH01000127.1.1295,2.5138925823776908,0.0200509140711313,0.0591979367814355,-0.8715897564609616,-1.901705408458277,Pos↑,-0.0103880070546737,0.0315338983346649,0.0,0.09,0.155,0.18,False,0.09,0.5199782858990365,False,Clostridioides,Peptostreptococcaceae,0,False
